<?xml version="1.0" encoding="UTF-8"?>
<kml xmlns="http://www.opengis.net/kml/2.2" xmlns:gx="http://www.google.com/kml/ext/2.2" xmlns:kml="http://www.opengis.net/kml/2.2" xmlns:atom="http://www.w3.org/2005/Atom">
<Document>
	<name>FKA.shp</name>
	<open>1</open>
	<atom:link rel="app" href="https://www.google.com/earth/about/versions/#earth-pro" title="Google Earth Pro 7.3.7.1155"></atom:link>
	<Schema name="FKA" id="S_FKA_DSSSSDDSD">
		<SimpleField type="double" name="id_0">
			<displayName>&lt;b&gt;id_0&lt;/b&gt;</displayName>
		</SimpleField>
		<SimpleField type="string" name="chave">
			<displayName>&lt;b&gt;chave&lt;/b&gt;</displayName>
		</SimpleField>
		<SimpleField type="string" name="fundo">
			<displayName>&lt;b&gt;fundo&lt;/b&gt;</displayName>
		</SimpleField>
		<SimpleField type="string" name="descricao">
			<displayName>&lt;b&gt;descricao&lt;/b&gt;</displayName>
		</SimpleField>
		<SimpleField type="string" name="regiao">
			<displayName>&lt;b&gt;regiao&lt;/b&gt;</displayName>
		</SimpleField>
		<SimpleField type="double" name="area_quadr">
			<displayName>&lt;b&gt;area_quadr&lt;/b&gt;</displayName>
		</SimpleField>
		<SimpleField type="double" name="area_parci">
			<displayName>&lt;b&gt;area_parci&lt;/b&gt;</displayName>
		</SimpleField>
		<SimpleField type="string" name="quadra">
			<displayName>&lt;b&gt;quadra&lt;/b&gt;</displayName>
		</SimpleField>
		<SimpleField type="double" name="quadra_int">
			<displayName>&lt;b&gt;quadra_int&lt;/b&gt;</displayName>
		</SimpleField>
	</Schema>
	<Style id="falseColor">
		<IconStyle>
			<colorMode>random</colorMode>
		</IconStyle>
		<BalloonStyle>
			<text><![CDATA[<table border="0">
  <tr><td><b>id_0</b></td><td>$[FKA/id_0]</td></tr>
  <tr><td><b>chave</b></td><td>$[FKA/chave]</td></tr>
  <tr><td><b>fundo</b></td><td>$[FKA/fundo]</td></tr>
  <tr><td><b>descricao</b></td><td>$[FKA/descricao]</td></tr>
  <tr><td><b>regiao</b></td><td>$[FKA/regiao]</td></tr>
  <tr><td><b>area_quadr</b></td><td>$[FKA/area_quadr]</td></tr>
  <tr><td><b>area_parci</b></td><td>$[FKA/area_parci]</td></tr>
  <tr><td><b>quadra</b></td><td>$[FKA/quadra]</td></tr>
  <tr><td><b>quadra_int</b></td><td>$[FKA/quadra_int]</td></tr>
</table>]]></text>
		</BalloonStyle>
		<LineStyle>
			<colorMode>random</colorMode>
		</LineStyle>
		<PolyStyle>
			<colorMode>random</colorMode>
		</PolyStyle>
	</Style>
	<Style id="falseColor0">
		<IconStyle>
			<colorMode>random</colorMode>
		</IconStyle>
		<BalloonStyle>
			<text><![CDATA[<table border="0">
  <tr><td><b>id_0</b></td><td>$[FKA/id_0]</td></tr>
  <tr><td><b>chave</b></td><td>$[FKA/chave]</td></tr>
  <tr><td><b>fundo</b></td><td>$[FKA/fundo]</td></tr>
  <tr><td><b>descricao</b></td><td>$[FKA/descricao]</td></tr>
  <tr><td><b>regiao</b></td><td>$[FKA/regiao]</td></tr>
  <tr><td><b>area_quadr</b></td><td>$[FKA/area_quadr]</td></tr>
  <tr><td><b>area_parci</b></td><td>$[FKA/area_parci]</td></tr>
  <tr><td><b>quadra</b></td><td>$[FKA/quadra]</td></tr>
  <tr><td><b>quadra_int</b></td><td>$[FKA/quadra_int]</td></tr>
</table>]]></text>
		</BalloonStyle>
		<LineStyle>
			<colorMode>random</colorMode>
		</LineStyle>
		<PolyStyle>
			<colorMode>random</colorMode>
		</PolyStyle>
	</Style>
	<Style id="falseColor1">
		<IconStyle>
			<colorMode>random</colorMode>
		</IconStyle>
		<BalloonStyle>
			<text><![CDATA[<table border="0">
  <tr><td><b>id_0</b></td><td>$[FKA/id_0]</td></tr>
  <tr><td><b>chave</b></td><td>$[FKA/chave]</td></tr>
  <tr><td><b>fundo</b></td><td>$[FKA/fundo]</td></tr>
  <tr><td><b>descricao</b></td><td>$[FKA/descricao]</td></tr>
  <tr><td><b>regiao</b></td><td>$[FKA/regiao]</td></tr>
  <tr><td><b>area_quadr</b></td><td>$[FKA/area_quadr]</td></tr>
  <tr><td><b>area_parci</b></td><td>$[FKA/area_parci]</td></tr>
  <tr><td><b>quadra</b></td><td>$[FKA/quadra]</td></tr>
  <tr><td><b>quadra_int</b></td><td>$[FKA/quadra_int]</td></tr>
</table>]]></text>
		</BalloonStyle>
		<LineStyle>
			<colorMode>random</colorMode>
		</LineStyle>
		<PolyStyle>
			<colorMode>random</colorMode>
		</PolyStyle>
	</Style>
	<StyleMap id="falseColor10">
		<Pair>
			<key>normal</key>
			<styleUrl>#falseColor11</styleUrl>
		</Pair>
		<Pair>
			<key>highlight</key>
			<styleUrl>#falseColor5</styleUrl>
		</Pair>
	</StyleMap>
	<Style id="falseColor11">
		<IconStyle>
			<colorMode>random</colorMode>
		</IconStyle>
		<BalloonStyle>
			<text><![CDATA[<table border="0">
  <tr><td><b>id_0</b></td><td>$[FKA/id_0]</td></tr>
  <tr><td><b>chave</b></td><td>$[FKA/chave]</td></tr>
  <tr><td><b>fundo</b></td><td>$[FKA/fundo]</td></tr>
  <tr><td><b>descricao</b></td><td>$[FKA/descricao]</td></tr>
  <tr><td><b>regiao</b></td><td>$[FKA/regiao]</td></tr>
  <tr><td><b>area_quadr</b></td><td>$[FKA/area_quadr]</td></tr>
  <tr><td><b>area_parci</b></td><td>$[FKA/area_parci]</td></tr>
  <tr><td><b>quadra</b></td><td>$[FKA/quadra]</td></tr>
  <tr><td><b>quadra_int</b></td><td>$[FKA/quadra_int]</td></tr>
</table>]]></text>
		</BalloonStyle>
		<LineStyle>
			<colorMode>random</colorMode>
		</LineStyle>
		<PolyStyle>
			<colorMode>random</colorMode>
		</PolyStyle>
	</Style>
	<StyleMap id="falseColor2">
		<Pair>
			<key>normal</key>
			<styleUrl>#falseColor6</styleUrl>
		</Pair>
		<Pair>
			<key>highlight</key>
			<styleUrl>#falseColor</styleUrl>
		</Pair>
	</StyleMap>
	<Style id="falseColor3">
		<IconStyle>
			<colorMode>random</colorMode>
		</IconStyle>
		<BalloonStyle>
			<text><![CDATA[<table border="0">
  <tr><td><b>id_0</b></td><td>$[FKA/id_0]</td></tr>
  <tr><td><b>chave</b></td><td>$[FKA/chave]</td></tr>
  <tr><td><b>fundo</b></td><td>$[FKA/fundo]</td></tr>
  <tr><td><b>descricao</b></td><td>$[FKA/descricao]</td></tr>
  <tr><td><b>regiao</b></td><td>$[FKA/regiao]</td></tr>
  <tr><td><b>area_quadr</b></td><td>$[FKA/area_quadr]</td></tr>
  <tr><td><b>area_parci</b></td><td>$[FKA/area_parci]</td></tr>
  <tr><td><b>quadra</b></td><td>$[FKA/quadra]</td></tr>
  <tr><td><b>quadra_int</b></td><td>$[FKA/quadra_int]</td></tr>
</table>]]></text>
		</BalloonStyle>
		<LineStyle>
			<colorMode>random</colorMode>
		</LineStyle>
		<PolyStyle>
			<colorMode>random</colorMode>
		</PolyStyle>
	</Style>
	<Style id="falseColor4">
		<BalloonStyle>
			<text><![CDATA[<table border="0">
  <tr><td><b>id_0</b></td><td>$[FKA/id_0]</td></tr>
  <tr><td><b>chave</b></td><td>$[FKA/chave]</td></tr>
  <tr><td><b>fundo</b></td><td>$[FKA/fundo]</td></tr>
  <tr><td><b>descricao</b></td><td>$[FKA/descricao]</td></tr>
  <tr><td><b>regiao</b></td><td>$[FKA/regiao]</td></tr>
  <tr><td><b>area_quadr</b></td><td>$[FKA/area_quadr]</td></tr>
  <tr><td><b>area_parci</b></td><td>$[FKA/area_parci]</td></tr>
  <tr><td><b>quadra</b></td><td>$[FKA/quadra]</td></tr>
  <tr><td><b>quadra_int</b></td><td>$[FKA/quadra_int]</td></tr>
</table>]]></text>
		</BalloonStyle>
		<PolyStyle>
			<colorMode>random</colorMode>
		</PolyStyle>
	</Style>
	<Style id="falseColor5">
		<IconStyle>
			<colorMode>random</colorMode>
		</IconStyle>
		<BalloonStyle>
			<text><![CDATA[<table border="0">
  <tr><td><b>id_0</b></td><td>$[FKA/id_0]</td></tr>
  <tr><td><b>chave</b></td><td>$[FKA/chave]</td></tr>
  <tr><td><b>fundo</b></td><td>$[FKA/fundo]</td></tr>
  <tr><td><b>descricao</b></td><td>$[FKA/descricao]</td></tr>
  <tr><td><b>regiao</b></td><td>$[FKA/regiao]</td></tr>
  <tr><td><b>area_quadr</b></td><td>$[FKA/area_quadr]</td></tr>
  <tr><td><b>area_parci</b></td><td>$[FKA/area_parci]</td></tr>
  <tr><td><b>quadra</b></td><td>$[FKA/quadra]</td></tr>
  <tr><td><b>quadra_int</b></td><td>$[FKA/quadra_int]</td></tr>
</table>]]></text>
		</BalloonStyle>
		<LineStyle>
			<colorMode>random</colorMode>
		</LineStyle>
		<PolyStyle>
			<colorMode>random</colorMode>
		</PolyStyle>
	</Style>
	<Style id="falseColor6">
		<IconStyle>
			<colorMode>random</colorMode>
		</IconStyle>
		<BalloonStyle>
			<text><![CDATA[<table border="0">
  <tr><td><b>id_0</b></td><td>$[FKA/id_0]</td></tr>
  <tr><td><b>chave</b></td><td>$[FKA/chave]</td></tr>
  <tr><td><b>fundo</b></td><td>$[FKA/fundo]</td></tr>
  <tr><td><b>descricao</b></td><td>$[FKA/descricao]</td></tr>
  <tr><td><b>regiao</b></td><td>$[FKA/regiao]</td></tr>
  <tr><td><b>area_quadr</b></td><td>$[FKA/area_quadr]</td></tr>
  <tr><td><b>area_parci</b></td><td>$[FKA/area_parci]</td></tr>
  <tr><td><b>quadra</b></td><td>$[FKA/quadra]</td></tr>
  <tr><td><b>quadra_int</b></td><td>$[FKA/quadra_int]</td></tr>
</table>]]></text>
		</BalloonStyle>
		<LineStyle>
			<colorMode>random</colorMode>
		</LineStyle>
		<PolyStyle>
			<colorMode>random</colorMode>
		</PolyStyle>
	</Style>
	<StyleMap id="falseColor7">
		<Pair>
			<key>normal</key>
			<styleUrl>#falseColor1</styleUrl>
		</Pair>
		<Pair>
			<key>highlight</key>
			<styleUrl>#falseColor8</styleUrl>
		</Pair>
	</StyleMap>
	<Style id="falseColor8">
		<IconStyle>
			<colorMode>random</colorMode>
		</IconStyle>
		<BalloonStyle>
			<text><![CDATA[<table border="0">
  <tr><td><b>id_0</b></td><td>$[FKA/id_0]</td></tr>
  <tr><td><b>chave</b></td><td>$[FKA/chave]</td></tr>
  <tr><td><b>fundo</b></td><td>$[FKA/fundo]</td></tr>
  <tr><td><b>descricao</b></td><td>$[FKA/descricao]</td></tr>
  <tr><td><b>regiao</b></td><td>$[FKA/regiao]</td></tr>
  <tr><td><b>area_quadr</b></td><td>$[FKA/area_quadr]</td></tr>
  <tr><td><b>area_parci</b></td><td>$[FKA/area_parci]</td></tr>
  <tr><td><b>quadra</b></td><td>$[FKA/quadra]</td></tr>
  <tr><td><b>quadra_int</b></td><td>$[FKA/quadra_int]</td></tr>
</table>]]></text>
		</BalloonStyle>
		<LineStyle>
			<colorMode>random</colorMode>
		</LineStyle>
		<PolyStyle>
			<colorMode>random</colorMode>
		</PolyStyle>
	</Style>
	<StyleMap id="falseColor9">
		<Pair>
			<key>normal</key>
			<styleUrl>#falseColor3</styleUrl>
		</Pair>
		<Pair>
			<key>highlight</key>
			<styleUrl>#falseColor0</styleUrl>
		</Pair>
	</StyleMap>
	<Folder id="layer 0">
		<name>FKA</name>
		<Placemark>
			<name>2897</name>
			<styleUrl>#falseColor4</styleUrl>
			<Style id="inline">
				<IconStyle>
					<colorMode>random</colorMode>
				</IconStyle>
				<LineStyle>
					<colorMode>random</colorMode>
				</LineStyle>
				<PolyStyle>
					<colorMode>random</colorMode>
				</PolyStyle>
			</Style>
			<ExtendedData>
				<SchemaData schemaUrl="#S_FKA_DSSSSDDSD">
					<SimpleData name="id_0">2897</SimpleData>
					<SimpleData name="chave">FKA_62</SimpleData>
					<SimpleData name="fundo">10835 - FAZENDA KALUNGA</SimpleData>
					<SimpleData name="descricao">FKA - FAZENDA KALUNGA</SimpleData>
					<SimpleData name="regiao">FKA</SimpleData>
					<SimpleData name="area_quadr">9.30561</SimpleData>
					<SimpleData name="area_parci">0.0561473</SimpleData>
					<SimpleData name="quadra">62</SimpleData>
					<SimpleData name="quadra_int">62</SimpleData>
				</SchemaData>
			</ExtendedData>
			<Polygon>
				<outerBoundaryIs>
					<LinearRing>
						<coordinates>
							-46.89201708133667,-22.45187189602717,0 -46.8918074028451,-22.45192735607793,0 -46.89166726243192,-22.4519548689346,0 -46.89163676361739,-22.45195838136137,0 -46.89163814054398,-22.4519097806634,0 -46.89165521322955,-22.45186730562262,0 -46.89170203749947,-22.45181627916384,0 -46.89176649941758,-22.45176441492084,0 -46.89185554008549,-22.45172298891172,0 -46.89202233970325,-22.45185921500041,0 -46.89201708133667,-22.45187189602717,0 
						</coordinates>
					</LinearRing>
				</outerBoundaryIs>
			</Polygon>
		</Placemark>
		<Placemark>
			<name>2898</name>
			<styleUrl>#falseColor4</styleUrl>
			<Style id="inline">
				<IconStyle>
					<colorMode>random</colorMode>
				</IconStyle>
				<LineStyle>
					<colorMode>random</colorMode>
				</LineStyle>
				<PolyStyle>
					<colorMode>random</colorMode>
				</PolyStyle>
			</Style>
			<ExtendedData>
				<SchemaData schemaUrl="#S_FKA_DSSSSDDSD">
					<SimpleData name="id_0">2898</SimpleData>
					<SimpleData name="chave">FKA_62</SimpleData>
					<SimpleData name="fundo">10835 - FAZENDA KALUNGA</SimpleData>
					<SimpleData name="descricao">FKA - FAZENDA KALUNGA</SimpleData>
					<SimpleData name="regiao">FKA</SimpleData>
					<SimpleData name="area_quadr">9.30561</SimpleData>
					<SimpleData name="area_parci">5.8222</SimpleData>
					<SimpleData name="quadra">62</SimpleData>
					<SimpleData name="quadra_int">62</SimpleData>
				</SchemaData>
			</ExtendedData>
			<Polygon>
				<outerBoundaryIs>
					<LinearRing>
						<coordinates>
							-46.89220486771956,-22.4518539195813,0 -46.89223177821069,-22.45178609038822,0 -46.89229353366003,-22.45173488865597,0 -46.89229517583482,-22.45170584486408,0 -46.89225997975651,-22.45166335182583,0 -46.89248427861805,-22.45163485135273,0 -46.89273322673983,-22.45157198913987,0 -46.89302642908995,-22.45146885635148,0 -46.89321971469633,-22.45140601552044,0 -46.89340218377126,-22.45134645624045,0 -46.89370755021908,-22.45123939371115,0 -46.89394468481165,-22.45115647738445,0 -46.89427499927752,-22.4510371325881,0 -46.89435956208988,-22.45101594879606,0 -46.8944536180561,-22.45099402252936,0 -46.89453560319726,-22.45098296439449,0 -46.89460748503625,-22.4509777035648,0 -46.89468222741464,-22.45098313555987,0 -46.89482300917077,-22.45100293519658,0 -46.8948932750902,-22.45102861062185,0 -46.89495624687572,-22.45106699103118,0 -46.89506057514397,-22.45115157725988,0 -46.89513986033122,-22.45124150530777,0 -46.89520503876371,-22.45134232545842,0 -46.89528366897298,-22.45153384685444,0 -46.89537382767134,-22.45177444821216,0 -46.89542241645418,-22.45190322569238,0 -46.89548538572098,-22.4520911451237,0 -46.89551873345744,-22.45224723320615,0 -46.89553556935905,-22.45238711012362,0 -46.89555500761629,-22.45256860029379,0 -46.89554855318638,-22.45269297666002,0 -46.89552695276817,-22.45280175679614,0 -46.89547864259734,-22.45289318365632,0 -46.89535595672544,-22.45305615261139,0 -46.89525420864054,-22.45316145750644,0 -46.8951269096726,-22.45328472956724,0 -46.89499023721137,-22.45341757614775,0 -46.89491532080928,-22.45344937348625,0 -46.89476504196445,-22.45348016300233,0 -46.89465640567182,-22.45347828400893,0 -46.89452914412755,-22.45345453980207,0 -46.89435024212566,-22.45337713865931,0 -46.89417405514292,-22.45329970542941,0 -46.89399574650037,-22.45321598722705,0 -46.89377071009277,-22.45314038893207,0 -46.89366073539333,-22.45308994045422,0 -46.89356749705838,-22.45302225933747,0 -46.89335873649498,-22.45284551457024,0 -46.89324600629767,-22.45274209683095,0 -46.8931146703384,-22.45256822892735,0 -46.89302266529268,-22.45239137554833,0 -46.89295009253191,-22.45224584250106,0 -46.89286108543488,-22.45208977576632,0 -46.89282099254388,-22.45203661386306,0 -46.89277421545248,-22.45199110197919,0 -46.89273248054258,-22.45196698383892,0 -46.89262941405722,-22.45192528708537,0 -46.89243670758386,-22.45188085590325,0 -46.8922449453866,-22.45185597341932,0 -46.89220486771956,-22.4518539195813,0 
						</coordinates>
					</LinearRing>
				</outerBoundaryIs>
			</Polygon>
		</Placemark>
		<Placemark>
			<name>2899</name>
			<styleUrl>#falseColor4</styleUrl>
			<Style id="inline">
				<IconStyle>
					<colorMode>random</colorMode>
				</IconStyle>
				<LineStyle>
					<colorMode>random</colorMode>
				</LineStyle>
				<PolyStyle>
					<colorMode>random</colorMode>
				</PolyStyle>
			</Style>
			<ExtendedData>
				<SchemaData schemaUrl="#S_FKA_DSSSSDDSD">
					<SimpleData name="id_0">2899</SimpleData>
					<SimpleData name="chave">FKA_62</SimpleData>
					<SimpleData name="fundo">10835 - FAZENDA KALUNGA</SimpleData>
					<SimpleData name="descricao">FKA - FAZENDA KALUNGA</SimpleData>
					<SimpleData name="regiao">FKA</SimpleData>
					<SimpleData name="area_quadr">9.30561</SimpleData>
					<SimpleData name="area_parci">1.73634</SimpleData>
					<SimpleData name="quadra">62</SimpleData>
					<SimpleData name="quadra_int">62</SimpleData>
				</SchemaData>
			</ExtendedData>
			<Polygon>
				<outerBoundaryIs>
					<LinearRing>
						<coordinates>
							-46.89422850498645,-22.45101243974102,0 -46.89417541080522,-22.45105155209299,0 -46.89404296041716,-22.45109538182104,0 -46.89382132463521,-22.45116991378342,0 -46.89346926533674,-22.45128761997428,0 -46.89304227240223,-22.45143586013165,0 -46.89280102167456,-22.45151566863427,0 -46.89256092249058,-22.45158032005053,0 -46.89246068892945,-22.45159726996607,0 -46.89236376320314,-22.45160787134288,0 -46.89223752487425,-22.45160935192348,0 -46.89216489755345,-22.4515597262351,0 -46.89214338054558,-22.45147479787825,0 -46.89207113056386,-22.45125291340662,0 -46.89201869151189,-22.4510402610959,0 -46.89196382271086,-22.45079861270674,0 -46.89193851866049,-22.45068470416926,0 -46.89190886851777,-22.45055065560021,0 -46.8919820991573,-22.45054474916503,0 -46.89215338101803,-22.45051119220552,0 -46.89221580386888,-22.45050919821856,0 -46.89234971456005,-22.45047292447985,0 -46.89247645070387,-22.45045818770071,0 -46.89254088390859,-22.45045427710549,0 -46.89264277379943,-22.45045939163944,0 -46.89276181950197,-22.45047818615425,0 -46.89292604457361,-22.45052484410673,0 -46.89307308626701,-22.4506057757654,0 -46.89315525792984,-22.45065844391221,0 -46.89326944830987,-22.45071956985625,0 -46.89339031436114,-22.45077241479302,0 -46.89349282142059,-22.45082295121571,0 -46.89366281944594,-22.45089477934053,0 -46.89380328228822,-22.45094108427021,0 -46.89396800688927,-22.45097448492201,0 -46.89420331604794,-22.45100705675272,0 -46.89422850498645,-22.45101243974102,0 
						</coordinates>
					</LinearRing>
				</outerBoundaryIs>
			</Polygon>
		</Placemark>
		<Placemark>
			<name>2900</name>
			<styleUrl>#falseColor4</styleUrl>
			<Style id="inline">
				<IconStyle>
					<colorMode>random</colorMode>
				</IconStyle>
				<LineStyle>
					<colorMode>random</colorMode>
				</LineStyle>
				<PolyStyle>
					<colorMode>random</colorMode>
				</PolyStyle>
			</Style>
			<ExtendedData>
				<SchemaData schemaUrl="#S_FKA_DSSSSDDSD">
					<SimpleData name="id_0">2900</SimpleData>
					<SimpleData name="chave">FKA_62</SimpleData>
					<SimpleData name="fundo">10835 - FAZENDA KALUNGA</SimpleData>
					<SimpleData name="descricao">FKA - FAZENDA KALUNGA</SimpleData>
					<SimpleData name="regiao">FKA</SimpleData>
					<SimpleData name="area_quadr">9.30561</SimpleData>
					<SimpleData name="area_parci">1.69092</SimpleData>
					<SimpleData name="quadra">62</SimpleData>
					<SimpleData name="quadra_int">62</SimpleData>
				</SchemaData>
			</ExtendedData>
			<Polygon>
				<outerBoundaryIs>
					<LinearRing>
						<coordinates>
							-46.89198215985159,-22.45164957378068,0 -46.89186308518244,-22.45167873266613,0 -46.89174785770762,-22.45174128767354,0 -46.89164613567684,-22.45179863651438,0 -46.89160825436715,-22.45185839166397,0 -46.89156356888048,-22.45191696464197,0 -46.89141686282162,-22.45181078897958,0 -46.89113990279819,-22.45161023277287,0 -46.89090813996768,-22.45143880186476,0 -46.89071945236181,-22.45129021165093,0 -46.89051773298394,-22.45113167838979,0 -46.89037242013676,-22.45102800922416,0 -46.8903215377452,-22.45098002078188,0 -46.890292898452,-22.45092041429302,0 -46.8902995514729,-22.45086039432564,0 -46.89033575632467,-22.45082715978526,0 -46.89040114515077,-22.45079358331088,0 -46.8904970068803,-22.45075460201705,0 -46.89062497264882,-22.45073038773285,0 -46.89071165763823,-22.45071549065234,0 -46.89084171075087,-22.45069503755126,0 -46.89105707421206,-22.45065844125859,0 -46.89113031353281,-22.45065316607208,0 -46.89124974699566,-22.45065050423469,0 -46.89140971392664,-22.45063348585458,0 -46.89157287740819,-22.4506019175711,0 -46.89180842155104,-22.45055183336907,0 -46.89191332361843,-22.45062884342548,0 -46.89194592830233,-22.45078052445734,0 -46.89198234609233,-22.45096307820536,0 -46.89202864251416,-22.45117327869403,0 -46.89208174547931,-22.45133481478791,0 -46.89213044242937,-22.45147179476783,0 -46.89213784372476,-22.45156698415858,0 -46.89212817698823,-22.45160495561226,0 -46.89206537463375,-22.45162903792883,0 -46.89198215985159,-22.45164957378068,0 
						</coordinates>
					</LinearRing>
				</outerBoundaryIs>
			</Polygon>
		</Placemark>
		<Placemark>
			<name>2901</name>
			<LookAt>
				<longitude>-46.89314166666666</longitude>
				<latitude>-22.45671944444445</latitude>
				<altitude>0</altitude>
				<heading>-4.738321982518696e-09</heading>
				<tilt>44.99999999702739</tilt>
				<range>999.999763814434</range>
				<gx:altitudeMode>relativeToSeaFloor</gx:altitudeMode>
			</LookAt>
			<styleUrl>#falseColor9</styleUrl>
			<ExtendedData>
				<SchemaData schemaUrl="#S_FKA_DSSSSDDSD">
					<SimpleData name="id_0">2901</SimpleData>
					<SimpleData name="chave">FKA_3</SimpleData>
					<SimpleData name="fundo">10835 - FAZENDA KALUNGA</SimpleData>
					<SimpleData name="descricao">FKA - FAZENDA KALUNGA</SimpleData>
					<SimpleData name="regiao">FKA</SimpleData>
					<SimpleData name="area_quadr">20.6651</SimpleData>
					<SimpleData name="area_parci">8.33083</SimpleData>
					<SimpleData name="quadra">3</SimpleData>
					<SimpleData name="quadra_int">3</SimpleData>
				</SchemaData>
			</ExtendedData>
			<Polygon>
				<outerBoundaryIs>
					<LinearRing>
						<coordinates>
							-46.89263112830796,-22.45885013790314,0 -46.89257604867426,-22.4585933494208,0 -46.89252371371867,-22.45823872872611,0 -46.89247610258792,-22.45793200610271,0 -46.89249694621538,-22.45791724930641,0 -46.89250418951161,-22.45790075916853,0 -46.89248581236506,-22.45789718896802,0 -46.89245718571477,-22.45788869127199,0 -46.89243800327995,-22.45782581955753,0 -46.89221219114498,-22.45659366476678,0 -46.89211161094733,-22.45598532963145,0 -46.89204270676527,-22.45561008095324,0 -46.89197432760449,-22.45522346862879,0 -46.89191421339121,-22.45484559286259,0 -46.89192097708339,-22.45479377416913,0 -46.89192961200279,-22.45477979160852,0 -46.89194435536638,-22.45476573741064,0 -46.89195500930336,-22.45475046923485,0 -46.89195354054676,-22.45474228387636,0 -46.89192079947253,-22.45473067945542,0 -46.89189670188522,-22.45470572333617,0 -46.89182932560291,-22.45439292236025,0 -46.89184057487319,-22.45432149105763,0 -46.89184306079523,-22.4542545792959,0 -46.89192250678672,-22.45420632503675,0 -46.89208940613454,-22.45409962701052,0 -46.89220728163874,-22.45403199287025,0 -46.89232005278726,-22.45398839530247,0 -46.89241271945408,-22.45396396252539,0 -46.89248731782624,-22.45395867068549,0 -46.89260543085174,-22.45395854704407,0 -46.89270541567612,-22.45397314825567,0 -46.89280481604096,-22.45399469690688,0 -46.89288802158026,-22.45402337615647,0 -46.89301712070463,-22.45408243427554,0 -46.89310073761303,-22.45414139503228,0 -46.89319438783786,-22.45423935799568,0 -46.89330009048683,-22.45437503751013,0 -46.89336666100189,-22.45447836589526,0 -46.89342233790418,-22.45457929823036,0 -46.89348098686113,-22.4546991246844,0 -46.89353880987243,-22.45485808079172,0 -46.89357982100234,-22.45497874518444,0 -46.89362596195878,-22.45507726548414,0 -46.89368722491619,-22.45513964311028,0 -46.893748359353,-22.45519255770628,0 -46.89383709838989,-22.45522874306158,0 -46.89393521093069,-22.45525535380858,0 -46.89400312557368,-22.45525771130724,0 -46.89407562834972,-22.45524802652802,0 -46.89415879340255,-22.45522370427719,0 -46.89432563921685,-22.45516306521682,0 -46.89435939501243,-22.45514941852332,0 -46.89439872630617,-22.45514643279466,0 -46.89442178553747,-22.4551449000757,0 -46.89443542847733,-22.45514978760352,0 -46.89444712959027,-22.45516163857357,0 -46.89445325389487,-22.45521267500397,0 -46.89445045197706,-22.45525624464979,0 -46.89441809385983,-22.45537272261658,0 -46.89433689100573,-22.45559135988676,0 -46.89424642591433,-22.45582777296919,0 -46.89414142306572,-22.45609338120664,0 -46.89406280572382,-22.4563025235021,0 -46.89396359353648,-22.4565447178691,0 -46.89386200904836,-22.45681217873252,0 -46.89375233949278,-22.45708415123414,0 -46.89364604604177,-22.45735482211021,0 -46.89355087059459,-22.45759444502152,0 -46.89343414531189,-22.45789678661169,0 -46.89332334816697,-22.45818580824014,0 -46.89321452681049,-22.45847038984818,0 -46.8931015126546,-22.4587461870641,0 -46.89298848094864,-22.45902072248916,0 -46.89289238300262,-22.45929253526103,0 -46.89281873805108,-22.45946817746099,0 -46.89276934436544,-22.45948011449645,0 -46.89273786710214,-22.45941170841647,0 -46.89263112830796,-22.45885013790314,0 
						</coordinates>
					</LinearRing>
				</outerBoundaryIs>
			</Polygon>
		</Placemark>
		<Placemark>
			<name>2903</name>
			<LookAt>
				<longitude>-46.89472777777777</longitude>
				<latitude>-22.46297222222222</latitude>
				<altitude>0</altitude>
				<heading>1.953154775726635e-09</heading>
				<tilt>45.00019504615699</tilt>
				<range>1030.809811225653</range>
				<gx:altitudeMode>relativeToSeaFloor</gx:altitudeMode>
			</LookAt>
			<styleUrl>#falseColor7</styleUrl>
			<ExtendedData>
				<SchemaData schemaUrl="#S_FKA_DSSSSDDSD">
					<SimpleData name="id_0">2903</SimpleData>
					<SimpleData name="chave">FKA_1</SimpleData>
					<SimpleData name="fundo">10835 - FAZENDA KALUNGA</SimpleData>
					<SimpleData name="descricao">FKA - FAZENDA KALUNGA</SimpleData>
					<SimpleData name="regiao">FKA</SimpleData>
					<SimpleData name="area_quadr">16.4635</SimpleData>
					<SimpleData name="area_parci">14.4142</SimpleData>
					<SimpleData name="quadra">1</SimpleData>
					<SimpleData name="quadra_int">1</SimpleData>
				</SchemaData>
			</ExtendedData>
			<Polygon>
				<outerBoundaryIs>
					<LinearRing>
						<coordinates>
							-46.89316088200059,-22.46026801440261,0 -46.89346813199318,-22.46044801926001,0 -46.8937951949419,-22.4606372553572,0 -46.89390606897382,-22.46070346697289,0 -46.89427706162448,-22.46092815129432,0 -46.89434264143582,-22.46095829845495,0 -46.89451365095786,-22.46095376599748,0 -46.89466400643511,-22.46092802311033,0 -46.89489738418813,-22.46086723252507,0 -46.89506786631739,-22.46079897804307,0 -46.89516110016302,-22.46074109557165,0 -46.89527051524259,-22.46074990538023,0 -46.89531508840571,-22.46078282284478,0 -46.8953562311028,-22.46096279583671,0 -46.89538278637436,-22.4610684861712,0 -46.89540111871582,-22.46121844079368,0 -46.89541997615996,-22.46130718547824,0 -46.89543543131499,-22.4613953391752,0 -46.89542172609583,-22.46148572845994,0 -46.89538530386876,-22.46160288530506,0 -46.89527924507337,-22.46174105139539,0 -46.89520621311009,-22.46186179324237,0 -46.89514753774871,-22.46198993796665,0 -46.89511608096399,-22.46212281058467,0 -46.89510960150102,-22.46219544788145,0 -46.89511874962224,-22.46231900984515,0 -46.89514592289813,-22.4624701225314,0 -46.89520625217347,-22.46261327399568,0 -46.89527284483987,-22.46276770922179,0 -46.89533780628926,-22.46285212629628,0 -46.89538066146405,-22.4629084096458,0 -46.89547065043843,-22.46303606921308,0 -46.89554262285753,-22.46313680891695,0 -46.89562070484005,-22.46318763042393,0 -46.8957597197973,-22.46327622460225,0 -46.89585373152823,-22.46330035814925,0 -46.89603745881484,-22.46338211679444,0 -46.89609246337357,-22.46343320936086,0 -46.89612536950153,-22.46350664553918,0 -46.89613760384383,-22.46355760996594,0 -46.89618332827419,-22.46372490939023,0 -46.89622586511367,-22.46390738946053,0 -46.89625926867929,-22.4641171084462,0 -46.89630284519871,-22.46432607682974,0 -46.89633028615678,-22.46454659231469,0 -46.8963594461223,-22.46469389550082,0 -46.89639360655192,-22.464859437891,0 -46.89640429436615,-22.46494638553091,0 -46.89643890151592,-22.46514473288277,0 -46.89645769163774,-22.46522843040216,0 -46.89650220535416,-22.46545631662877,0 -46.89651596910161,-22.46556972864817,0 -46.89653199274471,-22.4656496728878,0 -46.89655034473476,-22.46575104258525,0 -46.89656099840311,-22.46583546673428,0 -46.89654117645386,-22.46587545071117,0 -46.89649869746572,-22.46589677216276,0 -46.89637683687329,-22.46592155098451,0 -46.89624134073858,-22.46594207329201,0 -46.89603205621555,-22.46597797529176,0 -46.89587822459436,-22.46599808191207,0 -46.89563770787002,-22.46603371962349,0 -46.89541471883724,-22.4660603174404,0 -46.89521959359871,-22.4660891113517,0 -46.89496344759075,-22.46612366982418,0 -46.89480629037121,-22.46614886224836,0 -46.89462740384038,-22.46617367885204,0 -46.89452104275468,-22.46619007163461,0 -46.89449998369972,-22.46618905710639,0 -46.89433134929152,-22.46611910796193,0 -46.8942137804518,-22.46591037712681,0 -46.89414284750486,-22.46578627891259,0 -46.89415126833455,-22.4657565245727,0 -46.89415169834088,-22.46573822148989,0 -46.89412706537366,-22.46572399858775,0 -46.89410518179699,-22.46571226725531,0 -46.89408664060065,-22.46569671086255,0 -46.89395356497404,-22.46544588714777,0 -46.89384265634627,-22.46522761324047,0 -46.89375573769362,-22.46497624724725,0 -46.89368695735508,-22.46471078692536,0 -46.8936336932044,-22.46448805010669,0 -46.89360600514246,-22.46434893154236,0 -46.893580064601,-22.464088646808,0 -46.89359376122008,-22.46404747314096,0 -46.89359768801315,-22.46403670059714,0 -46.89359888261355,-22.46402469819981,0 -46.89359682918211,-22.46402346037658,0 -46.8935830824753,-22.46401100244632,0 -46.89357282389475,-22.46400544419504,0 -46.89356126918352,-22.46395447154464,0 -46.89340543882113,-22.46302814870856,0 -46.89332164803028,-22.46255716904128,0 -46.89329789616755,-22.46240790867329,0 -46.89327173091953,-22.46223091407467,0 -46.8932334269254,-22.46200989425756,0 -46.89319513866394,-22.46183998257302,0 -46.89313692137609,-22.46155231393285,0 -46.89305643916032,-22.46112483185238,0 -46.89292097564871,-22.46029796168182,0 -46.8928945612411,-22.46015251822161,0 -46.89290464810179,-22.46014545920468,0 -46.89316088200059,-22.46026801440261,0 
						</coordinates>
					</LinearRing>
				</outerBoundaryIs>
			</Polygon>
		</Placemark>
		<Placemark>
			<name>2904</name>
			<styleUrl>#falseColor4</styleUrl>
			<Style id="inline">
				<IconStyle>
					<colorMode>random</colorMode>
				</IconStyle>
				<LineStyle>
					<colorMode>random</colorMode>
				</LineStyle>
				<PolyStyle>
					<colorMode>random</colorMode>
				</PolyStyle>
			</Style>
			<ExtendedData>
				<SchemaData schemaUrl="#S_FKA_DSSSSDDSD">
					<SimpleData name="id_0">2904</SimpleData>
					<SimpleData name="chave">FKA_29</SimpleData>
					<SimpleData name="fundo">10835 - FAZENDA KALUNGA</SimpleData>
					<SimpleData name="descricao">FKA - FAZENDA KALUNGA</SimpleData>
					<SimpleData name="regiao">FKA</SimpleData>
					<SimpleData name="area_quadr">39.8756</SimpleData>
					<SimpleData name="area_parci">14.6705</SimpleData>
					<SimpleData name="quadra">29</SimpleData>
					<SimpleData name="quadra_int">29</SimpleData>
				</SchemaData>
			</ExtendedData>
			<Polygon>
				<outerBoundaryIs>
					<LinearRing>
						<coordinates>
							-46.89625239467171,-22.46949680541536,0 -46.8962250110635,-22.4695299376755,0 -46.89610416101424,-22.46957931225003,0 -46.89596652154405,-22.46964213444278,0 -46.89536593915211,-22.46980946070151,0 -46.89528877192738,-22.46982614192998,0 -46.89523440079308,-22.46977188697723,0 -46.89510402992588,-22.46982011080832,0 -46.89468091924625,-22.46995821707404,0 -46.89443293632674,-22.47004441841313,0 -46.89444559217987,-22.47007644899452,0 -46.89435250267995,-22.47012044841347,0 -46.89411415099939,-22.47021600062709,0 -46.89386335768327,-22.47029529351736,0 -46.89369332309127,-22.47037237562594,0 -46.89354068815089,-22.47043095519959,0 -46.89331634980806,-22.47050867465706,0 -46.89317116542327,-22.47051605811858,0 -46.89306649690364,-22.47040749887682,0 -46.89292302880258,-22.47019149977374,0 -46.89273789926632,-22.46990721419842,0 -46.89253866169107,-22.46963382038427,0 -46.89226790875109,-22.46919342837058,0 -46.89211522479743,-22.46894851204879,0 -46.89195084782726,-22.46869237533704,0 -46.89179180749571,-22.46842923516774,0 -46.89173187276587,-22.46831510231593,0 -46.89170532030797,-22.46815956495144,0 -46.89168053202323,-22.46793396953138,0 -46.8916525318138,-22.46767181568263,0 -46.89162486587297,-22.46743426561345,0 -46.89158700325446,-22.46714572679723,0 -46.89155484517726,-22.46687731199035,0 -46.89155435031177,-22.46679087528596,0 -46.89157203472632,-22.46674334530449,0 -46.89166387688437,-22.46670756476146,0 -46.89201835319111,-22.46666491712651,0 -46.89226014420029,-22.46662296008505,0 -46.89253326146969,-22.4665882066495,0 -46.8928442955717,-22.46654606706085,0 -46.89305054121065,-22.46648622804435,0 -46.893271436695,-22.46640539487229,0 -46.89344800458748,-22.46635978506632,0 -46.89375601392723,-22.4662949644753,0 -46.89390573082695,-22.46627175333871,0 -46.89409884613753,-22.4662448774976,0 -46.89425311593419,-22.4662569466951,0 -46.89434575482732,-22.46627983520728,0 -46.89443163078295,-22.46635454236724,0 -46.89449048464839,-22.46643903143377,0 -46.89458997727937,-22.46661642605817,0 -46.8947169128792,-22.46681495101725,0 -46.89483146786012,-22.46700163296898,0 -46.89494458837074,-22.46718265297775,0 -46.89507777134884,-22.4673911996266,0 -46.89528138255816,-22.46773646900508,0 -46.89537364303656,-22.46788113777283,0 -46.89554418494208,-22.46819083035433,0 -46.89566930176466,-22.46840514989956,0 -46.8957658075484,-22.46856238779444,0 -46.89585407371158,-22.46871278186824,0 -46.89602948094298,-22.46903061913962,0 -46.8961030895867,-22.46915152999369,0 -46.89621086066618,-22.46933829047311,0 -46.89624175790915,-22.46941364301819,0 -46.89624698180854,-22.46944828470415,0 -46.89625239467171,-22.46949680541536,0 
						</coordinates>
					</LinearRing>
				</outerBoundaryIs>
			</Polygon>
		</Placemark>
		<Placemark>
			<name>2905</name>
			<styleUrl>#falseColor4</styleUrl>
			<Style id="inline">
				<IconStyle>
					<colorMode>random</colorMode>
				</IconStyle>
				<LineStyle>
					<colorMode>random</colorMode>
				</LineStyle>
				<PolyStyle>
					<colorMode>random</colorMode>
				</PolyStyle>
			</Style>
			<ExtendedData>
				<SchemaData schemaUrl="#S_FKA_DSSSSDDSD">
					<SimpleData name="id_0">2905</SimpleData>
					<SimpleData name="chave">FKA_29</SimpleData>
					<SimpleData name="fundo">10835 - FAZENDA KALUNGA</SimpleData>
					<SimpleData name="descricao">FKA - FAZENDA KALUNGA</SimpleData>
					<SimpleData name="regiao">FKA</SimpleData>
					<SimpleData name="area_quadr">39.8756</SimpleData>
					<SimpleData name="area_parci">11.2888</SimpleData>
					<SimpleData name="quadra">29</SimpleData>
					<SimpleData name="quadra_int">29</SimpleData>
				</SchemaData>
			</ExtendedData>
			<Polygon>
				<outerBoundaryIs>
					<LinearRing>
						<coordinates>
							-46.89616191152474,-22.46920857165784,0 -46.89603198155078,-22.46898989243457,0 -46.89602814106163,-22.46895712736645,0 -46.89603738639607,-22.46893808967579,0 -46.8960447413725,-22.4689298006335,0 -46.89605137462473,-22.46891836524802,0 -46.8960599755223,-22.46890185899775,0 -46.89605633255393,-22.46888360382354,0 -46.89603716345082,-22.46887184087646,0 -46.89600718534547,-22.46886399082076,0 -46.89595993709917,-22.46883426001872,0 -46.89591425292073,-22.46876980768395,0 -46.89572722117263,-22.46844579724922,0 -46.89470680981685,-22.46674597890319,0 -46.89455777605198,-22.46651995102951,0 -46.89448120636715,-22.46638077603544,0 -46.89442309136222,-22.46630069504898,0 -46.8944198615091,-22.46626287500118,0 -46.89443241498196,-22.46623748886679,0 -46.89447084754309,-22.46621810837366,0 -46.89464226769355,-22.4661933796616,0 -46.89499189547313,-22.46614384193992,0 -46.89539446700582,-22.46609368120261,0 -46.89575158636177,-22.46604594670612,0 -46.89609585172963,-22.46600151739833,0 -46.89642217682297,-22.46593584549925,0 -46.89655718310177,-22.46592921005419,0 -46.89666281313708,-22.46595888506436,0 -46.89684835728531,-22.46607406235574,0 -46.89702734599599,-22.46620635260882,0 -46.8971015810346,-22.4662736236167,0 -46.89724697536663,-22.46638170114021,0 -46.8974791753917,-22.46653292472537,0 -46.89778017275176,-22.46675085162855,0 -46.89800158234326,-22.46690724909924,0 -46.89822788138968,-22.46707368412526,0 -46.89849049994131,-22.46726492981939,0 -46.89866890750389,-22.46740416551362,0 -46.89893600414106,-22.46762501304288,0 -46.89910444598237,-22.46778013968532,0 -46.89917675833862,-22.46785563481023,0 -46.89930489557358,-22.46804215319522,0 -46.89930099980399,-22.46835389584834,0 -46.89926407364772,-22.46853352487869,0 -46.89916792768697,-22.46855232433894,0 -46.89877827450027,-22.46865408185423,0 -46.89840417296967,-22.46880108486559,0 -46.89782872165555,-22.46901860130475,0 -46.89738942034018,-22.46916384558951,0 -46.89684852364837,-22.46932668902661,0 -46.89636560604917,-22.46945982440763,0 -46.89626884099476,-22.4693335073368,0 -46.89616191152474,-22.46920857165784,0 
						</coordinates>
					</LinearRing>
				</outerBoundaryIs>
			</Polygon>
		</Placemark>
		<Placemark>
			<name>2906</name>
			<styleUrl>#falseColor4</styleUrl>
			<Style id="inline">
				<IconStyle>
					<colorMode>random</colorMode>
				</IconStyle>
				<LineStyle>
					<colorMode>random</colorMode>
				</LineStyle>
				<PolyStyle>
					<colorMode>random</colorMode>
				</PolyStyle>
			</Style>
			<ExtendedData>
				<SchemaData schemaUrl="#S_FKA_DSSSSDDSD">
					<SimpleData name="id_0">2906</SimpleData>
					<SimpleData name="chave">FKA_29</SimpleData>
					<SimpleData name="fundo">10835 - FAZENDA KALUNGA</SimpleData>
					<SimpleData name="descricao">FKA - FAZENDA KALUNGA</SimpleData>
					<SimpleData name="regiao">FKA</SimpleData>
					<SimpleData name="area_quadr">39.8756</SimpleData>
					<SimpleData name="area_parci">13.9162</SimpleData>
					<SimpleData name="quadra">29</SimpleData>
					<SimpleData name="quadra_int">29</SimpleData>
				</SchemaData>
			</ExtendedData>
			<Polygon>
				<outerBoundaryIs>
					<LinearRing>
						<coordinates>
							-46.89620622796588,-22.46962133312786,0 -46.8962464570074,-22.46958426400931,0 -46.89631795293187,-22.46959982828986,0 -46.89637758308513,-22.46959155539363,0 -46.89640792232764,-22.46957605538865,0 -46.89641245049689,-22.46955959702138,0 -46.89641078368906,-22.46953690185749,0 -46.89639823912223,-22.46951307269804,0 -46.89638631321804,-22.46948481950068,0 -46.89664463872867,-22.46941048196603,0 -46.89701715448553,-22.46929631172195,0 -46.89751812289135,-22.46914277113473,0 -46.89784790810651,-22.46903162575517,0 -46.89817760677222,-22.46891417109421,0 -46.8984902063026,-22.46878745263391,0 -46.8987670362261,-22.46867629797439,0 -46.89882513619943,-22.46865542291647,0 -46.89907883614932,-22.46859060057955,0 -46.89923472344469,-22.46857172848684,0 -46.89927058779156,-22.46861294975304,0 -46.89928486880993,-22.46866452067803,0 -46.89927695651897,-22.46873149617408,0 -46.89926041872997,-22.46886293170518,0 -46.89925259326116,-22.46898606206879,0 -46.8992751065664,-22.46909369191488,0 -46.89939056077559,-22.46914659494166,0 -46.89969643681119,-22.46927360128365,0 -46.8999829298321,-22.46942291917996,0 -46.90001802117445,-22.4694572087459,0 -46.90004308678879,-22.46955282003325,0 -46.90003234782625,-22.46961162630826,0 -46.9000198317968,-22.46973922868882,0 -46.89997618733808,-22.46992398470888,0 -46.89994399502064,-22.4700524499058,0 -46.89991322047091,-22.47018531514563,0 -46.89989066018541,-22.47032313130915,0 -46.89985560733991,-22.47049075001729,0 -46.89980981531997,-22.47071717498534,0 -46.8997655174004,-22.47090383155612,0 -46.89974200378499,-22.47107131428141,0 -46.89971964118224,-22.47122364028652,0 -46.89969564453979,-22.47130594844985,0 -46.89968019785789,-22.47141781121717,0 -46.89963464528752,-22.47161205412062,0 -46.89960216184334,-22.47181876232941,0 -46.89956381768976,-22.4719939913439,0 -46.89952616946465,-22.47217047408171,0 -46.89949338461829,-22.47235510205656,0 -46.89945268643883,-22.47255685930529,0 -46.89942373233124,-22.4726739289068,0 -46.89940270965243,-22.47282497716006,0 -46.89938828467938,-22.47291222024108,0 -46.89933213439713,-22.47297660919003,0 -46.89918157891532,-22.47303832444902,0 -46.89893294100755,-22.47312643345577,0 -46.89870332645732,-22.47321557998765,0 -46.89833844961214,-22.47334291492468,0 -46.89801906916927,-22.47347097538284,0 -46.89774068255758,-22.4735682663696,0 -46.8975805965594,-22.47362819949459,0 -46.89748050293737,-22.47365650909447,0 -46.89742795119783,-22.47363630574869,0 -46.89741345558127,-22.47361880932505,0 -46.89740238781745,-22.47350410391084,0 -46.89739751528173,-22.47339563523426,0 -46.89737564633953,-22.47318578117714,0 -46.89733311232414,-22.4729042402619,0 -46.89729510709464,-22.47270593344464,0 -46.89724417861284,-22.47240619326368,0 -46.89716442286898,-22.47208344653853,0 -46.89708731410704,-22.47180546714196,0 -46.89704166252225,-22.47164384616997,0 -46.89693158546686,-22.47133786111016,0 -46.89669690333415,-22.47075571693645,0 -46.89659981071821,-22.47050573473711,0 -46.89648406471804,-22.47023199515889,0 -46.89637810571397,-22.46997896222558,0 -46.89625151724027,-22.46970661186566,0 -46.89620622796588,-22.46962133312786,0 
						</coordinates>
					</LinearRing>
				</outerBoundaryIs>
			</Polygon>
		</Placemark>
		<Placemark>
			<name>2907</name>
			<styleUrl>#falseColor4</styleUrl>
			<Style id="inline">
				<IconStyle>
					<colorMode>random</colorMode>
				</IconStyle>
				<LineStyle>
					<colorMode>random</colorMode>
				</LineStyle>
				<PolyStyle>
					<colorMode>random</colorMode>
				</PolyStyle>
			</Style>
			<ExtendedData>
				<SchemaData schemaUrl="#S_FKA_DSSSSDDSD">
					<SimpleData name="id_0">2907</SimpleData>
					<SimpleData name="chave">FKA_8</SimpleData>
					<SimpleData name="fundo">10835 - FAZENDA KALUNGA</SimpleData>
					<SimpleData name="descricao">FKA - FAZENDA KALUNGA</SimpleData>
					<SimpleData name="regiao">FKA</SimpleData>
					<SimpleData name="area_quadr">10.0123</SimpleData>
					<SimpleData name="area_parci">10.0123</SimpleData>
					<SimpleData name="quadra">8</SimpleData>
					<SimpleData name="quadra_int">8</SimpleData>
				</SchemaData>
			</ExtendedData>
			<Polygon>
				<outerBoundaryIs>
					<LinearRing>
						<coordinates>
							-46.88928265869925,-22.46685504891337,0 -46.88932381014654,-22.46678579128877,0 -46.88949887099344,-22.46652882916873,0 -46.88978366935078,-22.46610400544949,0 -46.89034074111555,-22.46528226613086,0 -46.89073002874073,-22.46470352199031,0 -46.89091978616448,-22.46442935013755,0 -46.89108065580991,-22.46417760070057,0 -46.89125374259638,-22.46392570785908,0 -46.89145456584572,-22.46361670249325,0 -46.89167092257841,-22.46330183601366,0 -46.89184325999627,-22.46304490368777,0 -46.8920402909518,-22.4627567641167,0 -46.89255867208528,-22.46198721154532,0 -46.89259944503406,-22.46209021173226,0 -46.89264933306223,-22.46246442085708,0 -46.89270571419089,-22.46291679366803,0 -46.89277562286742,-22.46326552904157,0 -46.89284934411499,-22.46369498339363,0 -46.89294753878607,-22.46402698148227,0 -46.89300055226161,-22.46453113284357,0 -46.89307925951289,-22.46492771814343,0 -46.89314296583644,-22.46531943172764,0 -46.89319630680176,-22.4655478465151,0 -46.89321906905655,-22.46577409639737,0 -46.89320128956121,-22.46586453338853,0 -46.89305407628149,-22.4660719567951,0 -46.89294754049871,-22.4661754240287,0 -46.89282471403221,-22.46627908241602,0 -46.89262293712457,-22.46631804677513,0 -46.89202547668646,-22.46641465508468,0 -46.89172879954663,-22.46646419627528,0 -46.89155167196935,-22.46651864434171,0 -46.8914009650268,-22.46656899653169,0 -46.89108321098874,-22.46661625990404,0 -46.89065108627717,-22.46669010232666,0 -46.89021083283544,-22.46676530083294,0 -46.89008138362573,-22.46678133040028,0 -46.88960325493863,-22.46686706669094,0 -46.88934526588463,-22.46691615024043,0 -46.88929487385722,-22.46690475225683,0 -46.8892781896285,-22.46687592321046,0 -46.88928265869925,-22.46685504891337,0 
						</coordinates>
					</LinearRing>
				</outerBoundaryIs>
			</Polygon>
		</Placemark>
		<Placemark>
			<name>2908</name>
			<styleUrl>#falseColor4</styleUrl>
			<Style id="inline">
				<IconStyle>
					<colorMode>random</colorMode>
				</IconStyle>
				<LineStyle>
					<colorMode>random</colorMode>
				</LineStyle>
				<PolyStyle>
					<colorMode>random</colorMode>
				</PolyStyle>
			</Style>
			<ExtendedData>
				<SchemaData schemaUrl="#S_FKA_DSSSSDDSD">
					<SimpleData name="id_0">2908</SimpleData>
					<SimpleData name="chave">FKA_106</SimpleData>
					<SimpleData name="fundo">10835 - FAZENDA KALUNGA</SimpleData>
					<SimpleData name="descricao">FKA - FAZENDA KALUNGA</SimpleData>
					<SimpleData name="regiao">FKA</SimpleData>
					<SimpleData name="area_quadr">12.2927</SimpleData>
					<SimpleData name="area_parci">12.2927</SimpleData>
					<SimpleData name="quadra">106</SimpleData>
					<SimpleData name="quadra_int">106</SimpleData>
				</SchemaData>
			</ExtendedData>
			<Polygon>
				<outerBoundaryIs>
					<LinearRing>
						<coordinates>
							-46.8887576532685,-22.46703850099829,0 -46.88824772264731,-22.46713217746236,0 -46.88807464814165,-22.46718531242971,0 -46.8878006321348,-22.46725414123292,0 -46.88741250399881,-22.46731862654289,0 -46.88729725685636,-22.46733070187928,0 -46.88724300580301,-22.46733512262593,0 -46.88721894937349,-22.46731332027804,0 -46.88722110891589,-22.46727228206398,0 -46.88730712778983,-22.46710722357536,0 -46.88746816937982,-22.4668674636569,0 -46.88763727025406,-22.4666212995811,0 -46.88786175124434,-22.4663038185923,0 -46.88804726859484,-22.46601676451581,0 -46.88825839465637,-22.46571584459052,0 -46.88842415884602,-22.46547413566284,0 -46.88863720844219,-22.46516499020657,0 -46.88874167093593,-22.46500854863825,0 -46.88888419846892,-22.46480560050591,0 -46.88906725771984,-22.46453781875647,0 -46.8892463035961,-22.46427450062266,0 -46.88943203377011,-22.46400353239388,0 -46.8896063868882,-22.46374468567694,0 -46.88983195556988,-22.4634079450968,0 -46.89003677698135,-22.46309321578297,0 -46.89024201689725,-22.4628093987699,0 -46.89046496605817,-22.46247994427364,0 -46.89064600884794,-22.46221407754826,0 -46.89084239685337,-22.46192847074983,0 -46.89102604194849,-22.46165437057467,0 -46.89122172400243,-22.4613668787596,0 -46.89144542452092,-22.46104309301686,0 -46.89161910883806,-22.46078551424031,0 -46.89180429692833,-22.46052527650781,0 -46.89199286949716,-22.46026436792673,0 -46.8921239605091,-22.46006975409741,0 -46.89221019893001,-22.4599715734276,0 -46.89224478513872,-22.46006896764691,0 -46.89227162721195,-22.46024595461222,0 -46.89230612020077,-22.46053642594882,0 -46.8923361591574,-22.46069886312679,0 -46.89234330555403,-22.46097514301811,0 -46.89238847045693,-22.4612516078017,0 -46.89249230425824,-22.46164916085789,0 -46.89252233520391,-22.46181096708173,0 -46.89254019514374,-22.46187637811249,0 -46.89252230409951,-22.46195861379822,0 -46.89247486502385,-22.46206454198678,0 -46.89231773850145,-22.46229164094746,0 -46.89213135460704,-22.4625638817082,0 -46.89192837805761,-22.46286407949749,0 -46.89173529934445,-22.46314333904767,0 -46.89154960057413,-22.46341620217099,0 -46.8913886041144,-22.46365848897381,0 -46.89122552801241,-22.46389764519132,0 -46.8910815080912,-22.46414036362245,0 -46.89094247252762,-22.46435021319155,0 -46.89072150683004,-22.46467585932789,0 -46.89051389287558,-22.46498494353028,0 -46.89019837198469,-22.46544672456397,0 -46.89001729891105,-22.46571069843215,0 -46.88980089216071,-22.46602240878141,0 -46.88964786398688,-22.46625198138511,0 -46.88943206594373,-22.46655863644014,0 -46.88916989914426,-22.46695038416896,0 -46.8887576532685,-22.46703850099829,0 
						</coordinates>
					</LinearRing>
				</outerBoundaryIs>
			</Polygon>
		</Placemark>
		<Placemark>
			<name>2909</name>
			<LookAt>
				<longitude>-46.88881944444444</longitude>
				<latitude>-22.45898333333333</latitude>
				<altitude>0</altitude>
				<heading>-3.42174568462294e-09</heading>
				<tilt>45.00036990442228</tilt>
				<range>2678.006459329341</range>
				<gx:altitudeMode>relativeToSeaFloor</gx:altitudeMode>
			</LookAt>
			<styleUrl>#falseColor2</styleUrl>
			<ExtendedData>
				<SchemaData schemaUrl="#S_FKA_DSSSSDDSD">
					<SimpleData name="id_0">2909</SimpleData>
					<SimpleData name="chave">FKA_5</SimpleData>
					<SimpleData name="fundo">10835 - FAZENDA KALUNGA</SimpleData>
					<SimpleData name="descricao">FKA - FAZENDA KALUNGA</SimpleData>
					<SimpleData name="regiao">FKA</SimpleData>
					<SimpleData name="area_quadr">43.987</SimpleData>
					<SimpleData name="area_parci">43.987</SimpleData>
					<SimpleData name="quadra">5</SimpleData>
					<SimpleData name="quadra_int">5</SimpleData>
				</SchemaData>
			</ExtendedData>
			<Polygon>
				<outerBoundaryIs>
					<LinearRing>
						<coordinates>
							-46.88680441296307,-22.46743300746223,0 -46.88662301261752,-22.46747298800187,0 -46.88644958663976,-22.4675002556838,0 -46.88636715134741,-22.46752898265944,0 -46.88630848574891,-22.46750821599801,0 -46.88626416386541,-22.46744374469955,0 -46.88620837501199,-22.46733460874861,0 -46.88612912729308,-22.46714750705521,0 -46.88603156988433,-22.46696188139237,0 -46.88591108807169,-22.46678788119101,0 -46.88581642569185,-22.46661547184539,0 -46.88569000186566,-22.46640368280107,0 -46.88561073422415,-22.46626516559394,0 -46.8855993956165,-22.46622996392232,0 -46.88554302298522,-22.46612777515186,0 -46.88549143601176,-22.4660280542768,0 -46.88546776420157,-22.46593431668907,0 -46.88546489108375,-22.46587251533293,0 -46.88548204813349,-22.46578587199983,0 -46.88558116560316,-22.46558532693745,0 -46.88578972677205,-22.46529516642749,0 -46.88594806271407,-22.46505607055935,0 -46.88613987527099,-22.46478251072008,0 -46.8862870856487,-22.46462430869025,0 -46.88646350359633,-22.46441718029893,0 -46.88655857264066,-22.46431889902493,0 -46.88673285953754,-22.46410485465029,0 -46.88687619624708,-22.4639113632237,0 -46.88707610420671,-22.4636843993909,0 -46.88721012173136,-22.46355474457879,0 -46.88733503803537,-22.4634548516965,0 -46.88742257963693,-22.46335224128422,0 -46.88754710598323,-22.46317348175416,0 -46.88772818959253,-22.46291014135585,0 -46.88794597153162,-22.46259967953528,0 -46.88804900385651,-22.46248805393759,0 -46.88816249426868,-22.46234665033227,0 -46.88819779951564,-22.46219669749104,0 -46.88820156572353,-22.4620237680523,0 -46.88819460349529,-22.46181058223062,0 -46.88816661713347,-22.4615989044681,0 -46.88819441142738,-22.4613455607267,0 -46.88824322305595,-22.4611904020091,0 -46.88831124617467,-22.46089999110928,0 -46.88836803151981,-22.46073211964111,0 -46.88843180415057,-22.46052883211564,0 -46.88847811077863,-22.4604393233933,0 -46.88848104741226,-22.46020519970778,0 -46.88846920231736,-22.46003245302754,0 -46.88847465927157,-22.45988411153993,0 -46.88848444517205,-22.45975464842192,0 -46.88852478822434,-22.4596759359816,0 -46.88857848374988,-22.45958066201354,0 -46.88869930610608,-22.45947955428613,0 -46.88884918583043,-22.45936864168465,0 -46.88901619941052,-22.45921967019421,0 -46.88909943083953,-22.4591499198787,0 -46.88929787166484,-22.4588655528278,0 -46.88938193845505,-22.45875730353029,0 -46.88938783625891,-22.45869161373954,0 -46.88937060873653,-22.45857256250997,0 -46.88936027979543,-22.45846163306112,0 -46.88933596259557,-22.4583704274719,0 -46.88924665558562,-22.45819227845572,0 -46.88922538153568,-22.45807516749247,0 -46.8892191857754,-22.45781843590043,0 -46.88921348844745,-22.45769861861959,0 -46.88923944347528,-22.45756013254444,0 -46.88931334027917,-22.45740278687913,0 -46.88934974124918,-22.45728373846696,0 -46.88937418468826,-22.45713391264801,0 -46.88934792087365,-22.45684902251065,0 -46.88934359809988,-22.45673045106355,0 -46.88930894101537,-22.45657753162268,0 -46.88921148299355,-22.45624867646172,0 -46.88917350955769,-22.45610147452388,0 -46.88912747486625,-22.45586035264919,0 -46.88910567982034,-22.45570475862862,0 -46.88904450190909,-22.45554836383548,0 -46.88893350722606,-22.45532251480113,0 -46.88886346030557,-22.45521291544512,0 -46.88878395750993,-22.45505673507336,0 -46.88871619309555,-22.45486508296984,0 -46.88872881853123,-22.45479489762086,0 -46.88882016283458,-22.45452251159811,0 -46.88887268186749,-22.45439065518796,0 -46.8889110826585,-22.45416873553263,0 -46.8889194285648,-22.45398313298983,0 -46.88889449522873,-22.45374618064517,0 -46.88889241591812,-22.45349255552036,0 -46.88890038572538,-22.45327919473956,0 -46.88892194681449,-22.453066936765,0 -46.88895327291768,-22.45277380044041,0 -46.88898951753163,-22.45254307243996,0 -46.88902824272756,-22.45234512577059,0 -46.88912870233895,-22.45204423929957,0 -46.88928727878365,-22.45177422069641,0 -46.88936279867179,-22.45158656957583,0 -46.88937685053579,-22.45137124464554,0 -46.88948710352182,-22.45119202030815,0 -46.889526245784,-22.45117515672516,0 -46.88959994725618,-22.45120394911961,0 -46.8897054504714,-22.45127527489046,0 -46.88999218343662,-22.45149591024437,0 -46.89033636456102,-22.45174805135808,0 -46.89067504883138,-22.45199520832543,0 -46.89074277680857,-22.45208401216027,0 -46.89075882068452,-22.45216585004011,0 -46.89074238945384,-22.4522556401186,0 -46.8907318499169,-22.45237943344679,0 -46.89080301816483,-22.45272184622244,0 -46.89090824866943,-22.45327334120216,0 -46.8910273505462,-22.45374643337482,0 -46.89110301566578,-22.45422003456409,0 -46.89116682902833,-22.45462058229094,0 -46.89129740913697,-22.45513896922282,0 -46.89117155140946,-22.45536885515089,0 -46.89117397030842,-22.45544706684035,0 -46.89126283736613,-22.45549271666232,0 -46.89135146477083,-22.45552070213578,0 -46.89140913935879,-22.45586895126143,0 -46.89144668459787,-22.45603445563713,0 -46.89148832563635,-22.45625165134557,0 -46.89153233693213,-22.45649342698766,0 -46.89158261107298,-22.45674648658642,0 -46.89163133959368,-22.45698568298317,0 -46.89169754398245,-22.45721205505341,0 -46.89174863453056,-22.4574752004593,0 -46.8918027335842,-22.45770991699635,0 -46.8918439883334,-22.45794856994661,0 -46.89188222000077,-22.4581645434898,0 -46.89191431963172,-22.45832884958085,0 -46.89187944302243,-22.45841002250717,0 -46.89183459947145,-22.45850708651716,0 -46.89182853582293,-22.45866048279078,0 -46.89182783997541,-22.45885924578119,0 -46.89189231793808,-22.45910835274005,0 -46.89194202017177,-22.45931914393811,0 -46.89197813272342,-22.45947898613343,0 -46.89200276880343,-22.45959353326371,0 -46.89205185671117,-22.45970905549785,0 -46.89213422013677,-22.4598254493014,0 -46.89217656366751,-22.45994420543843,0 -46.89198887616952,-22.46022024703909,0 -46.8918217408036,-22.46046008224504,0 -46.89163388923024,-22.46072413703589,0 -46.89145946631587,-22.4609773077122,0 -46.89127700057086,-22.46123814415182,0 -46.89108788366922,-22.4615091538845,0 -46.89094554229246,-22.4617253518046,0 -46.89078381633507,-22.46196386074262,0 -46.89064925954272,-22.46215346653503,0 -46.89050821446212,-22.46236523215921,0 -46.89037773801994,-22.46255542089865,0 -46.89023059190558,-22.4627678887957,0 -46.88998028338977,-22.46313236686902,0 -46.88980147131101,-22.46341271908295,0 -46.889569161997,-22.46375300892521,0 -46.88934279789549,-22.4640812404434,0 -46.88912980273516,-22.46439417185644,0 -46.88896209020908,-22.46464221389748,0 -46.88879101748657,-22.46489281901848,0 -46.88860273238566,-22.46517580493514,0 -46.88844142945191,-22.46539600885836,0 -46.88828238467047,-22.46563259137445,0 -46.88812990476475,-22.46585269172144,0 -46.88796342666826,-22.46609188487622,0 -46.88779851930465,-22.46634683370306,0 -46.88766390319435,-22.46653265226819,0 -46.88748151757651,-22.46680042478235,0 -46.88734428809425,-22.46699384532885,0 -46.88719548981169,-22.46723535476043,0 -46.8871590886012,-22.46730455631379,0 -46.88712284477662,-22.46733526695041,0 -46.88705827167656,-22.46737955943734,0 -46.88701641809731,-22.46739708536413,0 -46.88692637114418,-22.4674151752264,0 -46.88680441296307,-22.46743300746223,0 
						</coordinates>
					</LinearRing>
				</outerBoundaryIs>
			</Polygon>
		</Placemark>
		<Placemark>
			<name>2910</name>
			<styleUrl>#falseColor4</styleUrl>
			<Style id="inline">
				<IconStyle>
					<colorMode>random</colorMode>
				</IconStyle>
				<LineStyle>
					<colorMode>random</colorMode>
				</LineStyle>
				<PolyStyle>
					<colorMode>random</colorMode>
				</PolyStyle>
			</Style>
			<ExtendedData>
				<SchemaData schemaUrl="#S_FKA_DSSSSDDSD">
					<SimpleData name="id_0">2910</SimpleData>
					<SimpleData name="chave">FKA_30</SimpleData>
					<SimpleData name="fundo">10835 - FAZENDA KALUNGA</SimpleData>
					<SimpleData name="descricao">FKA - FAZENDA KALUNGA</SimpleData>
					<SimpleData name="regiao">FKA</SimpleData>
					<SimpleData name="area_quadr">34.2306</SimpleData>
					<SimpleData name="area_parci">34.2306</SimpleData>
					<SimpleData name="quadra">30</SimpleData>
					<SimpleData name="quadra_int">30</SimpleData>
				</SchemaData>
			</ExtendedData>
			<Polygon>
				<outerBoundaryIs>
					<LinearRing>
						<coordinates>
							-46.89163781090917,-22.46773760895564,0 -46.8916590338086,-22.46795062687704,0 -46.89167822045409,-22.46816366867494,0 -46.8917272136402,-22.46837194401218,0 -46.89187376146733,-22.46861503988555,0 -46.89203910835658,-22.46889261818697,0 -46.89221023075587,-22.46914552078766,0 -46.89235454680926,-22.46937413006091,0 -46.89249624249706,-22.46960971056188,0 -46.89261625325653,-22.46979822293597,0 -46.89277417223468,-22.47002856496863,0 -46.8929383895125,-22.4702727141341,0 -46.89305893450389,-22.47045049339369,0 -46.89319485127695,-22.47063534816538,0 -46.89328117422547,-22.47079270714755,0 -46.89337388098431,-22.47097018203112,0 -46.89346253117839,-22.47119881276364,0 -46.89354468536374,-22.47144897257309,0 -46.89361122007418,-22.47164883845749,0 -46.89368203367217,-22.47186379723391,0 -46.89376784010026,-22.47213284295725,0 -46.89384825182961,-22.47235462950925,0 -46.89392388648546,-22.47257457921932,0 -46.89401281336339,-22.47282339716521,0 -46.89406311923705,-22.47297802384758,0 -46.89414135830768,-22.47318974024484,0 -46.89417411939169,-22.47330229827156,0 -46.89426083063641,-22.47353789175276,0 -46.89431612905293,-22.47371012670122,0 -46.8943782328703,-22.47388354358506,0 -46.89444887738076,-22.47408588450582,0 -46.89450330007276,-22.47424361742794,0 -46.89454436198892,-22.47436743517483,0 -46.89454669812591,-22.47443933783578,0 -46.89450205895167,-22.47450169707857,0 -46.89429486459705,-22.47464231333729,0 -46.89415750685394,-22.47472626833222,0 -46.89389573121418,-22.47489718081137,0 -46.89360297825568,-22.47508675478291,0 -46.8933539957727,-22.47524994458619,0 -46.89312914128806,-22.47539013590928,0 -46.89291641927619,-22.4755238748194,0 -46.89278422017512,-22.47558789272002,0 -46.89271031350614,-22.47564491646353,0 -46.89259284957354,-22.47574409532831,0 -46.89245921529281,-22.47580245113296,0 -46.8923861515515,-22.47582160686226,0 -46.89231192173111,-22.47575496481716,0 -46.89221739048673,-22.47559328509693,0 -46.89212380560547,-22.47540130780734,0 -46.8919602547866,-22.47510667306891,0 -46.89182457724382,-22.47486471221834,0 -46.89174656501887,-22.47461955069332,0 -46.89169299287187,-22.4744242641792,0 -46.89167265771498,-22.47432670295825,0 -46.89155474200044,-22.47409273594054,0 -46.89141123760687,-22.47387421221984,0 -46.89126182147542,-22.47367026992798,0 -46.89105827651823,-22.47337988896091,0 -46.89098414065694,-22.47327002383875,0 -46.89079759273483,-22.47298133600383,0 -46.89064640978575,-22.47274712731737,0 -46.89049172201356,-22.47250475697833,0 -46.89035137300116,-22.47231837441123,0 -46.89018940782379,-22.47208997031777,0 -46.89003035532051,-22.47187604412807,0 -46.88992385094167,-22.47173217013004,0 -46.88978576498996,-22.47151231916902,0 -46.88958855392576,-22.47123795134866,0 -46.88941315500465,-22.47096995278927,0 -46.88922040764074,-22.47072424113211,0 -46.88901303836209,-22.47045156889858,0 -46.8888641116468,-22.47023310590318,0 -46.88871924961043,-22.47001396415772,0 -46.8885926640691,-22.4697908223743,0 -46.88848699865314,-22.469608448353,0 -46.88833601170598,-22.46938811597609,0 -46.88817010362398,-22.46911874265339,0 -46.888104737941,-22.46905451837233,0 -46.88795566241266,-22.46892502256809,0 -46.88783801654008,-22.46881030187223,0 -46.88774330090584,-22.46873443265192,0 -46.88762806791249,-22.46864744613,0 -46.88752578327335,-22.4685640937555,0 -46.88735728396374,-22.46840390725601,0 -46.88730210075335,-22.46833956342107,0 -46.88705482751995,-22.4680774507072,0 -46.88696396329491,-22.46798513072138,0 -46.88681550405741,-22.46780073225964,0 -46.88681269373515,-22.46769350051803,0 -46.8869234497995,-22.46765056061292,0 -46.88724890913028,-22.46757040470907,0 -46.88767947632184,-22.46748144616186,0 -46.88792670934252,-22.46744006273835,0 -46.88812086058604,-22.46738920499681,0 -46.88836524985704,-22.46733838969353,0 -46.88861088528196,-22.46727935685096,0 -46.8889663285197,-22.46720767995482,0 -46.88940036404554,-22.46712435501007,0 -46.88960476429796,-22.46707842318915,0 -46.88993040864995,-22.46701214114427,0 -46.89015796395091,-22.46697161596836,0 -46.89042339356696,-22.46692055099885,0 -46.8907884488308,-22.466856960077,0 -46.89116171751783,-22.46679831976109,0 -46.89136291111497,-22.46676630465353,0 -46.89142790217829,-22.46675292302506,0 -46.89147009757563,-22.46676063067366,0 -46.89150451603722,-22.46679556112364,0 -46.89153116413481,-22.46690819167956,0 -46.89163781090917,-22.46773760895564,0 
						</coordinates>
					</LinearRing>
				</outerBoundaryIs>
			</Polygon>
		</Placemark>
		<Placemark>
			<name>2911</name>
			<styleUrl>#falseColor4</styleUrl>
			<Style id="inline">
				<IconStyle>
					<colorMode>random</colorMode>
				</IconStyle>
				<LineStyle>
					<colorMode>random</colorMode>
				</LineStyle>
				<PolyStyle>
					<colorMode>random</colorMode>
				</PolyStyle>
			</Style>
			<ExtendedData>
				<SchemaData schemaUrl="#S_FKA_DSSSSDDSD">
					<SimpleData name="id_0">2911</SimpleData>
					<SimpleData name="chave">FKA_2</SimpleData>
					<SimpleData name="fundo">10835 - FAZENDA KALUNGA</SimpleData>
					<SimpleData name="descricao">FKA - FAZENDA KALUNGA</SimpleData>
					<SimpleData name="regiao">FKA</SimpleData>
					<SimpleData name="area_quadr">21.967</SimpleData>
					<SimpleData name="area_parci">7.65499</SimpleData>
					<SimpleData name="quadra">2</SimpleData>
					<SimpleData name="quadra_int">2</SimpleData>
				</SchemaData>
			</ExtendedData>
			<Polygon>
				<outerBoundaryIs>
					<LinearRing>
						<coordinates>
							-46.88553958981067,-22.46762952097529,0 -46.88526404301501,-22.46768574410351,0 -46.88506306807762,-22.46773415437644,0 -46.8848554929676,-22.46779652287047,0 -46.88467506042923,-22.46785794290378,0 -46.8844737476064,-22.46793159517421,0 -46.88426450250477,-22.46802111412132,0 -46.88401545630467,-22.46812939594717,0 -46.88364811234618,-22.468325502131,0 -46.88337382566641,-22.46847509086704,0 -46.88316097535381,-22.46859935388006,0 -46.88291659687558,-22.46875174744636,0 -46.8827095085858,-22.4689005504263,0 -46.88263543873711,-22.46894558310657,0 -46.88247447677549,-22.46914180092883,0 -46.88237157822499,-22.4693644724694,0 -46.88228862536321,-22.46955599361726,0 -46.88219267089809,-22.46984041900834,0 -46.88212979475718,-22.47006073032611,0 -46.88204669097593,-22.47029137324396,0 -46.88195588467471,-22.47055491644372,0 -46.88189580201236,-22.47068054966976,0 -46.88181287340885,-22.47087396325171,0 -46.88162977205076,-22.47108999882938,0 -46.88146616785511,-22.47129192537998,0 -46.88129153233063,-22.47163216283361,0 -46.88116885683851,-22.47179827726082,0 -46.88095324165943,-22.47191941512197,0 -46.88077519610935,-22.47200730403639,0 -46.88050876355219,-22.47213597479726,0 -46.88012707230337,-22.47232656235729,0 -46.87983231592866,-22.47246944369353,0 -46.87976680374516,-22.47249481535175,0 -46.87975851084325,-22.47243370796236,0 -46.87985132608583,-22.47236889783458,0 -46.87995405080699,-22.47228378107576,0 -46.88010505321629,-22.47215393340314,0 -46.88022463701873,-22.47206041728333,0 -46.88039459753677,-22.47182623826765,0 -46.88048923282344,-22.47169515475821,0 -46.8807408107819,-22.47132121013746,0 -46.8808426963673,-22.47119919093847,0 -46.88096278440618,-22.47104257148699,0 -46.88108396851096,-22.47091685668358,0 -46.88117609749418,-22.47075109873993,0 -46.88124474664072,-22.47055595913593,0 -46.88132273684692,-22.47034872209542,0 -46.88135021216812,-22.4702215766181,0 -46.88133996171815,-22.4700658467227,0 -46.88131233535058,-22.46993051059042,0 -46.88130521478927,-22.46975518410593,0 -46.88134609547375,-22.4696152628245,0 -46.88144912370086,-22.46940205487335,0 -46.88147518154994,-22.46927050913049,0 -46.88147221626968,-22.46920176803803,0 -46.88142543050208,-22.46905529801398,0 -46.88140847190513,-22.46895580267661,0 -46.88141186848481,-22.46885543886354,0 -46.88147042292729,-22.46871720425046,0 -46.88154182011195,-22.46852455637059,0 -46.88167213516412,-22.46832112542932,0 -46.88181954425903,-22.46807648188304,0 -46.88194552780169,-22.46795449638847,0 -46.88205073622354,-22.46790279091039,0 -46.88219432834556,-22.46782792243829,0 -46.88243774930713,-22.46770519674518,0 -46.882834798,-22.46749675804992,0 -46.88320784433487,-22.46732077818718,0 -46.88344015067599,-22.46722972933842,0 -46.8836068027386,-22.4671533284066,0 -46.88395175644632,-22.46700859255305,0 -46.88417506228092,-22.4669548750283,0 -46.88444209591723,-22.46687162163169,0 -46.88462034994984,-22.46684997842788,0 -46.88472368637013,-22.46686075910893,0 -46.88481094553578,-22.46688750186218,0 -46.88489697522453,-22.46692372347133,0 -46.8849997310268,-22.46699192892803,0 -46.88516866569827,-22.46713444595439,0 -46.88535827571371,-22.46724958939296,0 -46.88560787930056,-22.46743343763189,0 -46.88572590206982,-22.46752607183464,0 -46.88576118607087,-22.46757487476975,0 -46.88573239989941,-22.46760486693224,0 -46.88560770912382,-22.46762146829763,0 -46.88553958981067,-22.46762952097529,0 
						</coordinates>
					</LinearRing>
				</outerBoundaryIs>
			</Polygon>
		</Placemark>
		<Placemark>
			<name>2912</name>
			<styleUrl>#falseColor4</styleUrl>
			<Style id="inline">
				<IconStyle>
					<colorMode>random</colorMode>
				</IconStyle>
				<LineStyle>
					<colorMode>random</colorMode>
				</LineStyle>
				<PolyStyle>
					<colorMode>random</colorMode>
				</PolyStyle>
			</Style>
			<ExtendedData>
				<SchemaData schemaUrl="#S_FKA_DSSSSDDSD">
					<SimpleData name="id_0">2912</SimpleData>
					<SimpleData name="chave">FKA_65</SimpleData>
					<SimpleData name="fundo">10835 - FAZENDA KALUNGA</SimpleData>
					<SimpleData name="descricao">FKA - FAZENDA KALUNGA</SimpleData>
					<SimpleData name="regiao">FKA</SimpleData>
					<SimpleData name="area_quadr">8.53427</SimpleData>
					<SimpleData name="area_parci">8.53427</SimpleData>
					<SimpleData name="quadra">65</SimpleData>
					<SimpleData name="quadra_int">65</SimpleData>
				</SchemaData>
			</ExtendedData>
			<Polygon>
				<outerBoundaryIs>
					<LinearRing>
						<coordinates>
							-46.88619859683832,-22.47072333920372,0 -46.88606740204367,-22.47081131658738,0 -46.88599187232376,-22.47084879625487,0 -46.88508497887951,-22.47140960641546,0 -46.88479277887005,-22.47159032467823,0 -46.88452066895395,-22.47175061663166,0 -46.88429030271859,-22.47188518155295,0 -46.88381411851487,-22.47216647942664,0 -46.88364432277246,-22.47226184666075,0 -46.88344629000472,-22.47237773460114,0 -46.88334750863871,-22.47240286535555,0 -46.88330053455343,-22.47239331856841,0 -46.88328359482058,-22.47234556280035,0 -46.88331682428609,-22.47214200263475,0 -46.88340154188139,-22.47177978328133,0 -46.88346058738881,-22.47152733690941,0 -46.88351773283227,-22.47128500822135,0 -46.88358660160625,-22.47100594636111,0 -46.8836365102921,-22.47078073834564,0 -46.88369818494434,-22.47052195150232,0 -46.88374548908209,-22.47030497648635,0 -46.88379494894162,-22.47009680983987,0 -46.88383552463596,-22.46988433019639,0 -46.8839077777169,-22.46960459772236,0 -46.88394998380207,-22.46941229001574,0 -46.88399408109053,-22.46920923373046,0 -46.88404422763534,-22.46900168997126,0 -46.88408922536702,-22.46881502833927,0 -46.88414773506684,-22.46857331450908,0 -46.88419424834458,-22.46834814603587,0 -46.88424032957094,-22.46824160477624,0 -46.88441156709921,-22.46820300753225,0 -46.88468614634815,-22.46812534415409,0 -46.88500442353538,-22.46806609857033,0 -46.88519587892486,-22.46801653770046,0 -46.88539650845331,-22.46799273906192,0 -46.8854352930287,-22.46799922623152,0 -46.88549481711672,-22.46813355753366,0 -46.88556895892653,-22.46834469605085,0 -46.88565022193036,-22.46858035901667,0 -46.8857617663731,-22.46889643176143,0 -46.88583899152783,-22.46913466567759,0 -46.88591370224151,-22.46933759470829,0 -46.88600770586893,-22.46961159746073,0 -46.88607410076887,-22.46980200427771,0 -46.88617447054016,-22.47009486146715,0 -46.88623946563722,-22.47028212971284,0 -46.88630484542927,-22.47049778699259,0 -46.88631896440949,-22.47058785028361,0 -46.88627104810777,-22.47065907930655,0 -46.88619859683832,-22.47072333920372,0 
						</coordinates>
					</LinearRing>
				</outerBoundaryIs>
			</Polygon>
		</Placemark>
		<Placemark>
			<name>2913</name>
			<LookAt>
				<longitude>-46.88201666666667</longitude>
				<latitude>-22.47097222222222</latitude>
				<altitude>0</altitude>
				<heading>-1.252543780771191e-09</heading>
				<tilt>45.00022720855667</tilt>
				<range>1035.875002302033</range>
				<gx:altitudeMode>relativeToSeaFloor</gx:altitudeMode>
			</LookAt>
			<styleUrl>#falseColor10</styleUrl>
			<ExtendedData>
				<SchemaData schemaUrl="#S_FKA_DSSSSDDSD">
					<SimpleData name="id_0">2913</SimpleData>
					<SimpleData name="chave">FKA_2</SimpleData>
					<SimpleData name="fundo">10835 - FAZENDA KALUNGA</SimpleData>
					<SimpleData name="descricao">FKA - FAZENDA KALUNGA</SimpleData>
					<SimpleData name="regiao">FKA</SimpleData>
					<SimpleData name="area_quadr">21.967</SimpleData>
					<SimpleData name="area_parci">10.069</SimpleData>
					<SimpleData name="quadra">2</SimpleData>
					<SimpleData name="quadra_int">2</SimpleData>
				</SchemaData>
			</ExtendedData>
			<Polygon>
				<outerBoundaryIs>
					<LinearRing>
						<coordinates>
							-46.88320865950408,-22.47252752620046,0 -46.88313783214806,-22.47261164139783,0 -46.88298417319011,-22.47269546206368,0 -46.88269663394798,-22.47286981267942,0 -46.88245007490263,-22.47301213587873,0 -46.88223259329305,-22.47314591665708,0 -46.8821160630661,-22.4732141598173,0 -46.88188980741524,-22.47335182841055,0 -46.88157393427915,-22.47353975825314,0 -46.88141091481231,-22.47363441324498,0 -46.88126739317845,-22.47371495923698,0 -46.88105043467605,-22.47383737498072,0 -46.88081357149514,-22.47399409502032,0 -46.88069162633815,-22.47406366233435,0 -46.88067132154338,-22.47406831598722,0 -46.8805350163139,-22.47392919978028,0 -46.88036341035825,-22.47374001760196,0 -46.88017466157859,-22.47348793816431,0 -46.88002352916522,-22.47325624181715,0 -46.87989435765271,-22.47304195638057,0 -46.87991235337275,-22.47301713872332,0 -46.88021045108434,-22.47281995482393,0 -46.8804873968615,-22.47266529209647,0 -46.88087130946686,-22.4724380815139,0 -46.88112322016174,-22.47223954196022,0 -46.88130475305115,-22.47200775091954,0 -46.88143981442224,-22.47180363368767,0 -46.88149971040287,-22.47166412144635,0 -46.88167532568247,-22.4713964338481,0 -46.88185135801782,-22.47115965872305,0 -46.88206569765423,-22.47089404266033,0 -46.882147955634,-22.47070126776564,0 -46.88220263851767,-22.47052774382011,0 -46.88225119506529,-22.47035302943917,0 -46.88231112902364,-22.47016619380878,0 -46.88235786212044,-22.47000727492498,0 -46.88242061331294,-22.46982797800677,0 -46.88246345250627,-22.46968235491627,0 -46.88254058597664,-22.46951235459153,0 -46.88262086593389,-22.46932401938878,0 -46.88278048734431,-22.46912907901555,0 -46.88291580334158,-22.468994364413,0 -46.88315454721121,-22.46882689337087,0 -46.88344688909086,-22.46865690305454,0 -46.88358832530916,-22.46857322495763,0 -46.88375615722624,-22.46848355966182,0 -46.88386737194815,-22.46842421121846,0 -46.88400164821334,-22.46836333131998,0 -46.88412615219476,-22.46833285201478,0 -46.88413710201495,-22.4683895112833,0 -46.8841340828778,-22.46851763327334,0 -46.88408648106118,-22.4687125279398,0 -46.88389294323991,-22.46951170311448,0 -46.88339530998959,-22.47167038295921,0 -46.88331713730762,-22.47201454324329,0 -46.88324589368216,-22.47231887151579,0 -46.88323236764617,-22.47242313939208,0 -46.88320865950408,-22.47252752620046,0 
						</coordinates>
					</LinearRing>
				</outerBoundaryIs>
			</Polygon>
		</Placemark>
		<Placemark>
			<name>2914</name>
			<styleUrl>#falseColor4</styleUrl>
			<Style id="inline">
				<IconStyle>
					<colorMode>random</colorMode>
				</IconStyle>
				<LineStyle>
					<colorMode>random</colorMode>
				</LineStyle>
				<PolyStyle>
					<colorMode>random</colorMode>
				</PolyStyle>
			</Style>
			<ExtendedData>
				<SchemaData schemaUrl="#S_FKA_DSSSSDDSD">
					<SimpleData name="id_0">2914</SimpleData>
					<SimpleData name="chave">FKA_64</SimpleData>
					<SimpleData name="fundo">10835 - FAZENDA KALUNGA</SimpleData>
					<SimpleData name="descricao">FKA - FAZENDA KALUNGA</SimpleData>
					<SimpleData name="regiao">FKA</SimpleData>
					<SimpleData name="area_quadr">19.9332</SimpleData>
					<SimpleData name="area_parci">19.9332</SimpleData>
					<SimpleData name="quadra">64</SimpleData>
					<SimpleData name="quadra_int">64</SimpleData>
				</SchemaData>
			</ExtendedData>
			<Polygon>
				<outerBoundaryIs>
					<LinearRing>
						<coordinates>
							-46.88562650063922,-22.4679815316784,0 -46.88579105248891,-22.46805090682253,0 -46.88596648668752,-22.46817189393314,0 -46.88614986621293,-22.46832812213323,0 -46.88634302254258,-22.46850442671627,0 -46.88661787778029,-22.46874791974852,0 -46.8868487104285,-22.46894902155347,0 -46.88708572976108,-22.46915572929456,0 -46.88726430046466,-22.46930759556493,0 -46.88741735967357,-22.4694805821859,0 -46.88753703029169,-22.46964449497515,0 -46.88766282410867,-22.46985944438098,0 -46.88781342255806,-22.47010123486865,0 -46.88794938205235,-22.4703148030332,0 -46.88808898397844,-22.47054662646895,0 -46.88820007697339,-22.47077878361774,0 -46.88829413506874,-22.47095624597205,0 -46.88835631310834,-22.47103565066641,0 -46.88848893474182,-22.47120319670397,0 -46.88858588275769,-22.47134339790006,0 -46.88863404592658,-22.47144063372156,0 -46.88870330605241,-22.47164173204771,0 -46.8887477474193,-22.47176488109173,0 -46.88879954729629,-22.47182989489459,0 -46.88890546597963,-22.47198071720186,0 -46.8889972184027,-22.47208816864286,0 -46.88910336274247,-22.47220554687184,0 -46.88917973678068,-22.47228036807054,0 -46.88935717286807,-22.4723981726634,0 -46.88952853425565,-22.47251857210585,0 -46.8897269086314,-22.47267840566698,0 -46.88985988701264,-22.47282196942458,0 -46.88999379278215,-22.47298382023144,0 -46.89011700066101,-22.47315778470159,0 -46.89014882284672,-22.4732514257277,0 -46.89016501538355,-22.4733439880543,0 -46.89018368109902,-22.47346870070373,0 -46.89024432794441,-22.47363519593168,0 -46.89029101338043,-22.47377346130672,0 -46.89045588675628,-22.47396586591265,0 -46.89065775902903,-22.47418307509711,0 -46.89086279266109,-22.4744330571854,0 -46.89095559348252,-22.47461747295989,0 -46.89099572320043,-22.47477285105606,0 -46.8910279642767,-22.47494725067301,0 -46.89104695861857,-22.47504608965101,0 -46.89109976140258,-22.47523476027913,0 -46.89117698462787,-22.47542188246424,0 -46.89128125796707,-22.47560111564789,0 -46.89145319564445,-22.47586347340763,0 -46.89162191131231,-22.47613848807819,0 -46.89168247722929,-22.47624882747897,0 -46.891706671424,-22.47633056921316,0 -46.89179156200886,-22.47648226689982,0 -46.89178394595415,-22.47657132255219,0 -46.89173035851247,-22.47667479895564,0 -46.89166473217227,-22.4767916669158,0 -46.89163591132355,-22.47681913668049,0 -46.89160814811948,-22.47682451020185,0 -46.89156517651713,-22.47680987124923,0 -46.8914794510983,-22.47669667220143,0 -46.89140730906851,-22.47663379104953,0 -46.89132667663182,-22.47659561717364,0 -46.89119319033309,-22.47656500396729,0 -46.89104427110422,-22.4765478219894,0 -46.89095155708873,-22.47651988511073,0 -46.89084980620664,-22.47642643363574,0 -46.8906310452559,-22.47621573269111,0 -46.89042082697248,-22.47598410932179,0 -46.89020528385095,-22.47571027328199,0 -46.89002746818232,-22.47551486545736,0 -46.88988202601553,-22.47540362747326,0 -46.88970507595017,-22.47527193676854,0 -46.88939604459055,-22.47506292300329,0 -46.88922150846963,-22.47495896597903,0 -46.88898647246313,-22.47484940798928,0 -46.88868378917864,-22.47470783186281,0 -46.88849319059276,-22.47467094471858,0 -46.88815744856581,-22.47459474446139,0 -46.88783665786894,-22.47451963033631,0 -46.88759788955656,-22.47448519907275,0 -46.88723690396452,-22.47439982788827,0 -46.88699600545504,-22.47435848000149,0 -46.88677135584297,-22.47431378673906,0 -46.88653001807327,-22.47429011038301,0 -46.88632711633495,-22.47424705489653,0 -46.88629148474888,-22.47422286405066,0 -46.88628452083356,-22.47415984872411,0 -46.8863311770371,-22.47394540464805,0 -46.88637347823396,-22.47371018957175,0 -46.88642256741348,-22.47347489506086,0 -46.88649086693195,-22.47315419506258,0 -46.88657885157496,-22.472833264695,0 -46.88660630030287,-22.47265437952844,0 -46.88666427673336,-22.47237355126134,0 -46.88673753209596,-22.47206793642382,0 -46.88676894581624,-22.47183095576934,0 -46.88675988069375,-22.4717130708149,0 -46.88671375868324,-22.47156596399756,0 -46.88662016593759,-22.47127239704937,0 -46.88652132271272,-22.4709921417811,0 -46.88644392905115,-22.47079176843406,0 -46.88638998690971,-22.47066872976217,0 -46.88630350821903,-22.47039905609333,0 -46.88620671129991,-22.47011940756212,0 -46.88612123682351,-22.46987369879167,0 -46.8860335810777,-22.46961728900243,0 -46.88592561720176,-22.46931505596763,0 -46.88583080706464,-22.46903159804194,0 -46.88573987813763,-22.46878405984938,0 -46.88564214015913,-22.46848486177802,0 -46.88556101388025,-22.46825929270164,0 -46.88548273111954,-22.46804315484557,0 -46.88546575714565,-22.46799287582218,0 -46.88549078672464,-22.46798627346848,0 -46.88562650063922,-22.4679815316784,0 
						</coordinates>
					</LinearRing>
				</outerBoundaryIs>
			</Polygon>
		</Placemark>
		<Placemark>
			<name>2915</name>
			<styleUrl>#falseColor4</styleUrl>
			<Style id="inline">
				<IconStyle>
					<colorMode>random</colorMode>
				</IconStyle>
				<LineStyle>
					<colorMode>random</colorMode>
				</LineStyle>
				<PolyStyle>
					<colorMode>random</colorMode>
				</PolyStyle>
			</Style>
			<ExtendedData>
				<SchemaData schemaUrl="#S_FKA_DSSSSDDSD">
					<SimpleData name="id_0">2915</SimpleData>
					<SimpleData name="chave">FKA_69</SimpleData>
					<SimpleData name="fundo">10835 - FAZENDA KALUNGA</SimpleData>
					<SimpleData name="descricao">FKA - FAZENDA KALUNGA</SimpleData>
					<SimpleData name="regiao">FKA</SimpleData>
					<SimpleData name="area_quadr">7.26216</SimpleData>
					<SimpleData name="area_parci">7.26216</SimpleData>
					<SimpleData name="quadra">69</SimpleData>
					<SimpleData name="quadra_int">69</SimpleData>
				</SchemaData>
			</ExtendedData>
			<Polygon>
				<outerBoundaryIs>
					<LinearRing>
						<coordinates>
							-46.89091350875379,-22.47651780755713,0 -46.89073476423368,-22.47650412997087,0 -46.89052390948505,-22.47647568556019,0 -46.8903362289821,-22.47645390975421,0 -46.89022401771603,-22.47644008234813,0 -46.89001660004761,-22.47641475179363,0 -46.88951826116525,-22.4763644376963,0 -46.88888049862567,-22.47629619578574,0 -46.88711338261265,-22.47610614877619,0 -46.88699844793328,-22.47609171999994,0 -46.88649932062313,-22.47603320307235,0 -46.88618918809809,-22.47599329529365,0 -46.88592126228508,-22.47596172669624,0 -46.88590594368069,-22.47593351234312,0 -46.88598559231442,-22.47554832099942,0 -46.88606548467363,-22.47523127132385,0 -46.88618407552411,-22.47471375197617,0 -46.88624209607547,-22.47443607815166,0 -46.88628249412278,-22.47426082732855,0 -46.8863791249187,-22.47427736378797,0 -46.88665741775322,-22.4743226917812,0 -46.88698277970087,-22.47438450448932,0 -46.88718688550517,-22.47441618761009,0 -46.88745118877362,-22.47448123796203,0 -46.8876573654324,-22.47451542009747,0 -46.8879723833856,-22.47456536348636,0 -46.88810401043419,-22.47460925161463,0 -46.88830892385872,-22.47465038833258,0 -46.88849749449696,-22.47468793042294,0 -46.88862268730573,-22.47470791672065,0 -46.88872569318948,-22.47474393704166,0 -46.88886652174241,-22.47481547928339,0 -46.8891212946132,-22.47492859198042,0 -46.88931488883483,-22.47503611157287,0 -46.88954377931,-22.47519306361693,0 -46.88971924306619,-22.47531530743072,0 -46.88984749194722,-22.47541034198956,0 -46.88999162784012,-22.4755253811227,0 -46.89013748129514,-22.47566690058645,0 -46.89026510113681,-22.47581557433858,0 -46.89045011688788,-22.47604118382781,0 -46.89058198167095,-22.47620242683967,0 -46.89074995283189,-22.47637271073808,0 -46.8908901460492,-22.47649725969938,0 -46.89091350875379,-22.47651780755713,0 
						</coordinates>
					</LinearRing>
				</outerBoundaryIs>
			</Polygon>
		</Placemark>
		<Placemark>
			<name>2916</name>
			<styleUrl>#falseColor4</styleUrl>
			<Style id="inline">
				<IconStyle>
					<colorMode>random</colorMode>
				</IconStyle>
				<LineStyle>
					<colorMode>random</colorMode>
				</LineStyle>
				<PolyStyle>
					<colorMode>random</colorMode>
				</PolyStyle>
			</Style>
			<ExtendedData>
				<SchemaData schemaUrl="#S_FKA_DSSSSDDSD">
					<SimpleData name="id_0">2916</SimpleData>
					<SimpleData name="chave">FKA_66</SimpleData>
					<SimpleData name="fundo">10835 - FAZENDA KALUNGA</SimpleData>
					<SimpleData name="descricao">FKA - FAZENDA KALUNGA</SimpleData>
					<SimpleData name="regiao">FKA</SimpleData>
					<SimpleData name="area_quadr">9.05388</SimpleData>
					<SimpleData name="area_parci">9.05388</SimpleData>
					<SimpleData name="quadra">66</SimpleData>
					<SimpleData name="quadra_int">66</SimpleData>
				</SchemaData>
			</ExtendedData>
			<Polygon>
				<outerBoundaryIs>
					<LinearRing>
						<coordinates>
							-46.88624701151327,-22.47419751470866,0 -46.88611468568303,-22.47420221772451,0 -46.88578127263866,-22.47414743804021,0 -46.88529525051723,-22.47405342941868,0 -46.88488748024429,-22.4739723857273,0 -46.88441317822583,-22.47389148768494,0 -46.88400741960095,-22.47380852528714,0 -46.8835138813254,-22.47371081316907,0 -46.88310077610357,-22.47363676781856,0 -46.88303105105445,-22.47360161698785,0 -46.88300437754228,-22.47353693872724,0 -46.8830485026526,-22.47333577522255,0 -46.88310559813105,-22.47308966141592,0 -46.88316332959189,-22.47284038532043,0 -46.88321822992066,-22.47263278623091,0 -46.88327124617279,-22.47253689064248,0 -46.88351289825,-22.47238326615863,0 -46.88374048262414,-22.47224368701924,0 -46.88401264567104,-22.47208718147919,0 -46.88432859735502,-22.4719055559656,0 -46.88455494199231,-22.47177482380916,0 -46.88484485442715,-22.47162568111589,0 -46.8850231228082,-22.47150434393075,0 -46.88540608499824,-22.4713080516764,0 -46.88581285064709,-22.4710647884983,0 -46.88615482628168,-22.47085004491222,0 -46.88629234383077,-22.47077776769663,0 -46.88638493357752,-22.47079687544607,0 -46.88643873422425,-22.47085934281771,0 -46.88647239319067,-22.47093845100545,0 -46.88665356638948,-22.47148274958823,0 -46.88673311327563,-22.47174177761874,0 -46.88673307190868,-22.47183894719372,0 -46.88673325277028,-22.47195251933805,0 -46.88671100751585,-22.47206446101174,0 -46.88668794240499,-22.4721660013032,0 -46.8866441451791,-22.47236589973772,0 -46.88647626828885,-22.47315405039978,0 -46.8863972958002,-22.47348875657408,0 -46.8863614360674,-22.4736481801167,0 -46.88626475834715,-22.4741544012381,0 -46.88624701151327,-22.47419751470866,0 
						</coordinates>
					</LinearRing>
				</outerBoundaryIs>
			</Polygon>
		</Placemark>
		<Placemark>
			<name>2917</name>
			<styleUrl>#falseColor4</styleUrl>
			<Style id="inline">
				<IconStyle>
					<colorMode>random</colorMode>
				</IconStyle>
				<LineStyle>
					<colorMode>random</colorMode>
				</LineStyle>
				<PolyStyle>
					<colorMode>random</colorMode>
				</PolyStyle>
			</Style>
			<ExtendedData>
				<SchemaData schemaUrl="#S_FKA_DSSSSDDSD">
					<SimpleData name="id_0">2917</SimpleData>
					<SimpleData name="chave">FKA_67</SimpleData>
					<SimpleData name="fundo">10835 - FAZENDA KALUNGA</SimpleData>
					<SimpleData name="descricao">FKA - FAZENDA KALUNGA</SimpleData>
					<SimpleData name="regiao">FKA</SimpleData>
					<SimpleData name="area_quadr">13.8033</SimpleData>
					<SimpleData name="area_parci">13.8033</SimpleData>
					<SimpleData name="quadra">67</SimpleData>
					<SimpleData name="quadra_int">67</SimpleData>
				</SchemaData>
			</ExtendedData>
			<Polygon>
				<outerBoundaryIs>
					<LinearRing>
						<coordinates>
							-46.88623212150203,-22.47430116768836,0 -46.8862327453443,-22.47434722105887,0 -46.88621966102217,-22.47443381677244,0 -46.88618992735201,-22.47459443054602,0 -46.88615609509569,-22.47475319936359,0 -46.88613088601571,-22.47484687757679,0 -46.88609096993513,-22.47500761046685,0 -46.88605261650001,-22.47518346830105,0 -46.88601515063488,-22.47532461250103,0 -46.88598325198157,-22.47547578705259,0 -46.8859381528485,-22.47565487862417,0 -46.88590687306965,-22.47580162914764,0 -46.88587290358414,-22.47595030403616,0 -46.88584778814968,-22.47605092176897,0 -46.88580739775048,-22.47622680338771,0 -46.8857752556893,-22.47641016012559,0 -46.8857232871133,-22.47663349977416,0 -46.88568032639324,-22.47682013789248,0 -46.88564277056027,-22.47700481987419,0 -46.88559613826146,-22.47722115642156,0 -46.88555103438188,-22.47745009444105,0 -46.8855007172009,-22.4776450211565,0 -46.88547008907442,-22.47768954717063,0 -46.88537754210336,-22.47772407094855,0 -46.88526875834525,-22.47771272390374,0 -46.88487361464696,-22.47766245058715,0 -46.88457704673994,-22.47762175030964,0 -46.88421789850094,-22.47757231645845,0 -46.88388665932237,-22.4775282343411,0 -46.88355265377023,-22.477480398043,0 -46.88322760118678,-22.47744192097328,0 -46.8828799852352,-22.47739171838482,0 -46.88242020047991,-22.47733083653088,0 -46.88230047054464,-22.47731330558463,0 -46.88226140700231,-22.47723615254705,0 -46.8822256267766,-22.4771507585638,0 -46.88222952569651,-22.47708761614714,0 -46.88223013787267,-22.47698223718959,0 -46.88226477324537,-22.47683229313787,0 -46.88229767058902,-22.4767044532872,0 -46.88235276094036,-22.47651073351892,0 -46.88240172467543,-22.47631582333992,0 -46.88246232712147,-22.47607787135297,0 -46.88251670910315,-22.47583178939316,0 -46.88257638501975,-22.4755755500943,0 -46.88261010212756,-22.47540794957927,0 -46.88266019256,-22.47519599002163,0 -46.88270150940679,-22.47498791872781,0 -46.88276390853755,-22.47473227854175,0 -46.88281612523769,-22.47447675725772,0 -46.88285583670697,-22.47425040658252,0 -46.88290586676818,-22.47403403088868,0 -46.88294087751718,-22.47381152091139,0 -46.88300114435368,-22.47364928896502,0 -46.88620175991213,-22.47424000353008,0 -46.88623212150203,-22.47430116768836,0 
						</coordinates>
					</LinearRing>
				</outerBoundaryIs>
			</Polygon>
		</Placemark>
		<Placemark>
			<name>2918</name>
			<styleUrl>#falseColor4</styleUrl>
			<Style id="inline">
				<IconStyle>
					<colorMode>random</colorMode>
				</IconStyle>
				<LineStyle>
					<colorMode>random</colorMode>
				</LineStyle>
				<PolyStyle>
					<colorMode>random</colorMode>
				</PolyStyle>
			</Style>
			<ExtendedData>
				<SchemaData schemaUrl="#S_FKA_DSSSSDDSD">
					<SimpleData name="id_0">2918</SimpleData>
					<SimpleData name="chave">FKA_2</SimpleData>
					<SimpleData name="fundo">10835 - FAZENDA KALUNGA</SimpleData>
					<SimpleData name="descricao">FKA - FAZENDA KALUNGA</SimpleData>
					<SimpleData name="regiao">FKA</SimpleData>
					<SimpleData name="area_quadr">21.967</SimpleData>
					<SimpleData name="area_parci">3.88811</SimpleData>
					<SimpleData name="quadra">2</SimpleData>
					<SimpleData name="quadra_int">2</SimpleData>
				</SchemaData>
			</ExtendedData>
			<Polygon>
				<outerBoundaryIs>
					<LinearRing>
						<coordinates>
							-46.88225730309835,-22.47542595051613,0 -46.88194279118449,-22.47521256903345,0 -46.88166910311892,-22.47500565104519,0 -46.88147955831473,-22.47484570420919,0 -46.88123377133164,-22.47464350751886,0 -46.88105776123151,-22.47448024733755,0 -46.88091068789033,-22.47434819780558,0 -46.88074911826462,-22.47414817252992,0 -46.88070969303045,-22.47409436908098,0 -46.88082805666523,-22.47401096220731,0 -46.88100229299705,-22.47389220005082,0 -46.88137268278324,-22.47366893175003,0 -46.88167650839296,-22.47349376227191,0 -46.88200251227391,-22.47330192816537,0 -46.88230149929149,-22.47312050438192,0 -46.8824947568859,-22.47300278059424,0 -46.88287870084171,-22.47277808887645,0 -46.88311102965325,-22.4726378241827,0 -46.88316339161172,-22.47264415324378,0 -46.88315745666072,-22.47270731946445,0 -46.88315026646599,-22.47277807197421,0 -46.88309528921476,-22.47297999322387,0 -46.88303936368771,-22.473212212046,0 -46.88300560477223,-22.47337665827539,0 -46.88296068499154,-22.47361947500508,0 -46.88287698125679,-22.47400660561496,0 -46.88278779050603,-22.47443986100671,0 -46.88274051807984,-22.47465935931252,0 -46.88270809063584,-22.47482189703666,0 -46.88265130105151,-22.47509072204543,0 -46.88259595919567,-22.47531599327502,0 -46.88256601647056,-22.47546146579907,0 -46.88252415843152,-22.47557931482789,0 -46.88250521967126,-22.47558458373735,0 -46.88225730309835,-22.47542595051613,0 
						</coordinates>
					</LinearRing>
				</outerBoundaryIs>
			</Polygon>
		</Placemark>
		<Placemark>
			<name>2919</name>
			<styleUrl>#falseColor4</styleUrl>
			<Style id="inline">
				<IconStyle>
					<colorMode>random</colorMode>
				</IconStyle>
				<LineStyle>
					<colorMode>random</colorMode>
				</LineStyle>
				<PolyStyle>
					<colorMode>random</colorMode>
				</PolyStyle>
			</Style>
			<ExtendedData>
				<SchemaData schemaUrl="#S_FKA_DSSSSDDSD">
					<SimpleData name="id_0">2919</SimpleData>
					<SimpleData name="chave">FKA_93</SimpleData>
					<SimpleData name="fundo">10835 - FAZENDA KALUNGA</SimpleData>
					<SimpleData name="descricao">FKA - FAZENDA KALUNGA</SimpleData>
					<SimpleData name="regiao">FKA</SimpleData>
					<SimpleData name="area_quadr">26.9882</SimpleData>
					<SimpleData name="area_parci">22.4708</SimpleData>
					<SimpleData name="quadra">93</SimpleData>
					<SimpleData name="quadra_int">93</SimpleData>
				</SchemaData>
			</ExtendedData>
			<Polygon>
				<outerBoundaryIs>
					<LinearRing>
						<coordinates>
							-46.88515565325334,-22.47963849923707,0 -46.88520796060152,-22.47938991704853,0 -46.88524926115855,-22.47913073712619,0 -46.88529061285988,-22.47887534240441,0 -46.88533580288491,-22.47865271311573,0 -46.88538730268684,-22.47839467580629,0 -46.88544541978391,-22.47812394172286,0 -46.88550029164537,-22.47781412556543,0 -46.88554933665001,-22.4776255234114,0 -46.88560421287719,-22.47736618461702,0 -46.88564999076123,-22.47708676126027,0 -46.88571605638487,-22.47680142185732,0 -46.88585202917991,-22.47621366191191,0 -46.8858731400552,-22.47611813877085,0 -46.88588759563351,-22.47608263544997,0 -46.88592372224557,-22.47604309279449,0 -46.88596085237946,-22.47602751517666,0 -46.88603677790645,-22.47601905528222,0 -46.88645699931266,-22.47606650866036,0 -46.88690361803788,-22.47610797323665,0 -46.88745772173596,-22.47616521423851,0 -46.88793225811134,-22.47621265872495,0 -46.88838640436268,-22.47625844774795,0 -46.88864006715883,-22.47628954831313,0 -46.88896923338273,-22.47633112115842,0 -46.88938059719526,-22.47637614671538,0 -46.88957233334293,-22.47639661417732,0 -46.88985512593729,-22.47642295457587,0 -46.89019175969361,-22.47646443733625,0 -46.8904651688633,-22.47649972020944,0 -46.89069434328868,-22.47652731886402,0 -46.89082159155606,-22.47654854116062,0 -46.89095634974586,-22.47657283009408,0 -46.8912209088158,-22.47660632257453,0 -46.89131018596839,-22.4766311447816,0 -46.89141672511374,-22.47667721726273,0 -46.89147241256932,-22.47672830311644,0 -46.89154226792814,-22.4768227593924,0 -46.89156335946272,-22.47692599041039,0 -46.89155112005155,-22.47702456480656,0 -46.89142226135863,-22.47733461944554,0 -46.89127278697447,-22.47767646421036,0 -46.89114411751967,-22.47795055136055,0 -46.89098229627789,-22.47823322990678,0 -46.89083484984793,-22.47852457323003,0 -46.89067673855652,-22.47883055377019,0 -46.8905190826984,-22.47912012371034,0 -46.89034321755599,-22.47941874061135,0 -46.89018965913706,-22.47971015513364,0 -46.89007842377151,-22.47991841661382,0 -46.8900121244026,-22.4800359228837,0 -46.88992511075315,-22.48007795600966,0 -46.88954245264153,-22.48004773918745,0 -46.88920056785008,-22.48002019838781,0 -46.88876344861996,-22.4799792606093,0 -46.88826712497592,-22.47992828877855,0 -46.88796053165185,-22.47989970090248,0 -46.88756760594408,-22.47986328992337,0 -46.88719372210046,-22.47982917889601,0 -46.88680899403101,-22.47979645586644,0 -46.88657376478657,-22.47977333959432,0 -46.88628347260891,-22.47974518865492,0 -46.88578519904774,-22.47970054156684,0 -46.88518146626064,-22.479639459273,0 -46.88515565325334,-22.47963849923707,0 
						</coordinates>
					</LinearRing>
				</outerBoundaryIs>
			</Polygon>
		</Placemark>
		<Placemark>
			<name>2920</name>
			<styleUrl>#falseColor4</styleUrl>
			<Style id="inline">
				<IconStyle>
					<colorMode>random</colorMode>
				</IconStyle>
				<LineStyle>
					<colorMode>random</colorMode>
				</LineStyle>
				<PolyStyle>
					<colorMode>random</colorMode>
				</PolyStyle>
			</Style>
			<ExtendedData>
				<SchemaData schemaUrl="#S_FKA_DSSSSDDSD">
					<SimpleData name="id_0">2920</SimpleData>
					<SimpleData name="chave">FKA_93</SimpleData>
					<SimpleData name="fundo">10835 - FAZENDA KALUNGA</SimpleData>
					<SimpleData name="descricao">FKA - FAZENDA KALUNGA</SimpleData>
					<SimpleData name="regiao">FKA</SimpleData>
					<SimpleData name="area_quadr">26.9882</SimpleData>
					<SimpleData name="area_parci">4.51745</SimpleData>
					<SimpleData name="quadra">93</SimpleData>
					<SimpleData name="quadra_int">93</SimpleData>
				</SchemaData>
			</ExtendedData>
			<Polygon>
				<outerBoundaryIs>
					<LinearRing>
						<coordinates>
							-46.88512670167865,-22.47955618103267,0 -46.88506804413714,-22.47958652253974,0 -46.88480824044047,-22.47955359555712,0 -46.88455812408708,-22.47948395873309,0 -46.88431790021023,-22.47939275294069,0 -46.88412158768835,-22.47928525928939,0 -46.88389383546621,-22.47916235862782,0 -46.88374306545438,-22.47905874896889,0 -46.88361182829829,-22.47894355346887,0 -46.88335663407232,-22.47869919573846,0 -46.88320013170867,-22.4785230911062,0 -46.88307585923178,-22.47837058659217,0 -46.88288533537497,-22.47813872283248,0 -46.88270876052143,-22.47788398101144,0 -46.88253581081425,-22.4776462327741,0 -46.88238227838571,-22.47743854407292,0 -46.88232255133067,-22.47733954844065,0 -46.88269185548165,-22.47738697507415,0 -46.88317283781413,-22.47745896593343,0 -46.88364484210134,-22.4775197028049,0 -46.88410133604371,-22.47758819117777,0 -46.88454887744411,-22.47764731837012,0 -46.88505892279992,-22.47770949918401,0 -46.88540911005072,-22.47774894044323,0 -46.88545187250705,-22.47779828674658,0 -46.88546170934693,-22.47782277944129,0 -46.88544430829516,-22.47794160496569,0 -46.8853881764812,-22.47820853002111,0 -46.88535068837484,-22.47839825890179,0 -46.88532809109347,-22.47848433485538,0 -46.88528223934046,-22.47870823381919,0 -46.88525190673193,-22.47892501061536,0 -46.88521794065722,-22.47912416279814,0 -46.88519089496785,-22.47928285208468,0 -46.88515268486123,-22.47946943453283,0 -46.88512670167865,-22.47955618103267,0 
						</coordinates>
					</LinearRing>
				</outerBoundaryIs>
			</Polygon>
		</Placemark>
		<Placemark>
			<name>2921</name>
			<styleUrl>#falseColor4</styleUrl>
			<Style id="inline">
				<IconStyle>
					<colorMode>random</colorMode>
				</IconStyle>
				<LineStyle>
					<colorMode>random</colorMode>
				</LineStyle>
				<PolyStyle>
					<colorMode>random</colorMode>
				</PolyStyle>
			</Style>
			<ExtendedData>
				<SchemaData schemaUrl="#S_FKA_DSSSSDDSD">
					<SimpleData name="id_0">2921</SimpleData>
					<SimpleData name="chave">FKA_95</SimpleData>
					<SimpleData name="fundo">10835 - FAZENDA KALUNGA</SimpleData>
					<SimpleData name="descricao">FKA - FAZENDA KALUNGA</SimpleData>
					<SimpleData name="regiao">FKA</SimpleData>
					<SimpleData name="area_quadr">38.3189</SimpleData>
					<SimpleData name="area_parci">20.1278</SimpleData>
					<SimpleData name="quadra">95</SimpleData>
					<SimpleData name="quadra_int">95</SimpleData>
				</SchemaData>
			</ExtendedData>
			<Polygon>
				<outerBoundaryIs>
					<LinearRing>
						<coordinates>
							-46.88984678270532,-22.48015963815816,0 -46.88986437038238,-22.48020486154763,0 -46.88986858457886,-22.4803152313122,0 -46.8898761695228,-22.48037382228208,0 -46.88984977588747,-22.48048013415826,0 -46.8897829983053,-22.48071248190222,0 -46.88968788890401,-22.48095841209817,0 -46.88961093675647,-22.48119151004354,0 -46.88953780054874,-22.48140563422289,0 -46.88945049163085,-22.48167608056401,0 -46.88938252030917,-22.48187058417227,0 -46.88931857910296,-22.48206188568216,0 -46.88924347403218,-22.48228108057284,0 -46.88917020836816,-22.48248574164057,0 -46.88909859133496,-22.48271183622805,0 -46.88900916730404,-22.48297662847751,0 -46.88895236724872,-22.48314386943887,0 -46.88888768620362,-22.48333076272184,0 -46.88883520981778,-22.48346640463876,0 -46.88875890987982,-22.4834975852605,0 -46.88850460962197,-22.48357060265789,0 -46.88817829017302,-22.483640046691,0 -46.88775300242091,-22.48372137580218,0 -46.88730381712993,-22.48379288819942,0 -46.88686240128289,-22.48383654584593,0 -46.88637130001094,-22.48387131935494,0 -46.88602636205752,-22.48386967772608,0 -46.88571370164582,-22.48384494285699,0 -46.88539221984161,-22.48377046413062,0 -46.88524137995642,-22.4837122867661,0 -46.88508669303025,-22.48362071296142,0 -46.88495497643888,-22.4835206677571,0 -46.88487234289525,-22.48343519162371,0 -46.88480742811378,-22.4833545559651,0 -46.88474707747239,-22.48325998560755,0 -46.88469051815746,-22.48314454894622,0 -46.88463821549055,-22.48299246634497,0 -46.88462550465471,-22.48290617238075,0 -46.88461207227294,-22.48281673201174,0 -46.88459415227413,-22.48264658022185,0 -46.88459764411049,-22.4825033096723,0 -46.88459862959365,-22.48232536519157,0 -46.88462781084906,-22.48212374519371,0 -46.88467444571339,-22.48190740883491,0 -46.88470992439486,-22.48171959648044,0 -46.88476742465042,-22.48145328657597,0 -46.88481738505396,-22.48123186355289,0 -46.88485847760452,-22.4810073893816,0 -46.8848996002306,-22.4808352851914,0 -46.88490662332514,-22.48080239272567,0 -46.8849410821498,-22.48079000135188,0 -46.88499839377169,-22.48050981229539,0 -46.88504801186517,-22.48026315450246,0 -46.88508462535892,-22.48005892364483,0 -46.88512125124958,-22.47980547713303,0 -46.88514311871168,-22.47971562392932,0 -46.88555554221725,-22.4797379315088,0 -46.88600406396561,-22.47976864919474,0 -46.88646266582811,-22.47979167603285,0 -46.88693100238587,-22.47983162371769,0 -46.88977612557991,-22.48010620345058,0 -46.88984678270532,-22.48015963815816,0 
						</coordinates>
					</LinearRing>
				</outerBoundaryIs>
			</Polygon>
		</Placemark>
		<Placemark>
			<name>2922</name>
			<styleUrl>#falseColor4</styleUrl>
			<Style id="inline">
				<IconStyle>
					<colorMode>random</colorMode>
				</IconStyle>
				<LineStyle>
					<colorMode>random</colorMode>
				</LineStyle>
				<PolyStyle>
					<colorMode>random</colorMode>
				</PolyStyle>
			</Style>
			<ExtendedData>
				<SchemaData schemaUrl="#S_FKA_DSSSSDDSD">
					<SimpleData name="id_0">2922</SimpleData>
					<SimpleData name="chave">FKA_95</SimpleData>
					<SimpleData name="fundo">10835 - FAZENDA KALUNGA</SimpleData>
					<SimpleData name="descricao">FKA - FAZENDA KALUNGA</SimpleData>
					<SimpleData name="regiao">FKA</SimpleData>
					<SimpleData name="area_quadr">38.3189</SimpleData>
					<SimpleData name="area_parci">18.1911</SimpleData>
					<SimpleData name="quadra">95</SimpleData>
					<SimpleData name="quadra_int">95</SimpleData>
				</SchemaData>
			</ExtendedData>
			<Polygon>
				<outerBoundaryIs>
					<LinearRing>
						<coordinates>
							-46.88876448978638,-22.48360857001935,0 -46.88877060554705,-22.48365897568659,0 -46.88874105857644,-22.48373314507694,0 -46.88868017623729,-22.48389980284007,0 -46.88861999830873,-22.48406834523079,0 -46.88856446098967,-22.48422863065456,0 -46.8885062680306,-22.48439336395081,0 -46.88843736722576,-22.48456958010757,0 -46.88838370875211,-22.48461816234389,0 -46.88831815006188,-22.48464038339631,0 -46.88821712783295,-22.48465103157043,0 -46.88810566587427,-22.4846428729875,0 -46.8880015772789,-22.48462768730982,0 -46.88787489794876,-22.48459888493148,0 -46.88773482965475,-22.48458412055726,0 -46.88757377651769,-22.48457401861704,0 -46.88743459245649,-22.48457438683075,0 -46.88704643662663,-22.48459028975251,0 -46.88669424330275,-22.48460450879384,0 -46.88650037903661,-22.4846282311642,0 -46.88637377352705,-22.48465495184653,0 -46.88594938087777,-22.48465234727367,0 -46.88575301816369,-22.48464202574894,0 -46.88547876068162,-22.48459538825525,0 -46.88515202573799,-22.48453422092667,0 -46.88481855365595,-22.48447691751831,0 -46.88451563065733,-22.48441925617851,0 -46.88433395553901,-22.48439046307827,0 -46.88413698678241,-22.48433534791735,0 -46.88409087095709,-22.48428919543158,0 -46.8840132925618,-22.48417589717086,0 -46.88397981471223,-22.48406019042738,0 -46.88396750542081,-22.48390322329477,0 -46.88392298659494,-22.48377439526922,0 -46.88386965547979,-22.48369677864465,0 -46.88381964611958,-22.4836639219022,0 -46.88370182762171,-22.48363753643493,0 -46.88355381050178,-22.48363737351334,0 -46.88351786506312,-22.48364031748554,0 -46.88341184335471,-22.48363272297632,0 -46.88332313055622,-22.48359968740153,0 -46.88327038883616,-22.48356560047207,0 -46.88322486705352,-22.48351313107958,0 -46.88319612046627,-22.48344595338609,0 -46.88318535313537,-22.48335269590365,0 -46.88317736608956,-22.48311365226689,0 -46.88314418003204,-22.4829190708386,0 -46.88315055609729,-22.48263758448427,0 -46.88315914341603,-22.48241916911616,0 -46.88311112462833,-22.48233265654747,0 -46.88300765327372,-22.48226256604779,0 -46.8828695984916,-22.48224588084205,0 -46.88271550724242,-22.48224831189944,0 -46.88260168643792,-22.48221620012734,0 -46.88254363405315,-22.48219100850585,0 -46.88252518182639,-22.48213191299649,0 -46.88250811029362,-22.48192389279073,0 -46.88248515213395,-22.48163202251592,0 -46.8824461954873,-22.4814122694932,0 -46.88240149132719,-22.4812695617417,0 -46.88234021701819,-22.48115670301346,0 -46.88223889078122,-22.48104431198777,0 -46.8820756822308,-22.48097491840008,0 -46.88191760104194,-22.48093322739421,0 -46.88160663428028,-22.48088259462445,0 -46.88152607833263,-22.48085009367021,0 -46.88149870794219,-22.48078416144847,0 -46.88147959128218,-22.48067585795951,0 -46.88152584188219,-22.48048097965451,0 -46.88158006463164,-22.48022291138938,0 -46.88163635451103,-22.47991686534457,0 -46.8817229754963,-22.47954421346196,0 -46.88178410205398,-22.47924442060082,0 -46.88184366944396,-22.47897998018192,0 -46.88191604244733,-22.47860812552917,0 -46.88196189625678,-22.47833374967985,0 -46.8820203271193,-22.47808572767078,0 -46.88208192678547,-22.47777078594356,0 -46.88213340346875,-22.47746037917557,0 -46.88216323097596,-22.47735655200771,0 -46.8822062701926,-22.477376240478,0 -46.88232833018927,-22.47746567473422,0 -46.88247879751078,-22.47764752956266,0 -46.88260615934588,-22.47782776116904,0 -46.88279070930579,-22.4780697905938,0 -46.88294909731516,-22.47828499372088,0 -46.88312242873806,-22.47850065305209,0 -46.88329606403571,-22.47868854599534,0 -46.88345190494942,-22.47886592017944,0 -46.88374659177596,-22.47911864975485,0 -46.88391105815101,-22.47923093288446,0 -46.88412406388851,-22.47936788718853,0 -46.88429074239631,-22.47944291691021,0 -46.88454356123827,-22.47956173808071,0 -46.88483059988784,-22.47965050318064,0 -46.88493658891238,-22.47970605087976,0 -46.88494639165668,-22.47972802012489,0 -46.8849125400937,-22.47988552703264,0 -46.88485992055853,-22.48016124442794,0 -46.88479886477546,-22.48051593146266,0 -46.88482076767256,-22.48062924957565,0 -46.88479937825388,-22.48075443136431,0 -46.88482300569995,-22.48079453701883,0 -46.88475816298489,-22.48122056770078,0 -46.88470676837622,-22.48153665267727,0 -46.88464500739639,-22.48188945499877,0 -46.88457586868387,-22.4822991306843,0 -46.88456098598266,-22.48250373832182,0 -46.88455731067296,-22.4826836071578,0 -46.88459502042456,-22.48296142305585,0 -46.88466523412456,-22.48318270269046,0 -46.88475217576282,-22.48333564212522,0 -46.88489846026588,-22.48350870939981,0 -46.88516734150605,-22.48370999799533,0 -46.88543844698395,-22.483824817508,0 -46.88556166256799,-22.48384861466031,0 -46.88578423969668,-22.48388954715476,0 -46.88597581512534,-22.48389740085554,0 -46.88637165912976,-22.48389781578109,0 -46.88671016238118,-22.4838755552397,0 -46.88702826545924,-22.48385100898893,0 -46.88726690758406,-22.48382486878575,0 -46.88758336174188,-22.48377888787892,0 -46.88801747496501,-22.48369745581076,0 -46.88841837489974,-22.48362019757962,0 -46.88871069989401,-22.48354736566125,0 -46.88876448978638,-22.48360857001935,0 
						</coordinates>
					</LinearRing>
				</outerBoundaryIs>
			</Polygon>
		</Placemark>
		<Placemark>
			<name>2923</name>
			<styleUrl>#falseColor4</styleUrl>
			<Style id="inline">
				<IconStyle>
					<colorMode>random</colorMode>
				</IconStyle>
				<LineStyle>
					<colorMode>random</colorMode>
				</LineStyle>
				<PolyStyle>
					<colorMode>random</colorMode>
				</PolyStyle>
			</Style>
			<ExtendedData>
				<SchemaData schemaUrl="#S_FKA_DSSSSDDSD">
					<SimpleData name="id_0">2923</SimpleData>
					<SimpleData name="chave">FKA_94</SimpleData>
					<SimpleData name="fundo">10835 - FAZENDA KALUNGA</SimpleData>
					<SimpleData name="descricao">FKA - FAZENDA KALUNGA</SimpleData>
					<SimpleData name="regiao">FKA</SimpleData>
					<SimpleData name="area_quadr">34.9433</SimpleData>
					<SimpleData name="area_parci">34.9433</SimpleData>
					<SimpleData name="quadra">94</SimpleData>
					<SimpleData name="quadra_int">94</SimpleData>
				</SchemaData>
			</ExtendedData>
			<Polygon>
				<outerBoundaryIs>
					<LinearRing>
						<coordinates>
							-46.88141541963331,-22.4807504303918,0 -46.8813535796171,-22.48079658198622,0 -46.88130208954623,-22.48080475461961,0 -46.88119051987923,-22.48078838970633,0 -46.88101355925863,-22.48075638266759,0 -46.88090183621085,-22.48072866189791,0 -46.88088336786134,-22.48066830439022,0 -46.88085556616127,-22.48062067517327,0 -46.88080789347617,-22.48060987402943,0 -46.8807658049949,-22.48061036515353,0 -46.88074180974689,-22.4806434555362,0 -46.88074919486661,-22.4806875371955,0 -46.88074790536185,-22.48069259999464,0 -46.88074802469265,-22.48070143216888,0 -46.88057651206793,-22.48067062300464,0 -46.8800264359738,-22.48056094177576,0 -46.88001202406122,-22.480499274891,0 -46.88000211124626,-22.48046910398954,0 -46.87997609357377,-22.48045300225466,0 -46.87995304688849,-22.48045579494086,0 -46.879932885983,-22.48047117335102,0 -46.87993468670759,-22.48050396275034,0 -46.87993109074151,-22.48053933897091,0 -46.87992851167325,-22.48054946456014,0 -46.87960169421933,-22.48048134555588,0 -46.87938770176211,-22.48042200587094,0 -46.87933149128716,-22.48038227923642,0 -46.87929707204304,-22.48034734626268,0 -46.87926331213571,-22.48026066609761,0 -46.87925395662587,-22.48017117751168,0 -46.87924372037082,-22.48011703348283,0 -46.87920275123136,-22.48009984399396,0 -46.87917442711523,-22.48011405554564,0 -46.87915441945356,-22.48014078952525,0 -46.87916326392164,-22.48019242590986,0 -46.8791833105769,-22.4802691704694,0 -46.87920637923462,-22.4803685946921,0 -46.87920787319064,-22.48037867278558,0 -46.87890980632701,-22.48032788427602,0 -46.87880186751038,-22.48027866492524,0 -46.87864082104418,-22.48011775190228,0 -46.87850960562727,-22.47985301200555,0 -46.87840481668229,-22.47963465576295,0 -46.87829125633449,-22.47947066504022,0 -46.87817627463286,-22.47940259819083,0 -46.87806463821222,-22.47938118404255,0 -46.87791115193347,-22.47937792454774,0 -46.87772659210381,-22.47938638435419,0 -46.87743309423444,-22.47937213598673,0 -46.87725102851956,-22.47936416097776,0 -46.87721662704885,-22.47933048924435,0 -46.87713331160096,-22.4791939080514,0 -46.87698194942999,-22.47874389606496,0 -46.87682634522466,-22.47828131384523,0 -46.87671161129333,-22.47792930633889,0 -46.87656176287948,-22.47749063358173,0 -46.87644321250428,-22.47715759931839,0 -46.87634436715489,-22.47687607514002,0 -46.87621770599157,-22.47654565891701,0 -46.87615037669885,-22.47628522073875,0 -46.87618773739992,-22.47593396629935,0 -46.87645014170391,-22.47545516036327,0 -46.87649355236923,-22.47545213118269,0 -46.87653451981465,-22.47546932148629,0 -46.87659278789915,-22.47576267545319,0 -46.8766089662572,-22.47595556407992,0 -46.87664230383254,-22.47621261192617,0 -46.87664971292736,-22.47656082133573,0 -46.87668204739015,-22.47674342631883,0 -46.87669600105727,-22.47687198182595,0 -46.87670469713461,-22.47711417319891,0 -46.87674001633074,-22.47721597919845,0 -46.87681855971613,-22.47730087671061,0 -46.87692245656987,-22.47735266852229,0 -46.87712035557471,-22.47742734252308,0 -46.87724023837626,-22.4774562330368,0 -46.87739699936435,-22.47750109918298,0 -46.87750948139604,-22.47748464583501,0 -46.8776401879494,-22.47740993088433,0 -46.87770138125444,-22.47731583452318,0 -46.87771612467532,-22.47720082623391,0 -46.87767173993786,-22.47703098131526,0 -46.87760113800152,-22.47693084845648,0 -46.8774045052361,-22.47664794011035,0 -46.87718907027214,-22.4763803937048,0 -46.87713711895668,-22.47625354266199,0 -46.87716949204744,-22.4760361119151,0 -46.87725406814041,-22.4758635031289,0 -46.8772818439847,-22.47570796098817,0 -46.87727221809417,-22.47559828425142,0 -46.87722735824914,-22.47539311031502,0 -46.87715818005764,-22.47519705310643,0 -46.87708791658844,-22.4750211995416,0 -46.8770776616027,-22.47486483828917,0 -46.8771039809427,-22.47480269673969,0 -46.87749032288328,-22.47455338137877,0 -46.87795406185097,-22.47420347031235,0 -46.87837808681069,-22.47382878194202,0 -46.87866866204353,-22.47362727154737,0 -46.87894637521616,-22.47347891205414,0 -46.87938615111244,-22.47326556600715,0 -46.87982572120171,-22.47303707795435,0 -46.88001666696565,-22.47330112069039,0 -46.88029505199748,-22.4737054805797,0 -46.88063984327301,-22.47410023166975,0 -46.88100481354448,-22.47448086512441,0 -46.88138417429136,-22.47482094764817,0 -46.88181514422318,-22.47516168867163,0 -46.88236195930211,-22.47553388616635,0 -46.88245703540386,-22.47563625488633,0 -46.88247735592739,-22.47573318681668,0 -46.88246400829815,-22.47585070290506,0 -46.88237517525894,-22.47621013057742,0 -46.88227171469101,-22.47659244389223,0 -46.88218334136734,-22.47698593843903,0 -46.88204969760032,-22.47774718542101,0 -46.88146900451842,-22.48059584849457,0 -46.88141541963331,-22.4807504303918,0 
						</coordinates>
					</LinearRing>
				</outerBoundaryIs>
			</Polygon>
		</Placemark>
		<Placemark>
			<name>2924</name>
			<styleUrl>#falseColor4</styleUrl>
			<Style id="inline">
				<IconStyle>
					<colorMode>random</colorMode>
				</IconStyle>
				<LineStyle>
					<colorMode>random</colorMode>
				</LineStyle>
				<PolyStyle>
					<colorMode>random</colorMode>
				</PolyStyle>
			</Style>
			<ExtendedData>
				<SchemaData schemaUrl="#S_FKA_DSSSSDDSD">
					<SimpleData name="id_0">2924</SimpleData>
					<SimpleData name="chave">FKA_33</SimpleData>
					<SimpleData name="fundo">10835 - FAZENDA KALUNGA</SimpleData>
					<SimpleData name="descricao">FKA - FAZENDA KALUNGA</SimpleData>
					<SimpleData name="regiao">FKA</SimpleData>
					<SimpleData name="area_quadr">8.80853</SimpleData>
					<SimpleData name="area_parci">1.90531</SimpleData>
					<SimpleData name="quadra">33</SimpleData>
					<SimpleData name="quadra_int">33</SimpleData>
				</SchemaData>
			</ExtendedData>
			<Polygon>
				<outerBoundaryIs>
					<LinearRing>
						<coordinates>
							-46.87509950857629,-22.47256336163866,0 -46.87521624361147,-22.4723588312602,0 -46.87528938173145,-22.47214345042709,0 -46.87530741822345,-22.47197035457136,0 -46.87528206209586,-22.47180154924876,0 -46.8752142973421,-22.47160926025725,0 -46.87582635422254,-22.47138382455847,0 -46.87652897742169,-22.47112830794552,0 -46.87698831798837,-22.47095638496631,0 -46.8770916176415,-22.47106497128188,0 -46.87721833686683,-22.47119852367639,0 -46.87726285168077,-22.47127750768606,0 -46.87733248994538,-22.47160858738052,0 -46.8772977209313,-22.47169859003851,0 -46.87717833236084,-22.47185709177898,0 -46.87708651800727,-22.47194586565073,0 -46.876989229143,-22.47198107070642,0 -46.87687930509546,-22.47198550523209,0 -46.87676420429693,-22.47195845140849,0 -46.87648682519652,-22.471879653764,0 -46.87619697290183,-22.47178207164619,0 -46.87611592311151,-22.47176282371579,0 -46.87604369038868,-22.47179331984932,0 -46.87597811927145,-22.47186475154956,0 -46.87589079333073,-22.47198439013244,0 -46.87578061823604,-22.47217180839922,0 -46.87569168135059,-22.47237349185386,0 -46.87560193702166,-22.4725152424236,0 -46.87549766471897,-22.47258649320534,0 -46.87534620610196,-22.4726324229848,0 -46.87511480919328,-22.47269127081243,0 -46.87500996737378,-22.47272025286005,0 -46.8750232802546,-22.47270053793024,0 -46.87509950857629,-22.47256336163866,0 
						</coordinates>
					</LinearRing>
				</outerBoundaryIs>
			</Polygon>
		</Placemark>
		<Placemark>
			<name>2925</name>
			<styleUrl>#falseColor4</styleUrl>
			<Style id="inline">
				<IconStyle>
					<colorMode>random</colorMode>
				</IconStyle>
				<LineStyle>
					<colorMode>random</colorMode>
				</LineStyle>
				<PolyStyle>
					<colorMode>random</colorMode>
				</PolyStyle>
			</Style>
			<ExtendedData>
				<SchemaData schemaUrl="#S_FKA_DSSSSDDSD">
					<SimpleData name="id_0">2925</SimpleData>
					<SimpleData name="chave">FKA_25</SimpleData>
					<SimpleData name="fundo">10835 - FAZENDA KALUNGA</SimpleData>
					<SimpleData name="descricao">FKA - FAZENDA KALUNGA</SimpleData>
					<SimpleData name="regiao">FKA</SimpleData>
					<SimpleData name="area_quadr">11.4371</SimpleData>
					<SimpleData name="area_parci">5.12487</SimpleData>
					<SimpleData name="quadra">25</SimpleData>
					<SimpleData name="quadra_int">25</SimpleData>
				</SchemaData>
			</ExtendedData>
			<Polygon>
				<outerBoundaryIs>
					<LinearRing>
						<coordinates>
							-46.86835905258242,-22.47060230979272,0 -46.86841708102219,-22.47037322517081,0 -46.86850699428463,-22.47019298693092,0 -46.86861737288632,-22.47002008315362,0 -46.86873993899302,-22.46974355850972,0 -46.86878501699947,-22.46956131587276,0 -46.86881738560987,-22.46934262410019,0 -46.86882015803042,-22.46914446647464,0 -46.86881860700507,-22.46882647409575,0 -46.86881554609926,-22.46849714169088,0 -46.86883544237305,-22.46825966526452,0 -46.86890098843595,-22.46798380138202,0 -46.86907356228807,-22.46715901242775,0 -46.86920452942962,-22.4673064039923,0 -46.86935126834277,-22.46751607891503,0 -46.86943039424655,-22.46764514203546,0 -46.86954653050621,-22.46780027687661,0 -46.86961135275229,-22.46787524205891,0 -46.86975216426364,-22.46799728004629,0 -46.86986289754073,-22.46810389236604,0 -46.86994944985475,-22.46817923638157,0 -46.86999778672304,-22.46823988018421,0 -46.87003353152812,-22.4683233850173,0 -46.87004572077788,-22.46847278417568,0 -46.87008211906289,-22.46855438849436,0 -46.87014695890472,-22.46863061515978,0 -46.87025592880732,-22.46870696092403,0 -46.87033196096662,-22.46875718781308,0 -46.8704284078006,-22.46881096369399,0 -46.87050001894066,-22.4688858497068,0 -46.87053093642658,-22.46896373164284,0 -46.87055251830915,-22.46915529691486,0 -46.87055837033511,-22.46928773324493,0 -46.87053607826124,-22.4693971500843,0 -46.87047511171039,-22.46950827750754,0 -46.8703990569818,-22.46970917802534,0 -46.87035284273105,-22.46995831725631,0 -46.87038218152477,-22.47007029002774,0 -46.87041574668077,-22.47014309347201,0 -46.87039952225881,-22.4701988072527,0 -46.87031284664129,-22.47026606478687,0 -46.86998342908236,-22.47045728441466,0 -46.86968470192415,-22.47060839626283,0 -46.86937460516372,-22.47072178105079,0 -46.86924852566552,-22.47073649319283,0 -46.86906808262853,-22.47074741862533,0 -46.86891703279485,-22.4707226686827,0 -46.86837508061225,-22.47060780282129,0 -46.86835905258242,-22.47060230979272,0 
						</coordinates>
					</LinearRing>
				</outerBoundaryIs>
			</Polygon>
		</Placemark>
		<Placemark>
			<name>2926</name>
			<styleUrl>#falseColor4</styleUrl>
			<Style id="inline">
				<IconStyle>
					<colorMode>random</colorMode>
				</IconStyle>
				<LineStyle>
					<colorMode>random</colorMode>
				</LineStyle>
				<PolyStyle>
					<colorMode>random</colorMode>
				</PolyStyle>
			</Style>
			<ExtendedData>
				<SchemaData schemaUrl="#S_FKA_DSSSSDDSD">
					<SimpleData name="id_0">2926</SimpleData>
					<SimpleData name="chave">FKA_26</SimpleData>
					<SimpleData name="fundo">10835 - FAZENDA KALUNGA</SimpleData>
					<SimpleData name="descricao">FKA - FAZENDA KALUNGA</SimpleData>
					<SimpleData name="regiao">FKA</SimpleData>
					<SimpleData name="area_quadr">19.0066</SimpleData>
					<SimpleData name="area_parci">2.54426</SimpleData>
					<SimpleData name="quadra">26</SimpleData>
					<SimpleData name="quadra_int">26</SimpleData>
				</SchemaData>
			</ExtendedData>
			<Polygon>
				<outerBoundaryIs>
					<LinearRing>
						<coordinates>
							-46.86897239686567,-22.46758830015278,0 -46.86891203590843,-22.46784580574633,0 -46.86888779094153,-22.46796155479887,0 -46.86882978091119,-22.4681919012837,0 -46.86880715417281,-22.46837766957243,0 -46.86879284547472,-22.46847500524051,0 -46.86879571654574,-22.46863839396362,0 -46.86880472217464,-22.46880360450473,0 -46.86880329198602,-22.4689500068019,0 -46.86880650009164,-22.46918910835899,0 -46.86880537627931,-22.46930774429123,0 -46.86878908031684,-22.46945936665637,0 -46.86877227806832,-22.46952265868135,0 -46.86874071676149,-22.46970032785229,0 -46.86864060350972,-22.46992990029326,0 -46.86856383490675,-22.47007780664587,0 -46.86848254477133,-22.47019232380021,0 -46.86841327653906,-22.47034266706938,0 -46.86836986188695,-22.47049712754471,0 -46.86833932076106,-22.47059906808558,0 -46.86773899240251,-22.47048487644917,0 -46.8677869394005,-22.47031395830138,0 -46.8678997973133,-22.470123358996,0 -46.86799918047949,-22.46994048740913,0 -46.8680527097137,-22.46978086204502,0 -46.86808119287956,-22.46957609677964,0 -46.86809004352494,-22.46932486695405,0 -46.86807525291537,-22.46913322248688,0 -46.86803353820522,-22.46875638382618,0 -46.86801910699713,-22.4684902803371,0 -46.86821878834127,-22.46809171584453,0 -46.86837096671696,-22.46779591920003,0 -46.86855727355124,-22.46741265268679,0 -46.86867355783386,-22.46717405931233,0 -46.8687436302071,-22.4670331712608,0 -46.86879796515556,-22.46695903322369,0 -46.86883152351111,-22.46693025052809,0 -46.86886437261321,-22.4669245065626,0 -46.86888341666562,-22.4669271252332,0 -46.86897291139132,-22.46701947202553,0 -46.86904482553911,-22.46711707031287,0 -46.8690499817666,-22.46719777509299,0 -46.86897239686567,-22.46758830015278,0 
						</coordinates>
					</LinearRing>
				</outerBoundaryIs>
			</Polygon>
		</Placemark>
		<Placemark>
			<name>2927</name>
			<styleUrl>#falseColor4</styleUrl>
			<Style id="inline">
				<IconStyle>
					<colorMode>random</colorMode>
				</IconStyle>
				<LineStyle>
					<colorMode>random</colorMode>
				</LineStyle>
				<PolyStyle>
					<colorMode>random</colorMode>
				</PolyStyle>
			</Style>
			<ExtendedData>
				<SchemaData schemaUrl="#S_FKA_DSSSSDDSD">
					<SimpleData name="id_0">2927</SimpleData>
					<SimpleData name="chave">FKA_26</SimpleData>
					<SimpleData name="fundo">10835 - FAZENDA KALUNGA</SimpleData>
					<SimpleData name="descricao">FKA - FAZENDA KALUNGA</SimpleData>
					<SimpleData name="regiao">FKA</SimpleData>
					<SimpleData name="area_quadr">19.0066</SimpleData>
					<SimpleData name="area_parci">0.999922</SimpleData>
					<SimpleData name="quadra">26</SimpleData>
					<SimpleData name="quadra_int">26</SimpleData>
				</SchemaData>
			</ExtendedData>
			<Polygon>
				<outerBoundaryIs>
					<LinearRing>
						<coordinates>
							-46.86753908615919,-22.47046195306223,0 -46.86744938276013,-22.47045542034834,0 -46.86733251036095,-22.47044794028976,0 -46.867165643423,-22.47045870634949,0 -46.86706378924447,-22.47045736191356,0 -46.8671586949753,-22.47024425590648,0 -46.86733429946423,-22.46987247198887,0 -46.86751660646323,-22.46949430055704,0 -46.86762367851801,-22.46927726758071,0 -46.86779174429552,-22.46895100064938,0 -46.86797555887958,-22.46858416885184,0 -46.86799488658959,-22.46860792193013,0 -46.86803695648809,-22.46901125737191,0 -46.868064033035,-22.46920780729863,0 -46.86805593070518,-22.46941359839631,0 -46.86805733154551,-22.46961927939276,0 -46.86801771679336,-22.46980398247917,0 -46.8679613707784,-22.46995606878925,0 -46.86779965244486,-22.47024945177736,0 -46.86768867643622,-22.47047914955751,0 -46.86753908615919,-22.47046195306223,0 
						</coordinates>
					</LinearRing>
				</outerBoundaryIs>
			</Polygon>
		</Placemark>
		<Placemark>
			<name>2928</name>
			<styleUrl>#falseColor4</styleUrl>
			<Style id="inline">
				<IconStyle>
					<colorMode>random</colorMode>
				</IconStyle>
				<LineStyle>
					<colorMode>random</colorMode>
				</LineStyle>
				<PolyStyle>
					<colorMode>random</colorMode>
				</PolyStyle>
			</Style>
			<ExtendedData>
				<SchemaData schemaUrl="#S_FKA_DSSSSDDSD">
					<SimpleData name="id_0">2928</SimpleData>
					<SimpleData name="chave">FKA_27</SimpleData>
					<SimpleData name="fundo">10835 - FAZENDA KALUNGA</SimpleData>
					<SimpleData name="descricao">FKA - FAZENDA KALUNGA</SimpleData>
					<SimpleData name="regiao">FKA</SimpleData>
					<SimpleData name="area_quadr">28.008</SimpleData>
					<SimpleData name="area_parci">0.682905</SimpleData>
					<SimpleData name="quadra">27</SimpleData>
					<SimpleData name="quadra_int">27</SimpleData>
				</SchemaData>
			</ExtendedData>
			<Polygon>
				<outerBoundaryIs>
					<LinearRing>
						<coordinates>
							-46.86907932862243,-22.47439273251262,0 -46.86900894148867,-22.47415630287745,0 -46.8689636948838,-22.47397195246731,0 -46.86894906009091,-22.47389325055576,0 -46.86902793284193,-22.47380084517616,0 -46.86945760284039,-22.47364253710117,0 -46.86977373894859,-22.47352340303306,0 -46.86978202647171,-22.47363498902504,0 -46.869762728163,-22.47376519314515,0 -46.86975446033596,-22.4739078887829,0 -46.8697469983874,-22.47406003965764,0 -46.86976245647901,-22.4741494584498,0 -46.86972478029495,-22.47422561208552,0 -46.86963402787677,-22.47434339445306,0 -46.86953081089711,-22.47444302312353,0 -46.86941710654042,-22.47452005833906,0 -46.86932209569633,-22.4745735307471,0 -46.8691483668494,-22.47462980870923,0 -46.86914544831743,-22.47461469920838,0 -46.86907932862243,-22.47439273251262,0 
						</coordinates>
					</LinearRing>
				</outerBoundaryIs>
			</Polygon>
		</Placemark>
		<Placemark>
			<name>2929</name>
			<styleUrl>#falseColor4</styleUrl>
			<Style id="inline">
				<IconStyle>
					<colorMode>random</colorMode>
				</IconStyle>
				<LineStyle>
					<colorMode>random</colorMode>
				</LineStyle>
				<PolyStyle>
					<colorMode>random</colorMode>
				</PolyStyle>
			</Style>
			<ExtendedData>
				<SchemaData schemaUrl="#S_FKA_DSSSSDDSD">
					<SimpleData name="id_0">2929</SimpleData>
					<SimpleData name="chave">FKA_27</SimpleData>
					<SimpleData name="fundo">10835 - FAZENDA KALUNGA</SimpleData>
					<SimpleData name="descricao">FKA - FAZENDA KALUNGA</SimpleData>
					<SimpleData name="regiao">FKA</SimpleData>
					<SimpleData name="area_quadr">28.008</SimpleData>
					<SimpleData name="area_parci">2.2306</SimpleData>
					<SimpleData name="quadra">27</SimpleData>
					<SimpleData name="quadra_int">27</SimpleData>
				</SchemaData>
			</ExtendedData>
			<Polygon>
				<outerBoundaryIs>
					<LinearRing>
						<coordinates>
							-46.87038707039238,-22.47329040063814,0 -46.87076793022846,-22.47313770326188,0 -46.87111898073324,-22.47298976779558,0 -46.87157195453364,-22.4727977423675,0 -46.87157500045348,-22.4728223149152,0 -46.87154070270182,-22.47289716774815,0 -46.8714688916183,-22.47300968337682,0 -46.87133144685499,-22.47318921286848,0 -46.87115233907514,-22.4734007744108,0 -46.87103301812902,-22.4735649500065,0 -46.87097122751145,-22.47366536068597,0 -46.87089892325759,-22.47379176320786,0 -46.87081648746751,-22.47392206910445,0 -46.87071520485983,-22.47411505989522,0 -46.87056878005895,-22.47433381330297,0 -46.87046536802423,-22.47446941020879,0 -46.87036359397774,-22.47457533236354,0 -46.87026024182085,-22.47466486749311,0 -46.87012388143861,-22.47477371463645,0 -46.8700001558257,-22.47486285497921,0 -46.86986215782135,-22.4749508988327,0 -46.86971620012212,-22.47505291628251,0 -46.8695858636329,-22.4751553834233,0 -46.86947562064432,-22.47523742634184,0 -46.86941048612671,-22.4752911833339,0 -46.86933096071303,-22.4753350116161,0 -46.86925489507112,-22.47513082760091,0 -46.86917430788838,-22.47489325441904,0 -46.86916431450631,-22.4748062960912,0 -46.86915691920368,-22.4746599962289,0 -46.86923927816222,-22.47462496880792,0 -46.86935811558368,-22.47457626794639,0 -46.86947936328171,-22.47450482404621,0 -46.86964112949371,-22.47436665807157,0 -46.86975980784086,-22.47420501473254,0 -46.8697928085075,-22.4741345940673,0 -46.86985945138897,-22.47414265474365,0 -46.86989344969954,-22.47384317954345,0 -46.86990764473629,-22.47348462262359,0 -46.86991372866554,-22.47348265914258,0 -46.87038707039238,-22.47329040063814,0 
						</coordinates>
					</LinearRing>
				</outerBoundaryIs>
			</Polygon>
		</Placemark>
		<Placemark>
			<name>2930</name>
			<styleUrl>#falseColor4</styleUrl>
			<Style id="inline">
				<IconStyle>
					<colorMode>random</colorMode>
				</IconStyle>
				<LineStyle>
					<colorMode>random</colorMode>
				</LineStyle>
				<PolyStyle>
					<colorMode>random</colorMode>
				</PolyStyle>
			</Style>
			<ExtendedData>
				<SchemaData schemaUrl="#S_FKA_DSSSSDDSD">
					<SimpleData name="id_0">2930</SimpleData>
					<SimpleData name="chave">FKA_27</SimpleData>
					<SimpleData name="fundo">10835 - FAZENDA KALUNGA</SimpleData>
					<SimpleData name="descricao">FKA - FAZENDA KALUNGA</SimpleData>
					<SimpleData name="regiao">FKA</SimpleData>
					<SimpleData name="area_quadr">28.008</SimpleData>
					<SimpleData name="area_parci">2.25163</SimpleData>
					<SimpleData name="quadra">27</SimpleData>
					<SimpleData name="quadra_int">27</SimpleData>
				</SchemaData>
			</ExtendedData>
			<Polygon>
				<outerBoundaryIs>
					<LinearRing>
						<coordinates>
							-46.87065869012368,-22.4783476445291,0 -46.87073101227845,-22.47832345925472,0 -46.87088426946422,-22.47825921435436,0 -46.87105204549254,-22.47816388317591,0 -46.87118040629273,-22.47806585451983,0 -46.87131401151228,-22.47790340577875,0 -46.87140053081141,-22.47772320541015,0 -46.8714469392657,-22.47753905387902,0 -46.87143876908452,-22.47738582261724,0 -46.87139190586694,-22.47718256281386,0 -46.87130859832652,-22.47694502260841,0 -46.87127019468827,-22.47681548823313,0 -46.87131632230808,-22.47671147340078,0 -46.87150205152824,-22.47658817069463,0 -46.87185531596668,-22.47640234923067,0 -46.87221363679179,-22.47618870556864,0 -46.87244600006218,-22.47599923920987,0 -46.87267983918718,-22.47571763356938,0 -46.87283644414948,-22.47544828239786,0 -46.87305473768305,-22.47572715948356,0 -46.87313473754708,-22.47581961371563,0 -46.87316581108476,-22.47590885058609,0 -46.87313261691733,-22.47606571717682,0 -46.87295944849378,-22.47631506998536,0 -46.87267181177248,-22.47663515928951,0 -46.87243805607903,-22.47692307372322,0 -46.8721620078364,-22.47729729117389,0 -46.87194342190772,-22.47760269600991,0 -46.87176989332314,-22.47782555110229,0 -46.87147072795972,-22.47809655662098,0 -46.87129677494664,-22.47818691215099,0 -46.8710670042916,-22.47826655793027,0 -46.87070703183143,-22.47835781003432,0 -46.87065869012368,-22.4783476445291,0 
						</coordinates>
					</LinearRing>
				</outerBoundaryIs>
			</Polygon>
		</Placemark>
		<Placemark>
			<name>2931</name>
			<styleUrl>#falseColor4</styleUrl>
			<Style id="inline">
				<IconStyle>
					<colorMode>random</colorMode>
				</IconStyle>
				<LineStyle>
					<colorMode>random</colorMode>
				</LineStyle>
				<PolyStyle>
					<colorMode>random</colorMode>
				</PolyStyle>
			</Style>
			<ExtendedData>
				<SchemaData schemaUrl="#S_FKA_DSSSSDDSD">
					<SimpleData name="id_0">2931</SimpleData>
					<SimpleData name="chave">FKA_33</SimpleData>
					<SimpleData name="fundo">10835 - FAZENDA KALUNGA</SimpleData>
					<SimpleData name="descricao">FKA - FAZENDA KALUNGA</SimpleData>
					<SimpleData name="regiao">FKA</SimpleData>
					<SimpleData name="area_quadr">8.80853</SimpleData>
					<SimpleData name="area_parci">6.90322</SimpleData>
					<SimpleData name="quadra">33</SimpleData>
					<SimpleData name="quadra_int">33</SimpleData>
				</SchemaData>
			</ExtendedData>
			<Polygon>
				<outerBoundaryIs>
					<LinearRing>
						<coordinates>
							-46.87275936387479,-22.47658240253238,0 -46.87300075519695,-22.47630701840174,0 -46.87311129347808,-22.47614609830166,0 -46.87315316845662,-22.4760793597464,0 -46.87317669809216,-22.47601157240844,0 -46.87319008774369,-22.47594705774924,0 -46.87318800017593,-22.47589281847257,0 -46.87316800002599,-22.47581922722236,0 -46.87303614620313,-22.47565733767153,0 -46.87289371997462,-22.4754665461348,0 -46.87286255338603,-22.47537036958715,0 -46.87287443272612,-22.47524403728899,0 -46.87291533163762,-22.47500379298844,0 -46.87299736696941,-22.47474287967021,0 -46.87307352194657,-22.47460002630169,0 -46.87322803791951,-22.47442786869954,0 -46.87347768972248,-22.47421169937952,0 -46.87371536821984,-22.47401396703668,0 -46.87396097957888,-22.47380036788593,0 -46.87419005238775,-22.47356866249457,0 -46.87442036317941,-22.47332810882469,0 -46.87454425309937,-22.47315062743335,0 -46.87457722616899,-22.47312879103054,0 -46.87460453153324,-22.47313983102244,0 -46.8746377096381,-22.47323409091405,0 -46.87463133100185,-22.47341588476905,0 -46.8745779691769,-22.47353702072324,0 -46.87449035286914,-22.47368568670086,0 -46.87446163145091,-22.47377120174579,0 -46.87446440786044,-22.47392701933648,0 -46.87455470013419,-22.47402755584184,0 -46.87470357400698,-22.47409207670621,0 -46.87486865396121,-22.47409962156557,0 -46.87504073368226,-22.47407238144013,0 -46.87516473545026,-22.47400405626717,0 -46.87528461321886,-22.47393199314982,0 -46.87533993628431,-22.47390611078736,0 -46.87537922264284,-22.47389934408249,0 -46.87541889984197,-22.47392159748267,0 -46.87541376370987,-22.47424597626225,0 -46.87528988612656,-22.4746259998028,0 -46.87519102151544,-22.47494768300526,0 -46.87509796089585,-22.47529706137178,0 -46.87505085770974,-22.47573171720003,0 -46.87499642069476,-22.47602512084131,0 -46.87491287645843,-22.47617373970872,0 -46.87460248736571,-22.47651807371653,0 -46.87436943126573,-22.47675676685125,0 -46.87407665315657,-22.47689646058829,0 -46.87378182054221,-22.47698443807558,0 -46.87358852367614,-22.47704978193464,0 -46.87326264992083,-22.47695008986069,0 -46.87302741745808,-22.47682536704102,0 -46.87282050958814,-22.47668643341499,0 -46.87277180344423,-22.47659866327266,0 -46.87275936387479,-22.47658240253238,0 
						</coordinates>
					</LinearRing>
				</outerBoundaryIs>
			</Polygon>
		</Placemark>
		<Placemark>
			<name>2932</name>
			<styleUrl>#falseColor4</styleUrl>
			<Style id="inline">
				<IconStyle>
					<colorMode>random</colorMode>
				</IconStyle>
				<LineStyle>
					<colorMode>random</colorMode>
				</LineStyle>
				<PolyStyle>
					<colorMode>random</colorMode>
				</PolyStyle>
			</Style>
			<ExtendedData>
				<SchemaData schemaUrl="#S_FKA_DSSSSDDSD">
					<SimpleData name="id_0">2932</SimpleData>
					<SimpleData name="chave">FKA_27</SimpleData>
					<SimpleData name="fundo">10835 - FAZENDA KALUNGA</SimpleData>
					<SimpleData name="descricao">FKA - FAZENDA KALUNGA</SimpleData>
					<SimpleData name="regiao">FKA</SimpleData>
					<SimpleData name="area_quadr">28.008</SimpleData>
					<SimpleData name="area_parci">3.92265</SimpleData>
					<SimpleData name="quadra">27</SimpleData>
					<SimpleData name="quadra_int">27</SimpleData>
				</SchemaData>
			</ExtendedData>
			<Polygon>
				<outerBoundaryIs>
					<LinearRing>
						<coordinates>
							-46.87055667378281,-22.47772826758774,0 -46.87046358766086,-22.47777351578012,0 -46.87039584847412,-22.47775978943076,0 -46.87035211053149,-22.47773852839273,0 -46.87030295927606,-22.47769335321687,0 -46.8702161377494,-22.47759845280834,0 -46.87013093292648,-22.47749753935522,0 -46.87004624983285,-22.47741018569494,0 -46.86992715012415,-22.47731313566988,0 -46.86983734958227,-22.47727442609778,0 -46.86977452825602,-22.47724770749598,0 -46.86967090064781,-22.47721578341427,0 -46.86954546935052,-22.47720335678756,0 -46.86947273243126,-22.47719662868408,0 -46.86933605320583,-22.47720610087805,0 -46.86915491453096,-22.47721640396799,0 -46.8689832667941,-22.47722565035759,0 -46.86893502296085,-22.47722273935093,0 -46.86881806086632,-22.47718371312396,0 -46.8687284808306,-22.47716140563602,0 -46.86857814662469,-22.4770893245551,0 -46.86847768069179,-22.47704001129113,0 -46.8683529984886,-22.47695690611874,0 -46.86824997983354,-22.4768691329647,0 -46.86808913521701,-22.47672208746678,0 -46.86792931851447,-22.47655042194333,0 -46.86777914125242,-22.4763887401126,0 -46.86756011665016,-22.47615592483437,0 -46.86741323286273,-22.47598663277893,0 -46.86733343953172,-22.47590931645115,0 -46.86736968104086,-22.47567543670229,0 -46.86770710728752,-22.47572579141101,0 -46.86795136503054,-22.4757646055341,0 -46.86808726602283,-22.47577312632743,0 -46.86831013316993,-22.47578631789349,0 -46.86844325114379,-22.47578982285703,0 -46.86856193593915,-22.47578024458286,0 -46.86879008273565,-22.47573153898361,0 -46.86889397859112,-22.47568238064349,0 -46.86898275387891,-22.47561951614868,0 -46.86904939168458,-22.47552599062283,0 -46.86909181319578,-22.47539867333248,0 -46.86913243661377,-22.47523856631596,0 -46.86915931409579,-22.47506599922009,0 -46.86920089173728,-22.47507813659445,0 -46.8692748191595,-22.47527477376714,0 -46.86933467057825,-22.47543434674281,0 -46.86940942970276,-22.47564233168196,0 -46.86952515591383,-22.47586750870227,0 -46.86966632110393,-22.47611636751805,0 -46.86988846144997,-22.47642927705638,0 -46.87006032880429,-22.47663865903826,0 -46.87024764881345,-22.47683587305506,0 -46.8703604010824,-22.47694056816933,0 -46.87043802370633,-22.47705829025127,0 -46.8705058199422,-22.47720262712954,0 -46.87054018391546,-22.47733473247936,0 -46.87055647444492,-22.47743549894801,0 -46.87056400869455,-22.47749093704618,0 -46.87057049042414,-22.47756910234458,0 -46.87056723075705,-22.47765495234553,0 -46.87055667378281,-22.47772826758774,0 
						</coordinates>
					</LinearRing>
				</outerBoundaryIs>
			</Polygon>
		</Placemark>
		<Placemark>
			<name>2933</name>
			<styleUrl>#falseColor4</styleUrl>
			<Style id="inline">
				<IconStyle>
					<colorMode>random</colorMode>
				</IconStyle>
				<LineStyle>
					<colorMode>random</colorMode>
				</LineStyle>
				<PolyStyle>
					<colorMode>random</colorMode>
				</PolyStyle>
			</Style>
			<ExtendedData>
				<SchemaData schemaUrl="#S_FKA_DSSSSDDSD">
					<SimpleData name="id_0">2933</SimpleData>
					<SimpleData name="chave">FKA_27</SimpleData>
					<SimpleData name="fundo">10835 - FAZENDA KALUNGA</SimpleData>
					<SimpleData name="descricao">FKA - FAZENDA KALUNGA</SimpleData>
					<SimpleData name="regiao">FKA</SimpleData>
					<SimpleData name="area_quadr">28.008</SimpleData>
					<SimpleData name="area_parci">11.1433</SimpleData>
					<SimpleData name="quadra">27</SimpleData>
					<SimpleData name="quadra_int">27</SimpleData>
				</SchemaData>
			</ExtendedData>
			<Polygon>
				<outerBoundaryIs>
					<LinearRing>
						<coordinates>
							-46.87059591321991,-22.47754104456931,0 -46.87057258149662,-22.47732047515604,0 -46.87051529895911,-22.47715014646883,0 -46.87044182629389,-22.47698757727084,0 -46.8703288112078,-22.4768633251374,0 -46.87018305986896,-22.47672809520603,0 -46.87006719432776,-22.47659378037639,0 -46.86993945845352,-22.47643499523026,0 -46.86981578314647,-22.47627521640687,0 -46.86970020748293,-22.47611187318146,0 -46.86958822221669,-22.47591252279748,0 -46.8694825923755,-22.47573139680761,0 -46.86941252436117,-22.47556941849361,0 -46.8693594864504,-22.47541165946671,0 -46.86933971705884,-22.47535510119616,0 -46.86948634571488,-22.47525244530454,0 -46.86964839227327,-22.47513509811973,0 -46.86984607732378,-22.47499209854129,0 -46.87004989678183,-22.47485092049925,0 -46.87026024135377,-22.47469010638501,0 -46.87040580844211,-22.47455906829567,0 -46.87053830817435,-22.47441556226351,0 -46.87065878461676,-22.47423623023798,0 -46.87081274473943,-22.47397195932944,0 -46.87096868989698,-22.47370387943019,0 -46.87112508376342,-22.47346923571545,0 -46.87125656384226,-22.47330050212938,0 -46.87140295207667,-22.47312970248827,0 -46.87151615443815,-22.47296496671009,0 -46.87158927221298,-22.47284865006272,0 -46.87161557680641,-22.47278524750683,0 -46.8716587070403,-22.47276140085194,0 -46.87188354716788,-22.47266919252013,0 -46.87214696893094,-22.47256833325305,0 -46.87237841835304,-22.47246279711021,0 -46.87277688005768,-22.47230673594408,0 -46.8731024028742,-22.47217928398951,0 -46.87344458985946,-22.47207940052249,0 -46.87389930548201,-22.47196685103504,0 -46.87428369611757,-22.47187530892359,0 -46.87439456706484,-22.47194121846132,0 -46.87444929719086,-22.47207308614623,0 -46.87445466074538,-22.47216893142121,0 -46.8744106586218,-22.47232970969003,0 -46.87437683805567,-22.47243989188104,0 -46.8742907155979,-22.4725986359143,0 -46.87409888606485,-22.4728734454759,0 -46.87387998818082,-22.47315487917291,0 -46.87373801528501,-22.4733003907254,0 -46.87360389926732,-22.47342435783256,0 -46.87344405594425,-22.47355367157473,0 -46.87324092087994,-22.47369484568028,0 -46.8730594396344,-22.47383072020329,0 -46.8729039567279,-22.47398143583033,0 -46.87273773118131,-22.47414110971516,0 -46.87251477265741,-22.47442385089795,0 -46.87234398049205,-22.47474889203116,0 -46.87229198213237,-22.47492112021741,0 -46.87226795131907,-22.47505264140243,0 -46.87223081903596,-22.47521964914998,0 -46.87216746722664,-22.47535541280496,0 -46.87205403493524,-22.47550311549964,0 -46.87196157844364,-22.47559504904911,0 -46.87180974134902,-22.47571417284859,0 -46.87163725085805,-22.47581208326873,0 -46.87138100949988,-22.47594251435356,0 -46.87125832773293,-22.47600829759046,0 -46.87102289131856,-22.47617129717706,0 -46.87082114151189,-22.47631497635276,0 -46.87073389390414,-22.47639044354488,0 -46.87066526207263,-22.47653762547182,0 -46.87063912598192,-22.47661364539386,0 -46.87062149183674,-22.47671606747594,0 -46.87062296667978,-22.47682583947585,0 -46.87063796732491,-22.47693166868526,0 -46.87070630549164,-22.47716685913414,0 -46.87077820830246,-22.47736414985536,0 -46.87078922091604,-22.47747633503553,0 -46.87077800218486,-22.47755091991008,0 -46.8707235583511,-22.47764241169159,0 -46.87058609297402,-22.47771972356554,0 -46.87058856250531,-22.47770139672435,0 -46.87059591321991,-22.47754104456931,0 
						</coordinates>
					</LinearRing>
				</outerBoundaryIs>
			</Polygon>
		</Placemark>
		<Placemark>
			<name>2934</name>
			<styleUrl>#falseColor4</styleUrl>
			<Style id="inline">
				<IconStyle>
					<colorMode>random</colorMode>
				</IconStyle>
				<LineStyle>
					<colorMode>random</colorMode>
				</LineStyle>
				<PolyStyle>
					<colorMode>random</colorMode>
				</PolyStyle>
			</Style>
			<ExtendedData>
				<SchemaData schemaUrl="#S_FKA_DSSSSDDSD">
					<SimpleData name="id_0">2934</SimpleData>
					<SimpleData name="chave">FKA_25</SimpleData>
					<SimpleData name="fundo">10835 - FAZENDA KALUNGA</SimpleData>
					<SimpleData name="descricao">FKA - FAZENDA KALUNGA</SimpleData>
					<SimpleData name="regiao">FKA</SimpleData>
					<SimpleData name="area_quadr">11.4371</SimpleData>
					<SimpleData name="area_parci">6.31222</SimpleData>
					<SimpleData name="quadra">25</SimpleData>
					<SimpleData name="quadra_int">25</SimpleData>
				</SchemaData>
			</ExtendedData>
			<Polygon>
				<outerBoundaryIs>
					<LinearRing>
						<coordinates>
							-46.87186897495084,-22.47254474475924,0 -46.87178907924505,-22.47251033791812,0 -46.8715592602681,-22.47243413438663,0 -46.87129427903982,-22.47236843418208,0 -46.87100154311184,-22.47230873436417,0 -46.87082123473965,-22.47227927808467,0 -46.87067288980422,-22.47225386754638,0 -46.87050440093935,-22.47224509585061,0 -46.87039503631314,-22.47224068586979,0 -46.87026400908383,-22.472240943911,0 -46.87009503626894,-22.47224668976287,0 -46.86989679835861,-22.47224709610134,0 -46.86974977729836,-22.47221914545694,0 -46.86957946501696,-22.47217569044551,0 -46.86935266900592,-22.47207168581454,0 -46.86920691406979,-22.47198630146921,0 -46.8690855286786,-22.47189558669336,0 -46.86892352651657,-22.47176306746471,0 -46.86875355831484,-22.47159341299144,0 -46.86862935836649,-22.47144468095593,0 -46.86853699402104,-22.47131577099748,0 -46.86846932499739,-22.47120581946544,0 -46.86842243580944,-22.47110130585327,0 -46.86839616050726,-22.47101516704956,0 -46.86838005883984,-22.47092827937525,0 -46.86835902111085,-22.47077708965767,0 -46.86836802002387,-22.47063817133778,0 -46.86857077721731,-22.47067115619944,0 -46.86871047353787,-22.47070991946214,0 -46.86885142594684,-22.47074109636646,0 -46.86897797115342,-22.4707610826365,0 -46.8691247365463,-22.47077010786814,0 -46.86934107148047,-22.47075245652461,0 -46.86935832946032,-22.47077370950878,0 -46.86947775378307,-22.47087012562707,0 -46.86962372784131,-22.47097191254067,0 -46.8697838638293,-22.47106659438018,0 -46.86994380520191,-22.47114676593699,0 -46.87007760483908,-22.47120137066199,0 -46.87022565100724,-22.47125517904527,0 -46.87036263305404,-22.47129397229692,0 -46.87056343980987,-22.47133328691489,0 -46.87086365814758,-22.47134368500604,0 -46.8710251713936,-22.47133865594746,0 -46.87132130904764,-22.47129799179485,0 -46.87147374339688,-22.47127413849975,0 -46.87167768203272,-22.47124337746357,0 -46.87187966894097,-22.47121894855294,0 -46.8720445929064,-22.47121514082814,0 -46.87238010020878,-22.47122449539211,0 -46.87269183239729,-22.47123286345541,0 -46.87283923464873,-22.47123872300298,0 -46.87307166556616,-22.47125684505182,0 -46.87317180612067,-22.47128218248171,0 -46.87324123081013,-22.47129525728142,0 -46.87335256324268,-22.47134507245764,0 -46.87350806910899,-22.47144863782009,0 -46.8737206375009,-22.47160517246385,0 -46.87394141994728,-22.47176665909873,0 -46.87405713180791,-22.47188961552891,0 -46.8738454123315,-22.47194760180338,0 -46.87364718392695,-22.47199912131467,0 -46.87345103421546,-22.47205377129345,0 -46.8732285975127,-22.47212260783322,0 -46.87306561569979,-22.47216993130832,0 -46.87275215871876,-22.47228588554751,0 -46.87237127824034,-22.47243669470194,0 -46.87197702419414,-22.47260280160389,0 -46.87186897495084,-22.47254474475924,0 
						</coordinates>
					</LinearRing>
				</outerBoundaryIs>
			</Polygon>
		</Placemark>
		<Placemark>
			<name>2935</name>
			<styleUrl>#falseColor4</styleUrl>
			<Style id="inline">
				<IconStyle>
					<colorMode>random</colorMode>
				</IconStyle>
				<LineStyle>
					<colorMode>random</colorMode>
				</LineStyle>
				<PolyStyle>
					<colorMode>random</colorMode>
				</PolyStyle>
			</Style>
			<ExtendedData>
				<SchemaData schemaUrl="#S_FKA_DSSSSDDSD">
					<SimpleData name="id_0">2935</SimpleData>
					<SimpleData name="chave">FKA_26</SimpleData>
					<SimpleData name="fundo">10835 - FAZENDA KALUNGA</SimpleData>
					<SimpleData name="descricao">FKA - FAZENDA KALUNGA</SimpleData>
					<SimpleData name="regiao">FKA</SimpleData>
					<SimpleData name="area_quadr">19.0066</SimpleData>
					<SimpleData name="area_parci">4.16822</SimpleData>
					<SimpleData name="quadra">26</SimpleData>
					<SimpleData name="quadra_int">26</SimpleData>
				</SchemaData>
			</ExtendedData>
			<Polygon>
				<outerBoundaryIs>
					<LinearRing>
						<coordinates>
							-46.87173804791513,-22.47270400777793,0 -46.87151315674982,-22.47279243067542,0 -46.87122968331477,-22.47291686764682,0 -46.87097989572792,-22.47302198406609,0 -46.87070649332646,-22.47313810065442,0 -46.87047415917485,-22.4732285014524,0 -46.87017972109336,-22.47334549221454,0 -46.8698520713309,-22.47346665349337,0 -46.86983788396596,-22.47347186581756,0 -46.86977700573866,-22.47333691281045,0 -46.86969669612488,-22.47322111429068,0 -46.86960928390212,-22.47313252990148,0 -46.86942086529547,-22.4730047344411,0 -46.86921547669448,-22.4728771354878,0 -46.86898598286472,-22.47272394581111,0 -46.86879867746291,-22.47257783844083,0 -46.86859193401136,-22.47239977650282,0 -46.86837257468961,-22.47219220474156,0 -46.86818312594969,-22.47198744092973,0 -46.86802317117702,-22.47180505016912,0 -46.86793247027289,-22.47167359668628,0 -46.86784967831544,-22.47152438427301,0 -46.86779056862414,-22.47136921870378,0 -46.86774220997912,-22.47120572591271,0 -46.86771044932221,-22.47101427801596,0 -46.86769939976514,-22.47084846009191,0 -46.8677031908563,-22.47067552955102,0 -46.86771817077121,-22.47057755519945,0 -46.86773361599253,-22.47051427897703,0 -46.86801192306492,-22.47056153274663,0 -46.86834693482341,-22.47063526080093,0 -46.86834283313019,-22.47073437107955,0 -46.86835729611023,-22.47085093347772,0 -46.86837143578451,-22.47099400048003,0 -46.86840349698031,-22.47110657310279,0 -46.86845199345429,-22.47122968179468,0 -46.86850100121126,-22.47128968725576,0 -46.86861938788871,-22.47146057083014,0 -46.86882131742806,-22.47168474963598,0 -46.86900776349682,-22.47186809441051,0 -46.86916196026323,-22.47197546512587,0 -46.86926043698787,-22.47202858708128,0 -46.86945132371131,-22.4721380560045,0 -46.86955857436379,-22.47218729019429,0 -46.86968601998819,-22.47222367066802,0 -46.86983035121696,-22.4722535454836,0 -46.86995880725755,-22.4722640441468,0 -46.87017198747654,-22.47226409537944,0 -46.87025677940792,-22.47225869500124,0 -46.87053388634038,-22.47226683779849,0 -46.87064322556122,-22.47226935506163,0 -46.87086500062605,-22.47230274717932,0 -46.87116375254863,-22.4723554367365,0 -46.87142933621572,-22.47241545141998,0 -46.87167678721826,-22.47249018850976,0 -46.87174426079224,-22.47250959629694,0 -46.87183500897891,-22.47254324619209,0 -46.87195739804133,-22.47260744628321,0 -46.87192900670675,-22.47261660953271,0 -46.87173804791513,-22.47270400777793,0 
						</coordinates>
					</LinearRing>
				</outerBoundaryIs>
			</Polygon>
		</Placemark>
		<Placemark>
			<name>2936</name>
			<styleUrl>#falseColor4</styleUrl>
			<Style id="inline">
				<IconStyle>
					<colorMode>random</colorMode>
				</IconStyle>
				<LineStyle>
					<colorMode>random</colorMode>
				</LineStyle>
				<PolyStyle>
					<colorMode>random</colorMode>
				</PolyStyle>
			</Style>
			<ExtendedData>
				<SchemaData schemaUrl="#S_FKA_DSSSSDDSD">
					<SimpleData name="id_0">2936</SimpleData>
					<SimpleData name="chave">FKA_26</SimpleData>
					<SimpleData name="fundo">10835 - FAZENDA KALUNGA</SimpleData>
					<SimpleData name="descricao">FKA - FAZENDA KALUNGA</SimpleData>
					<SimpleData name="regiao">FKA</SimpleData>
					<SimpleData name="area_quadr">19.0066</SimpleData>
					<SimpleData name="area_parci">4.53325</SimpleData>
					<SimpleData name="quadra">26</SimpleData>
					<SimpleData name="quadra_int">26</SimpleData>
				</SchemaData>
			</ExtendedData>
			<Polygon>
				<outerBoundaryIs>
					<LinearRing>
						<coordinates>
							-46.86953992362796,-22.4735794317306,0 -46.86919282408317,-22.47371848450002,0 -46.86905161172251,-22.47376933752275,0 -46.86897171444849,-22.47378540711093,0 -46.86892478287976,-22.47377901047095,0 -46.86887151334724,-22.47375565102785,0 -46.86881576711287,-22.47369950970031,0 -46.86873116348539,-22.47361783296679,0 -46.86862640709862,-22.47355216408044,0 -46.86856347342107,-22.4735169280581,0 -46.86836006026481,-22.47343536613309,0 -46.86823583010928,-22.47338569696869,0 -46.86812723819333,-22.47333773941714,0 -46.86788062193773,-22.47317338903695,0 -46.86776133379851,-22.47303658796352,0 -46.86763103451582,-22.4728380789904,0 -46.86751709282206,-22.47269490603767,0 -46.86742519484006,-22.47257545464139,0 -46.86734525979665,-22.47248741327967,0 -46.86727218910485,-22.47240497112929,0 -46.86719710744297,-22.47232444514876,0 -46.86710097426883,-22.47224353194279,0 -46.8669552564011,-22.47211019110146,0 -46.86676347504538,-22.47193384629974,0 -46.86662387556196,-22.47180106525056,0 -46.86655567570295,-22.47172739995939,0 -46.86650264645035,-22.4716712262655,0 -46.86648768362244,-22.47156791985511,0 -46.86658675437764,-22.47141218447624,0 -46.86668671745417,-22.471221735183,0 -46.86676854702515,-22.47104600817494,0 -46.86688876608059,-22.47079664373886,0 -46.86702175512852,-22.47053766676393,0 -46.86705307530134,-22.470493766939,0 -46.86716345791567,-22.47047292855604,0 -46.8673657917624,-22.47047437120828,0 -46.86760842871945,-22.47049427597681,0 -46.86769363433489,-22.47051978989345,0 -46.86768725887669,-22.47060125927401,0 -46.8676828416996,-22.47072750506028,0 -46.86768274918056,-22.47092310778955,0 -46.86769355337725,-22.47107063033739,0 -46.86773011643643,-22.47126580844414,0 -46.86776268679204,-22.47136575585813,0 -46.86782377364432,-22.47151648172368,0 -46.86789416933345,-22.47165258733326,0 -46.86796633080994,-22.47176848131002,0 -46.86803264728604,-22.47185352529379,0 -46.86809534977072,-22.47192220582306,0 -46.86821311029346,-22.47204640494488,0 -46.8683220718871,-22.47217259884815,0 -46.8684466886513,-22.47230176610366,0 -46.86852910246301,-22.47237211092215,0 -46.86867947211592,-22.4724978246459,0 -46.86890605378605,-22.4726870140017,0 -46.86908643583537,-22.47282310593221,0 -46.8691782520462,-22.47288576970478,0 -46.86930416992067,-22.47296002651126,0 -46.86943284552657,-22.4730374060968,0 -46.86957116865825,-22.47312540022818,0 -46.86967642485503,-22.47322829007191,0 -46.86972680845358,-22.47328954106626,0 -46.86978041561121,-22.473388612999,0 -46.86982171944971,-22.47348151787787,0 -46.86981157956495,-22.47348479034055,0 -46.86953992362796,-22.4735794317306,0 
						</coordinates>
					</LinearRing>
				</outerBoundaryIs>
			</Polygon>
		</Placemark>
		<Placemark>
			<name>2937</name>
			<styleUrl>#falseColor4</styleUrl>
			<Style id="inline">
				<IconStyle>
					<colorMode>random</colorMode>
				</IconStyle>
				<LineStyle>
					<colorMode>random</colorMode>
				</LineStyle>
				<PolyStyle>
					<colorMode>random</colorMode>
				</PolyStyle>
			</Style>
			<ExtendedData>
				<SchemaData schemaUrl="#S_FKA_DSSSSDDSD">
					<SimpleData name="id_0">2937</SimpleData>
					<SimpleData name="chave">FKA_27</SimpleData>
					<SimpleData name="fundo">10835 - FAZENDA KALUNGA</SimpleData>
					<SimpleData name="descricao">FKA - FAZENDA KALUNGA</SimpleData>
					<SimpleData name="regiao">FKA</SimpleData>
					<SimpleData name="area_quadr">28.008</SimpleData>
					<SimpleData name="area_parci">2.3813</SimpleData>
					<SimpleData name="quadra">27</SimpleData>
					<SimpleData name="quadra_int">27</SimpleData>
				</SchemaData>
			</ExtendedData>
			<Polygon>
				<outerBoundaryIs>
					<LinearRing>
						<coordinates>
							-46.87050762314719,-22.47804432270806,0 -46.87048643356814,-22.4781347975668,0 -46.87047190521407,-22.4782157305499,0 -46.87046778904402,-22.47826310120254,0 -46.87044822061214,-22.47832263962491,0 -46.87025954563595,-22.47832798370791,0 -46.87006188560608,-22.47827096558569,0 -46.86987417952696,-22.47819679550013,0 -46.86970328362293,-22.47811044173378,0 -46.86953558726287,-22.47800953830648,0 -46.8693121163227,-22.47790107885154,0 -46.86904197661392,-22.47775530185123,0 -46.86888080561909,-22.47768523966946,0 -46.86863205782984,-22.47756508378335,0 -46.86827359458062,-22.47741465048927,0 -46.86804714607057,-22.47733714132551,0 -46.86795371392975,-22.47730604442921,0 -46.86785851789427,-22.47724468123032,0 -46.8676686120622,-22.47705695883116,0 -46.86753397150255,-22.47688941803279,0 -46.86737139951992,-22.47666415116619,0 -46.86727668387309,-22.47648668302083,0 -46.86724735423466,-22.47637534056505,0 -46.86723934112063,-22.47623346449694,0 -46.86724892684384,-22.47608759874246,0 -46.86732889925096,-22.47592514336355,0 -46.8675212117995,-22.47614060122043,0 -46.86772653275412,-22.47636411073842,0 -46.8679538139864,-22.47660503272079,0 -46.86818515208125,-22.47684464537111,0 -46.86834714296356,-22.47697590315977,0 -46.86853127320619,-22.47708734399744,0 -46.86865698306946,-22.47714582918166,0 -46.86880643530548,-22.47720277707102,0 -46.86897534520349,-22.47724246296791,0 -46.86908476462002,-22.47725065888971,0 -46.86918113372903,-22.47724764856031,0 -46.86932895025691,-22.47723331505173,0 -46.86945030067482,-22.47721991931339,0 -46.86957053906821,-22.47722483457455,0 -46.86971201618693,-22.47724401576356,0 -46.86982323385769,-22.47728500087209,0 -46.86996208795782,-22.47736163071792,0 -46.87008250257442,-22.47748074947884,0 -46.87015683371231,-22.47755560377576,0 -46.87023356585152,-22.47765756197074,0 -46.87030997605222,-22.47773554692356,0 -46.87035923367237,-22.47776336913417,0 -46.87040569120879,-22.47778491409957,0 -46.87045190296155,-22.47778816371778,0 -46.87054673667449,-22.47777191995832,0 -46.87050762314719,-22.47804432270806,0 
						</coordinates>
					</LinearRing>
				</outerBoundaryIs>
			</Polygon>
		</Placemark>
		<Placemark>
			<name>2938</name>
			<styleUrl>#falseColor4</styleUrl>
			<Style id="inline">
				<IconStyle>
					<colorMode>random</colorMode>
				</IconStyle>
				<LineStyle>
					<colorMode>random</colorMode>
				</LineStyle>
				<PolyStyle>
					<colorMode>random</colorMode>
				</PolyStyle>
			</Style>
			<ExtendedData>
				<SchemaData schemaUrl="#S_FKA_DSSSSDDSD">
					<SimpleData name="id_0">2938</SimpleData>
					<SimpleData name="chave">FKA_27</SimpleData>
					<SimpleData name="fundo">10835 - FAZENDA KALUNGA</SimpleData>
					<SimpleData name="descricao">FKA - FAZENDA KALUNGA</SimpleData>
					<SimpleData name="regiao">FKA</SimpleData>
					<SimpleData name="area_quadr">28.008</SimpleData>
					<SimpleData name="area_parci">5.39562</SimpleData>
					<SimpleData name="quadra">27</SimpleData>
					<SimpleData name="quadra_int">27</SimpleData>
				</SchemaData>
			</ExtendedData>
			<Polygon>
				<outerBoundaryIs>
					<LinearRing>
						<coordinates>
							-46.87053034395164,-22.47826994697601,0 -46.87051543566039,-22.47822153514232,0 -46.87051896621394,-22.47818111197515,0 -46.870535149621,-22.4780717660504,0 -46.87055723911579,-22.47794720826393,0 -46.87057439024223,-22.47780882640048,0 -46.87057697069876,-22.47774822315728,0 -46.87067530944085,-22.47768966353755,0 -46.8707398080283,-22.47763906825145,0 -46.87078448469976,-22.47757860743761,0 -46.87080857586595,-22.47750198025513,0 -46.87080754164256,-22.47742501369529,0 -46.87078390243627,-22.47733316615249,0 -46.8707260340502,-22.47716978504497,0 -46.87069066830517,-22.47706419218452,0 -46.87066281216025,-22.47696166702639,0 -46.87064255035914,-22.47686851831141,0 -46.8706374270542,-22.47673985949333,0 -46.87065505271296,-22.47663680653685,0 -46.87068106165381,-22.47655132350931,0 -46.87072136838287,-22.47646882941763,0 -46.87077313040731,-22.47637989266075,0 -46.87083945295237,-22.47631350189934,0 -46.87090602974985,-22.47626603731945,0 -46.8710023138977,-22.47620623945863,0 -46.87119531489173,-22.47606834037168,0 -46.87133338932591,-22.47598597323016,0 -46.87148644866669,-22.4759072178472,0 -46.87173178622373,-22.47577375834555,0 -46.87183549433517,-22.47571071896687,0 -46.87193425549316,-22.47563322462139,0 -46.8720121086672,-22.47556606855886,0 -46.87207368693111,-22.47550036340187,0 -46.87215912601334,-22.47539147505549,0 -46.87222005944492,-22.47527782349536,0 -46.87224252020923,-22.47523150171807,0 -46.87227702182739,-22.47512131196587,0 -46.87230544811018,-22.47496323892391,0 -46.8723263901595,-22.47485446858604,0 -46.87235782837605,-22.47476892229215,0 -46.87239737847474,-22.47468075789297,0 -46.87246290199419,-22.47455506448932,0 -46.87253787797326,-22.47442547544315,0 -46.87265463515589,-22.47427268607485,0 -46.87277559226775,-22.47412931241874,0 -46.87289818678293,-22.47400674172209,0 -46.87305171813142,-22.47386235848748,0 -46.87311819116146,-22.47380732263646,0 -46.87320684441649,-22.4737356237918,0 -46.87332987953345,-22.47364585819805,0 -46.873551062323,-22.47348365220011,0 -46.87363365674565,-22.47341580938005,0 -46.873786473903,-22.47326890992983,0 -46.87397444430247,-22.47306039753216,0 -46.87411052774153,-22.47288088180591,0 -46.87426773841037,-22.47265695238577,0 -46.87430026988346,-22.47260231067037,0 -46.87437721167317,-22.47246765027276,0 -46.87443776001652,-22.47232560878197,0 -46.87446951861381,-22.47221355764023,0 -46.87448210921667,-22.47208974089289,0 -46.87446981374147,-22.47203372740025,0 -46.87443990326468,-22.47198044258281,0 -46.87439978523872,-22.47192538351419,0 -46.87431011437852,-22.47187090049733,0 -46.87454545584146,-22.47180254344863,0 -46.87484482494698,-22.4716993691008,0 -46.8750748118098,-22.47163675231343,0 -46.87515174612016,-22.47165289378902,0 -46.87519368066598,-22.47174200397188,0 -46.87523086441607,-22.47188164708203,0 -46.87524910112708,-22.4720259273484,0 -46.8752271778095,-22.47216247208694,0 -46.87514795501861,-22.47232933889295,0 -46.87505008141706,-22.4724724456753,0 -46.87489981255078,-22.47265717484544,0 -46.87481559896369,-22.4727559546742,0 -46.87468431011522,-22.47288809235365,0 -46.87459475067084,-22.47299324395342,0 -46.87446319074263,-22.47320614893766,0 -46.87437721181953,-22.47332514017071,0 -46.87425023266973,-22.47347489463078,0 -46.87414921759171,-22.47358648890426,0 -46.87402534337576,-22.47371475409274,0 -46.87393874401786,-22.47378769143264,0 -46.87382135197793,-22.47389316616913,0 -46.87375902851327,-22.47395383281002,0 -46.87362807682711,-22.47406072695913,0 -46.87350175783045,-22.47415873357627,0 -46.87336548553957,-22.47427389199046,0 -46.87326951781217,-22.47435703341007,0 -46.87315098779299,-22.47447892618714,0 -46.87307285581408,-22.47457574164037,0 -46.87300611093002,-22.47466106727819,0 -46.87296886075899,-22.47476876519985,0 -46.87291005799256,-22.47493981065265,0 -46.87286114046537,-22.47513913496411,0 -46.8728292358281,-22.47529093876194,0 -46.87283298635577,-22.47536787370845,0 -46.87281604122495,-22.47542044119567,0 -46.87276198134612,-22.4755403228205,0 -46.87269023797779,-22.47565788596748,0 -46.87261835873787,-22.47576535512245,0 -46.87250552063433,-22.47590674150322,0 -46.87239295391063,-22.47601783803071,0 -46.8723043836743,-22.47609584526617,0 -46.87221504119631,-22.4761669207394,0 -46.87214978865841,-22.47621184656785,0 -46.87202181215943,-22.47628778741322,0 -46.87182910045932,-22.47639665940427,0 -46.87162621447618,-22.4765062802789,0 -46.8714260943608,-22.47661965463564,0 -46.87132518551484,-22.47668897101522,0 -46.87127094635298,-22.47674512615698,0 -46.87125460301318,-22.4767920077831,0 -46.8712509878882,-22.47682612222275,0 -46.8713335570564,-22.47705925424022,0 -46.87136400185049,-22.47715228462508,0 -46.87139815461197,-22.47726861790691,0 -46.8714215478471,-22.47739264774878,0 -46.87142225125459,-22.47749548796469,0 -46.87141784665872,-22.47757188667089,0 -46.87139668316862,-22.47766425422879,0 -46.87137332202784,-22.47774465883608,0 -46.87133432218278,-22.47782335207683,0 -46.87127522005289,-22.47792183879435,0 -46.87121911350249,-22.47799063505092,0 -46.87113804252104,-22.47807107856793,0 -46.87105604672717,-22.47813323460366,0 -46.87097732635522,-22.47818651897938,0 -46.87083569433432,-22.47825693875705,0 -46.87071006608241,-22.47830571964805,0 -46.87060792586229,-22.47833403677691,0 -46.87060102727215,-22.47832591419944,0 -46.87053034395164,-22.47826994697601,0 
						</coordinates>
					</LinearRing>
				</outerBoundaryIs>
			</Polygon>
		</Placemark>
		<Placemark>
			<name>2939</name>
			<styleUrl>#falseColor4</styleUrl>
			<Style id="inline">
				<IconStyle>
					<colorMode>random</colorMode>
				</IconStyle>
				<LineStyle>
					<colorMode>random</colorMode>
				</LineStyle>
				<PolyStyle>
					<colorMode>random</colorMode>
				</PolyStyle>
			</Style>
			<ExtendedData>
				<SchemaData schemaUrl="#S_FKA_DSSSSDDSD">
					<SimpleData name="id_0">2939</SimpleData>
					<SimpleData name="chave">FKA_28</SimpleData>
					<SimpleData name="fundo">10835 - FAZENDA KALUNGA</SimpleData>
					<SimpleData name="descricao">FKA - FAZENDA KALUNGA</SimpleData>
					<SimpleData name="regiao">FKA</SimpleData>
					<SimpleData name="area_quadr">33.3559</SimpleData>
					<SimpleData name="area_parci">2.80552</SimpleData>
					<SimpleData name="quadra">28</SimpleData>
					<SimpleData name="quadra_int">28</SimpleData>
				</SchemaData>
			</ExtendedData>
			<Polygon>
				<outerBoundaryIs>
					<LinearRing>
						<coordinates>
							-46.86697287790025,-22.47215857198646,0 -46.86714336292383,-22.47231623393807,0 -46.86726094537241,-22.47242718540758,0 -46.86733473718004,-22.47251277407586,0 -46.86739621739518,-22.47259156460012,0 -46.86753223624066,-22.47276098279118,0 -46.8675862497312,-22.47283985971819,0 -46.86772321864152,-22.47302945784475,0 -46.867873578078,-22.47320501928861,0 -46.86797115463114,-22.47329222496681,0 -46.8681366129233,-22.47337864402066,0 -46.86831272086931,-22.47344916516019,0 -46.86845951288853,-22.47351056126387,0 -46.86859479900364,-22.47357461447399,0 -46.86871603326359,-22.47365397378283,0 -46.86878541505678,-22.47371437390012,0 -46.86884543739634,-22.47378560901219,0 -46.86885901228641,-22.47383592945858,0 -46.8687386721997,-22.47392439862171,0 -46.86857067917189,-22.47400332446099,0 -46.86843086622401,-22.47405731561045,0 -46.86824537756419,-22.47409732358462,0 -46.86813149667505,-22.47411063171802,0 -46.86794337897112,-22.47410650172187,0 -46.86781790915371,-22.47406568024693,0 -46.86775147131062,-22.47402228186172,0 -46.86769976445061,-22.4739635694413,0 -46.86760382825174,-22.4737962110616,0 -46.86750112104009,-22.47363019298694,0 -46.86739903167386,-22.47351022870065,0 -46.86723545140751,-22.47336132079267,0 -46.86706051557411,-22.47327690345537,0 -46.86681400828061,-22.47317123060398,0 -46.86663205643633,-22.47306985773364,0 -46.8664955830908,-22.47301843600129,0 -46.86642209349916,-22.47300603633889,0 -46.86633239690965,-22.4730001339885,0 -46.86622118960816,-22.4730102549157,0 -46.8661852884972,-22.47301634923928,0 -46.86615549217981,-22.47276872161192,0 -46.86612117852827,-22.47258929137601,0 -46.86612083940954,-22.47241199178379,0 -46.86609818407155,-22.47224126021746,0 -46.86606741689244,-22.47207314642196,0 -46.86603933968237,-22.47190310855992,0 -46.86605992630145,-22.47186879772863,0 -46.86618121590829,-22.47180051071061,0 -46.866346188325,-22.47169890734323,0 -46.86647791102135,-22.4716999064147,0 -46.86697287790025,-22.47215857198646,0 
						</coordinates>
					</LinearRing>
				</outerBoundaryIs>
			</Polygon>
		</Placemark>
		<Placemark>
			<name>2940</name>
			<styleUrl>#falseColor4</styleUrl>
			<Style id="inline">
				<IconStyle>
					<colorMode>random</colorMode>
				</IconStyle>
				<LineStyle>
					<colorMode>random</colorMode>
				</LineStyle>
				<PolyStyle>
					<colorMode>random</colorMode>
				</PolyStyle>
			</Style>
			<ExtendedData>
				<SchemaData schemaUrl="#S_FKA_DSSSSDDSD">
					<SimpleData name="id_0">2940</SimpleData>
					<SimpleData name="chave">FKA_28</SimpleData>
					<SimpleData name="fundo">10835 - FAZENDA KALUNGA</SimpleData>
					<SimpleData name="descricao">FKA - FAZENDA KALUNGA</SimpleData>
					<SimpleData name="regiao">FKA</SimpleData>
					<SimpleData name="area_quadr">33.3559</SimpleData>
					<SimpleData name="area_parci">1.7239</SimpleData>
					<SimpleData name="quadra">28</SimpleData>
					<SimpleData name="quadra_int">28</SimpleData>
				</SchemaData>
			</ExtendedData>
			<Polygon>
				<outerBoundaryIs>
					<LinearRing>
						<coordinates>
							-46.86910888056042,-22.47495048503191,0 -46.86904285685346,-22.47493800007928,0 -46.86896032970025,-22.47490993211429,0 -46.86887962736143,-22.47486606863816,0 -46.86881523375587,-22.47482327801063,0 -46.86874241491289,-22.47475976292412,0 -46.86861442679966,-22.47463252806701,0 -46.86854987253066,-22.47457775070425,0 -46.86850054868191,-22.47454488083266,0 -46.86846104157672,-22.47453524315756,0 -46.8683883399363,-22.47453103796211,0 -46.86826350445916,-22.47453753246495,0 -46.86810196180073,-22.47454066638903,0 -46.86794093714658,-22.47453180566697,0 -46.86782866073647,-22.4745129154042,0 -46.86768562582532,-22.47447860708182,0 -46.8676056536891,-22.47443852030586,0 -46.86750479237434,-22.47435955514741,0 -46.86741874678311,-22.47427158468361,0 -46.86736819454799,-22.4741977154309,0 -46.86732511784958,-22.47412439054531,0 -46.86721593755084,-22.47393131542594,0 -46.86712733995764,-22.47380488497959,0 -46.86706740302538,-22.47373995791926,0 -46.86694753562324,-22.47366121246548,0 -46.8667766809119,-22.47357737854734,0 -46.86655738513285,-22.4734758070528,0 -46.86643380892384,-22.47342423597291,0 -46.866340523506,-22.47340386280498,0 -46.8662732360739,-22.47339833199401,0 -46.86623391541781,-22.47340257299788,0 -46.86618014542649,-22.47303786186377,0 -46.86625399255644,-22.47302628051273,0 -46.86633746145458,-22.47302342137246,0 -46.86645716967063,-22.47303970282807,0 -46.86657097997642,-22.47307182680681,0 -46.86672052848775,-22.47313634751692,0 -46.86695486771877,-22.4732459472645,0 -46.86709966485989,-22.47331052262148,0 -46.86727485454372,-22.47341386616248,0 -46.86741517746106,-22.4735497929825,0 -46.86746727322389,-22.47363752576334,0 -46.86754008049395,-22.47375088849548,0 -46.86763321669388,-22.4739119696278,0 -46.86768324243753,-22.47399720240849,0 -46.86778626695713,-22.47408560699814,0 -46.8678994334009,-22.47412026131915,0 -46.86804557432082,-22.47413308040706,0 -46.86820831333487,-22.47411794422078,0 -46.86839050105204,-22.47408491524217,0 -46.86859262995632,-22.47402010630375,0 -46.86878541754851,-22.47391691607515,0 -46.86886837880625,-22.47387620312582,0 -46.86888948144263,-22.47388037530798,0 -46.86892064637193,-22.47392607502971,0 -46.86895079095202,-22.47404750327766,0 -46.86899656397423,-22.47422049008136,0 -46.86902700507897,-22.47436399890353,0 -46.869076758108,-22.4745299988282,0 -46.86911542146786,-22.47467909104537,0 -46.8691454197961,-22.47489074998163,0 -46.86914337352562,-22.47494062052852,0 -46.86910888056042,-22.47495048503191,0 
						</coordinates>
					</LinearRing>
				</outerBoundaryIs>
			</Polygon>
		</Placemark>
		<Placemark>
			<name>2941</name>
			<styleUrl>#falseColor4</styleUrl>
			<Style id="inline">
				<IconStyle>
					<colorMode>random</colorMode>
				</IconStyle>
				<LineStyle>
					<colorMode>random</colorMode>
				</LineStyle>
				<PolyStyle>
					<colorMode>random</colorMode>
				</PolyStyle>
			</Style>
			<ExtendedData>
				<SchemaData schemaUrl="#S_FKA_DSSSSDDSD">
					<SimpleData name="id_0">2941</SimpleData>
					<SimpleData name="chave">FKA_28</SimpleData>
					<SimpleData name="fundo">10835 - FAZENDA KALUNGA</SimpleData>
					<SimpleData name="descricao">FKA - FAZENDA KALUNGA</SimpleData>
					<SimpleData name="regiao">FKA</SimpleData>
					<SimpleData name="area_quadr">33.3559</SimpleData>
					<SimpleData name="area_parci">3.99777</SimpleData>
					<SimpleData name="quadra">28</SimpleData>
					<SimpleData name="quadra_int">28</SimpleData>
				</SchemaData>
			</ExtendedData>
			<Polygon>
				<outerBoundaryIs>
					<LinearRing>
						<coordinates>
							-46.86660312922429,-22.47516628540264,0 -46.86656607123478,-22.47503547207777,0 -46.8665136079035,-22.47481902475872,0 -46.86646117012964,-22.47460447003172,0 -46.86641682533097,-22.4744365135943,0 -46.86635674329366,-22.47420879686848,0 -46.86632021724262,-22.47396566405552,0 -46.8662877449513,-22.4737717002069,0 -46.86626332316538,-22.47362118030617,0 -46.86623569579382,-22.47343410105293,0 -46.86633183416968,-22.47341405896672,0 -46.86647501993382,-22.47345972434801,0 -46.86659510062314,-22.47350376418597,0 -46.86676559882293,-22.47358634049056,0 -46.86694336436358,-22.47367924350189,0 -46.86706867501542,-22.47375887237974,0 -46.86715095167474,-22.47386960174422,0 -46.86723707618031,-22.47398880462732,0 -46.8672900242692,-22.47408946253227,0 -46.86735600539077,-22.47420006502204,0 -46.86742726489884,-22.47429924882377,0 -46.86748921333076,-22.47436225950364,0 -46.86753649197173,-22.47439452242184,0 -46.867658213933,-22.47448491888901,0 -46.8677829248872,-22.47451975501811,0 -46.86791213799503,-22.47453592518628,0 -46.86806325116137,-22.47456509191303,0 -46.86817408196297,-22.47455213463832,0 -46.86830879000502,-22.47454773419611,0 -46.8683966677959,-22.47454450735881,0 -46.86841332855647,-22.47454652267285,0 -46.8684723132973,-22.47456571469186,0 -46.86858309092589,-22.47462468862983,0 -46.86861432020699,-22.47464988104855,0 -46.86870285270079,-22.47474602463018,0 -46.86880277290272,-22.47483067864258,0 -46.86886722577997,-22.47487788539553,0 -46.86894919262394,-22.4749147935209,0 -46.86899836428199,-22.47493630750034,0 -46.86906348407229,-22.4749573210793,0 -46.86914456046849,-22.47497846511236,0 -46.86914197087393,-22.47503843751706,0 -46.86911074942918,-22.47519086385881,0 -46.86908319304894,-22.47536343882011,0 -46.86903803082828,-22.47548889496667,0 -46.86899093504109,-22.47557146739572,0 -46.86892589332206,-22.47563216383002,0 -46.86885929066792,-22.4756777349977,0 -46.86876474597415,-22.47571542741093,0 -46.86863812699789,-22.47574087211218,0 -46.86854258164646,-22.47575459904363,0 -46.86845517373811,-22.47576760063143,0 -46.86831529290463,-22.47576606697233,0 -46.86794966883168,-22.47573938628114,0 -46.86765041763181,-22.47570057830534,0 -46.86750346085049,-22.47567767283828,0 -46.86737353402246,-22.47565898677738,0 -46.86724353308002,-22.47558414488288,0 -46.86713677516787,-22.47547054432786,0 -46.86703026275006,-22.47537523906286,0 -46.86692268042284,-22.47530139918936,0 -46.86685926201661,-22.47528068052008,0 -46.86676480371457,-22.47527420266443,0 -46.86671057375947,-22.47528050937554,0 -46.86660312922429,-22.47516628540264,0 
						</coordinates>
					</LinearRing>
				</outerBoundaryIs>
			</Polygon>
		</Placemark>
		<Placemark>
			<name>2942</name>
			<styleUrl>#falseColor4</styleUrl>
			<Style id="inline">
				<IconStyle>
					<colorMode>random</colorMode>
				</IconStyle>
				<LineStyle>
					<colorMode>random</colorMode>
				</LineStyle>
				<PolyStyle>
					<colorMode>random</colorMode>
				</PolyStyle>
			</Style>
			<ExtendedData>
				<SchemaData schemaUrl="#S_FKA_DSSSSDDSD">
					<SimpleData name="id_0">2942</SimpleData>
					<SimpleData name="chave">FKA_26</SimpleData>
					<SimpleData name="fundo">10835 - FAZENDA KALUNGA</SimpleData>
					<SimpleData name="descricao">FKA - FAZENDA KALUNGA</SimpleData>
					<SimpleData name="regiao">FKA</SimpleData>
					<SimpleData name="area_quadr">19.0066</SimpleData>
					<SimpleData name="area_parci">6.76092</SimpleData>
					<SimpleData name="quadra">26</SimpleData>
					<SimpleData name="quadra_int">26</SimpleData>
				</SchemaData>
			</ExtendedData>
			<Polygon>
				<outerBoundaryIs>
					<LinearRing>
						<coordinates>
							-46.86743605266338,-22.4695371932288,0 -46.86739229668666,-22.46931181155443,0 -46.86736386977157,-22.46916638593942,0 -46.86732937606013,-22.46902418543751,0 -46.86729735015948,-22.46891413598334,0 -46.86722787663706,-22.46869473079948,0 -46.86714426710938,-22.46848432288025,0 -46.86703762121968,-22.46827733649372,0 -46.86693851613964,-22.46812641934696,0 -46.86680986818103,-22.46794934325657,0 -46.86671948399172,-22.4678412311824,0 -46.86657815095047,-22.46768007605607,0 -46.86644609896896,-22.46755288593704,0 -46.86627691089091,-22.46739015999062,0 -46.8660749724038,-22.46721519336057,0 -46.86592607842687,-22.46709766226016,0 -46.8657436875912,-22.46696285129881,0 -46.86564023614153,-22.46689274814373,0 -46.86556831308008,-22.46684499523416,0 -46.86555210113905,-22.46680038363822,0 -46.86561181457225,-22.46669684407502,0 -46.86566941552394,-22.4665876501684,0 -46.86574261431808,-22.46642653592374,0 -46.86584875496386,-22.46619058559069,0 -46.86593563315017,-22.46598640677723,0 -46.86602459814569,-22.46578598962302,0 -46.86612518089988,-22.46554063884856,0 -46.86616774649275,-22.46542404709689,0 -46.86622501427519,-22.46534072681353,0 -46.86628277218734,-22.46529399732324,0 -46.86634518590714,-22.46529075112625,0 -46.86647088394214,-22.46534923888382,0 -46.86660447129265,-22.46543918390815,0 -46.8668033797224,-22.46559083906618,0 -46.86696321768155,-22.46571455246229,0 -46.86722032209047,-22.46590276074699,0 -46.8674403247797,-22.46605795662987,0 -46.86767349546358,-22.46623319082497,0 -46.86782721741267,-22.46635634312948,0 -46.86809380171368,-22.46654254715042,0 -46.86828981200856,-22.46668035243545,0 -46.86844817646221,-22.46679524764453,0 -46.86862824534901,-22.46690862922983,0 -46.86870351927503,-22.46700366486264,0 -46.8686033652341,-22.46723008285012,0 -46.86847402125586,-22.46750731686646,0 -46.86834313305549,-22.46777068728257,0 -46.86821479878163,-22.46802203953373,0 -46.86808456307517,-22.46828350930053,0 -46.86796705475782,-22.46853221208014,0 -46.86784528716148,-22.46876708271898,0 -46.86774873811844,-22.46895875499541,0 -46.86760596739317,-22.46924750149166,0 -46.86745986343286,-22.46949022544345,0 -46.86743605266338,-22.4695371932288,0 
						</coordinates>
					</LinearRing>
				</outerBoundaryIs>
			</Polygon>
		</Placemark>
		<Placemark>
			<name>2943</name>
			<styleUrl>#falseColor4</styleUrl>
			<Style id="inline">
				<IconStyle>
					<colorMode>random</colorMode>
				</IconStyle>
				<LineStyle>
					<colorMode>random</colorMode>
				</LineStyle>
				<PolyStyle>
					<colorMode>random</colorMode>
				</PolyStyle>
			</Style>
			<ExtendedData>
				<SchemaData schemaUrl="#S_FKA_DSSSSDDSD">
					<SimpleData name="id_0">2943</SimpleData>
					<SimpleData name="chave">FKA_21</SimpleData>
					<SimpleData name="fundo">10835 - FAZENDA KALUNGA</SimpleData>
					<SimpleData name="descricao">FKA - FAZENDA KALUNGA</SimpleData>
					<SimpleData name="regiao">FKA</SimpleData>
					<SimpleData name="area_quadr">12.92</SimpleData>
					<SimpleData name="area_parci">12.92</SimpleData>
					<SimpleData name="quadra">21</SimpleData>
					<SimpleData name="quadra_int">21</SimpleData>
				</SchemaData>
			</ExtendedData>
			<Polygon>
				<outerBoundaryIs>
					<LinearRing>
						<coordinates>
							-46.86632441316107,-22.46500705330305,0 -46.86626294347415,-22.46513143554028,0 -46.86621417607287,-22.46524115836739,0 -46.86617461569796,-22.4653286905546,0 -46.86613511443417,-22.46542063886707,0 -46.86610688192828,-22.46549226561094,0 -46.86605880997694,-22.46560324230094,0 -46.86600969306793,-22.4657375771041,0 -46.86597482475197,-22.46582063814305,0 -46.8659247331579,-22.46593290011825,0 -46.86585353734009,-22.46609146735747,0 -46.86578251036781,-22.46626265209593,0 -46.86573502376962,-22.46636668122398,0 -46.8656901170478,-22.46646058491075,0 -46.86563205705426,-22.46658618945479,0 -46.86557422794872,-22.46667834969337,0 -46.8655098588175,-22.46673840590202,0 -46.86544005380898,-22.4667474160803,0 -46.86535634361484,-22.4667319790922,0 -46.8652121738952,-22.46666297761362,0 -46.86499775167209,-22.46656954953135,0 -46.86476392368255,-22.46649716769585,0 -46.86454660627174,-22.46644099993635,0 -46.86441457602809,-22.46641665651203,0 -46.86422359296057,-22.46640056618989,0 -46.86402603313041,-22.46640032601829,0 -46.86382322027215,-22.46641339677986,0 -46.86354867568004,-22.46644370157902,0 -46.86328184227923,-22.46649221507919,0 -46.86308281120099,-22.46653426605303,0 -46.86292587309384,-22.46657646149703,0 -46.86274796002572,-22.46662394687792,0 -46.86262021790876,-22.46666643575744,0 -46.86248174165897,-22.46671851313567,0 -46.86233388037251,-22.46677953243192,0 -46.86219023504178,-22.46685122948526,0 -46.86207436922555,-22.46691881979754,0 -46.86198626611298,-22.46698104167046,0 -46.86187141616801,-22.46707385911093,0 -46.86178586358481,-22.46717454090138,0 -46.86170526901279,-22.46723983081955,0 -46.86164903915584,-22.46724868265631,0 -46.86156672452329,-22.46718527348828,0 -46.86142500566297,-22.46704557105573,0 -46.86125451670579,-22.46688664032382,0 -46.86104392523891,-22.46667327737051,0 -46.86083955304668,-22.4664680450113,0 -46.86061642453475,-22.46623084902671,0 -46.86041435959367,-22.46604578063428,0 -46.86015440976299,-22.46579638919374,0 -46.86020608270599,-22.46570051587088,0 -46.86027730544662,-22.46559432141399,0 -46.86039556250307,-22.46545161874861,0 -46.86053420799246,-22.46531057371473,0 -46.86076767160143,-22.46515266017827,0 -46.86102923425754,-22.46501461327916,0 -46.86123593734752,-22.46493714177191,0 -46.86155679715533,-22.46481670797385,0 -46.86185545067017,-22.46471104236213,0 -46.86217051237079,-22.46461402040842,0 -46.86254537327881,-22.46452135504444,0 -46.86278836183454,-22.46446680862839,0 -46.86296118787752,-22.46444525207557,0 -46.86316997202471,-22.46442201797293,0 -46.86346014148139,-22.46439279544148,0 -46.86371250198613,-22.46437915271878,0 -46.86399270902046,-22.46436644970382,0 -46.86410405325334,-22.46436705566924,0 -46.86435323920698,-22.46436985397645,0 -46.86462982940019,-22.46439126428212,0 -46.8648664564397,-22.46441944596794,0 -46.86503039562786,-22.46444405109594,0 -46.86527755071861,-22.46449798035589,0 -46.86552624092752,-22.4645651419234,0 -46.86576362030689,-22.46464947024788,0 -46.86600670055508,-22.46475392340883,0 -46.86617739995256,-22.46482703410416,0 -46.86625589012375,-22.46485830548249,0 -46.86637836288272,-22.46492945013972,0 -46.86636839254511,-22.46494533987263,0 -46.86632441316107,-22.46500705330305,0 
						</coordinates>
					</LinearRing>
				</outerBoundaryIs>
			</Polygon>
		</Placemark>
		<Placemark>
			<name>2944</name>
			<styleUrl>#falseColor4</styleUrl>
			<Style id="inline">
				<IconStyle>
					<colorMode>random</colorMode>
				</IconStyle>
				<LineStyle>
					<colorMode>random</colorMode>
				</LineStyle>
				<PolyStyle>
					<colorMode>random</colorMode>
				</PolyStyle>
			</Style>
			<ExtendedData>
				<SchemaData schemaUrl="#S_FKA_DSSSSDDSD">
					<SimpleData name="id_0">2944</SimpleData>
					<SimpleData name="chave">FKA_16</SimpleData>
					<SimpleData name="fundo">10835 - FAZENDA KALUNGA</SimpleData>
					<SimpleData name="descricao">FKA - FAZENDA KALUNGA</SimpleData>
					<SimpleData name="regiao">FKA</SimpleData>
					<SimpleData name="area_quadr">10.2463</SimpleData>
					<SimpleData name="area_parci">4.69519</SimpleData>
					<SimpleData name="quadra">16</SimpleData>
					<SimpleData name="quadra_int">16</SimpleData>
				</SchemaData>
			</ExtendedData>
			<Polygon>
				<outerBoundaryIs>
					<LinearRing>
						<coordinates>
							-46.86156892075654,-22.46740041057484,0 -46.86141155063476,-22.46761360381067,0 -46.86130140884244,-22.46780479863068,0 -46.86118697884883,-22.46803074650511,0 -46.8611201106613,-22.4682088222522,0 -46.86105219661241,-22.46841025612153,0 -46.8609757654445,-22.46868561233483,0 -46.86089901765602,-22.46898810409737,0 -46.86083415081972,-22.46926521972352,0 -46.86078774683744,-22.46945063089839,0 -46.86074584150338,-22.46961706090041,0 -46.8606992765333,-22.4698920723552,0 -46.86064348630248,-22.47018801242711,0 -46.86061822592569,-22.47038075127341,0 -46.8605882131747,-22.47067513191645,0 -46.86057601083444,-22.47077812163463,0 -46.86054398437244,-22.47082013554212,0 -46.86052773515275,-22.47082347791928,0 -46.86040719028438,-22.47079521303398,0 -46.86016146328032,-22.47069646115739,0 -46.85981032435183,-22.47053330338983,0 -46.85958439303067,-22.47044252492233,0 -46.85956235117703,-22.47041880207488,0 -46.85958748174924,-22.4702670781973,0 -46.85961001992074,-22.47007373985159,0 -46.85962580229127,-22.46998459032726,0 -46.85966059252369,-22.46979363456998,0 -46.85969782832819,-22.46958245939367,0 -46.85972588936932,-22.46939599806182,0 -46.85976527092054,-22.46919300080214,0 -46.85981487646895,-22.46899304048795,0 -46.85986174986002,-22.46879184972482,0 -46.85991213505613,-22.46859945209783,0 -46.85997117598122,-22.46839433511329,0 -46.8600267385388,-22.46818294848275,0 -46.86008849433509,-22.46797780014941,0 -46.86015798628157,-22.46779275376414,0 -46.8602350121643,-22.46761266824578,0 -46.86032878855304,-22.46741598410109,0 -46.86044421011223,-22.46721337141346,0 -46.86062590442612,-22.46694058673518,0 -46.86079034952888,-22.46674876574225,0 -46.86090809668928,-22.46661868807911,0 -46.86094193485363,-22.46661072588892,0 -46.86102932908,-22.46669868482223,0 -46.86117029254075,-22.46683271759374,0 -46.86129065661322,-22.46694932069061,0 -46.86142558736133,-22.46708910161263,0 -46.86160490102031,-22.46724793025952,0 -46.86162438342049,-22.46733414890543,0 -46.86156892075654,-22.46740041057484,0 
						</coordinates>
					</LinearRing>
				</outerBoundaryIs>
			</Polygon>
		</Placemark>
		<Placemark>
			<name>2945</name>
			<styleUrl>#falseColor4</styleUrl>
			<Style id="inline">
				<IconStyle>
					<colorMode>random</colorMode>
				</IconStyle>
				<LineStyle>
					<colorMode>random</colorMode>
				</LineStyle>
				<PolyStyle>
					<colorMode>random</colorMode>
				</PolyStyle>
			</Style>
			<ExtendedData>
				<SchemaData schemaUrl="#S_FKA_DSSSSDDSD">
					<SimpleData name="id_0">2945</SimpleData>
					<SimpleData name="chave">FKA_15</SimpleData>
					<SimpleData name="fundo">10835 - FAZENDA KALUNGA</SimpleData>
					<SimpleData name="descricao">FKA - FAZENDA KALUNGA</SimpleData>
					<SimpleData name="regiao">FKA</SimpleData>
					<SimpleData name="area_quadr">12.5833</SimpleData>
					<SimpleData name="area_parci">8.19414</SimpleData>
					<SimpleData name="quadra">15</SimpleData>
					<SimpleData name="quadra_int">15</SimpleData>
				</SchemaData>
			</ExtendedData>
			<Polygon>
				<outerBoundaryIs>
					<LinearRing>
						<coordinates>
							-46.85954354331353,-22.47038305339811,0 -46.85951046718233,-22.47039731631098,0 -46.85941307800649,-22.47037446237709,0 -46.85919029188828,-22.4703158267954,0 -46.85899424035347,-22.47027644289932,0 -46.85884732385441,-22.47025605255121,0 -46.85871540002319,-22.47023990606514,0 -46.85867834045331,-22.47021004644971,0 -46.85867609566845,-22.47009271089532,0 -46.85864564952477,-22.46994793750155,0 -46.85863005821191,-22.46974620507353,0 -46.8586248457357,-22.46960997445328,0 -46.8586188450362,-22.46946555023438,0 -46.8585988788941,-22.46939384916993,0 -46.85857429501301,-22.4691796008588,0 -46.8585751803411,-22.4689915599447,0 -46.85856130892169,-22.46881693960208,0 -46.85854894896343,-22.46855207232448,0 -46.85853177323239,-22.46833332175967,0 -46.85851414302845,-22.46808050373927,0 -46.85849534354566,-22.46789268967359,0 -46.85845734676642,-22.46758899732686,0 -46.85844568048554,-22.46742697103062,0 -46.85842989346159,-22.46715961927692,0 -46.85841451054058,-22.46692254968826,0 -46.85847673916734,-22.46660003490746,0 -46.85851102305409,-22.46647281367071,0 -46.85857638191793,-22.46623228962985,0 -46.85862054050098,-22.46615827201669,0 -46.85866727680463,-22.46609936810081,0 -46.85873855298855,-22.46602251400626,0 -46.85887924024831,-22.46593255577641,0 -46.85908119141346,-22.46580403264753,0 -46.85921111032047,-22.46572113902033,0 -46.85933350352558,-22.46563391523586,0 -46.85951932306958,-22.46551756612641,0 -46.85959549478986,-22.46547693633462,0 -46.85967979498901,-22.46543495082319,0 -46.85973900050927,-22.46544562563131,0 -46.85980848383167,-22.46551423163221,0 -46.85991512679447,-22.46562026755922,0 -46.86011573180689,-22.46579778179404,0 -46.86028542139761,-22.46594788946575,0 -46.86052407666404,-22.46617859708618,0 -46.86071192959929,-22.46636698418052,0 -46.86088813412756,-22.46654730276548,0 -46.86088786830246,-22.46657822361403,0 -46.86083348042251,-22.46667412846688,0 -46.86078394970423,-22.46672707094822,0 -46.86072056049824,-22.46680982915755,0 -46.8606296780026,-22.46691814357672,0 -46.86054616934722,-22.46701943214725,0 -46.86049232504365,-22.46710523502849,0 -46.86042927253903,-22.46721322826227,0 -46.8603622230346,-22.46732694636454,0 -46.86031246810051,-22.46741396396825,0 -46.86023581789302,-22.46757133007421,0 -46.86015009411002,-22.46776098055607,0 -46.86011620387212,-22.46786674435871,0 -46.86006764973237,-22.46799286851381,0 -46.8600272494611,-22.46811952957863,0 -46.86000963810994,-22.46817336561839,0 -46.8599812791355,-22.46828663729963,0 -46.85994771721669,-22.468417005322,0 -46.85990763685914,-22.46856763973269,0 -46.85986320077971,-22.46874798021124,0 -46.85982565854954,-22.46888533485128,0 -46.85980196667088,-22.46899224292577,0 -46.85978954124209,-22.46902772085167,0 -46.85973608186838,-22.4692441309644,0 -46.85960958262013,-22.4699901406803,0 -46.85958616842209,-22.47011786770912,0 -46.8595656596592,-22.47020896466519,0 -46.8595635249232,-22.47030332007754,0 -46.85954354331353,-22.47038305339811,0 
						</coordinates>
					</LinearRing>
				</outerBoundaryIs>
			</Polygon>
		</Placemark>
		<Placemark>
			<name>2946</name>
			<styleUrl>#falseColor4</styleUrl>
			<Style id="inline">
				<IconStyle>
					<colorMode>random</colorMode>
				</IconStyle>
				<LineStyle>
					<colorMode>random</colorMode>
				</LineStyle>
				<PolyStyle>
					<colorMode>random</colorMode>
				</PolyStyle>
			</Style>
			<ExtendedData>
				<SchemaData schemaUrl="#S_FKA_DSSSSDDSD">
					<SimpleData name="id_0">2946</SimpleData>
					<SimpleData name="chave">FKA_19</SimpleData>
					<SimpleData name="fundo">10835 - FAZENDA KALUNGA</SimpleData>
					<SimpleData name="descricao">FKA - FAZENDA KALUNGA</SimpleData>
					<SimpleData name="regiao">FKA</SimpleData>
					<SimpleData name="area_quadr">13.0011</SimpleData>
					<SimpleData name="area_parci">11.7099</SimpleData>
					<SimpleData name="quadra">19</SimpleData>
					<SimpleData name="quadra_int">19</SimpleData>
				</SchemaData>
			</ExtendedData>
			<Polygon>
				<outerBoundaryIs>
					<LinearRing>
						<coordinates>
							-46.86604856582256,-22.47026089327347,0 -46.86607342203169,-22.47019056754335,0 -46.86617453136244,-22.46998433094809,0 -46.8662424866083,-22.4698371585741,0 -46.86633877624473,-22.46962592989169,0 -46.86643068600569,-22.46944251469552,0 -46.86650986748877,-22.469271866265,0 -46.86656751934469,-22.46916645729956,0 -46.86662143049412,-22.46903522170765,0 -46.86664175449556,-22.46898135368518,0 -46.86660652962272,-22.46888585348456,0 -46.8665802366022,-22.46884893041528,0 -46.8665144044299,-22.46879984555931,0 -46.86636960392238,-22.46873463842912,0 -46.86613195506225,-22.46863075438565,0 -46.86586100340352,-22.46852410046174,0 -46.86559397279114,-22.46840604316404,0 -46.8652812945429,-22.46827589395907,0 -46.86508165952959,-22.46817156853825,0 -46.8648760761609,-22.46807930015069,0 -46.86468608835603,-22.46798558919318,0 -46.86445404109534,-22.46789425722847,0 -46.86420826632769,-22.46779172607668,0 -46.86393196322978,-22.46769080935624,0 -46.86368163176679,-22.46760284243671,0 -46.86338258329891,-22.46747631765242,0 -46.86315051230594,-22.46738309105876,0 -46.862878852504,-22.46727391611983,0 -46.86274139133619,-22.46724963409338,0 -46.86263959838283,-22.46725270283866,0 -46.86257688440623,-22.46728434498007,0 -46.86250989574476,-22.46740247999877,0 -46.86237982658356,-22.46767719428507,0 -46.86229573325016,-22.46788701810511,0 -46.86219325324094,-22.46809263740488,0 -46.86207293468049,-22.46833505917945,0 -46.86193214654429,-22.46862062352388,0 -46.86182445441036,-22.46884270816022,0 -46.86171567420173,-22.4690849964926,0 -46.86159335982327,-22.46933059589445,0 -46.86147061918968,-22.46959512938475,0 -46.86135970028146,-22.46982987051726,0 -46.86123354794836,-22.47009318129698,0 -46.86113127570957,-22.47031457202183,0 -46.86102150259217,-22.47053352537124,0 -46.86086477303785,-22.47084577390012,0 -46.86084276859836,-22.47087568367402,0 -46.86081460431174,-22.47090187868682,0 -46.86078012002358,-22.47091237226168,0 -46.86071553221266,-22.47090554594072,0 -46.86067533540423,-22.47084417428214,0 -46.86067734262972,-22.47079114922885,0 -46.86070929829368,-22.47059139239418,0 -46.86074829930084,-22.47036000550395,0 -46.86079116230649,-22.47011279966393,0 -46.86082572335895,-22.46990481006805,0 -46.86083701516875,-22.46973368555337,0 -46.86082555647473,-22.46958743161139,0 -46.86084601826496,-22.46944207123815,0 -46.86091043839784,-22.46913151909311,0 -46.86098504024648,-22.46882084941931,0 -46.86104203926255,-22.46856464672629,0 -46.86111095693315,-22.46833670032853,0 -46.86118087352844,-22.46813271942626,0 -46.86127650817516,-22.46792276287487,0 -46.86133002346998,-22.46781235552433,0 -46.86138117760112,-22.4677284763612,0 -46.86152704217948,-22.46751793986778,0 -46.86163952751792,-22.46740054192255,0 -46.8617826214148,-22.46723672935638,0 -46.86188004648994,-22.4671100405183,0 -46.86192036057122,-22.46707865727973,0 -46.86204673300347,-22.46698444480657,0 -46.86218332079981,-22.46689263817717,0 -46.86246062360976,-22.46676387173097,0 -46.86265036707363,-22.46668722516995,0 -46.86287820665505,-22.46661644806018,0 -46.8629864157386,-22.4665855421852,0 -46.86318267272122,-22.46653910655479,0 -46.86326595228069,-22.46652236996868,0 -46.86346840250913,-22.46648217218556,0 -46.86369141869415,-22.46645687986092,0 -46.86382961210159,-22.46643446054606,0 -46.86397612813693,-22.46642519537733,0 -46.86412612248495,-22.46642219961131,0 -46.8642694978385,-22.46643189971079,0 -46.86445097797684,-22.46644809984609,0 -46.86470560315546,-22.46650194341669,0 -46.86493193071858,-22.46657188818245,0 -46.86510733275549,-22.46664115967425,0 -46.86525552443018,-22.46670632888596,0 -46.86548601530449,-22.4668336433084,0 -46.86569069582262,-22.46695999404545,0 -46.86589837071858,-22.46710713198743,0 -46.8660391530465,-22.46722728087636,0 -46.86621708037137,-22.46738359622583,0 -46.86641778850541,-22.46756804149572,0 -46.86654972212411,-22.4676863993781,0 -46.86665934890942,-22.46781195607192,0 -46.8667808873496,-22.46796513761507,0 -46.86690878885275,-22.46813717458398,0 -46.86700512800632,-22.46828433793437,0 -46.86708998709594,-22.46843605095388,0 -46.86716619966639,-22.46860111447852,0 -46.86722940319572,-22.46880860381194,0 -46.86730634137347,-22.46907840040972,0 -46.86735167461563,-22.46932016916446,0 -46.86737714741025,-22.46949843959965,0 -46.86739134716557,-22.4695954450312,0 -46.86737949884968,-22.46967382293179,0 -46.86733739216049,-22.46977400434587,0 -46.86723719190274,-22.469997267321,0 -46.86714075968019,-22.47019777157512,0 -46.86700936554018,-22.47047439741156,0 -46.86692227527138,-22.47066280489531,0 -46.86679265458526,-22.4709198498827,0 -46.86667302951007,-22.47116289764936,0 -46.86657779273173,-22.47135139929821,0 -46.86648183702231,-22.47148627648937,0 -46.86644692795772,-22.47151570537951,0 -46.86639707304742,-22.47144308958817,0 -46.86604856582256,-22.47026089327347,0 
						</coordinates>
					</LinearRing>
				</outerBoundaryIs>
			</Polygon>
		</Placemark>
		<Placemark>
			<name>2947</name>
			<styleUrl>#falseColor4</styleUrl>
			<Style id="inline">
				<IconStyle>
					<colorMode>random</colorMode>
				</IconStyle>
				<LineStyle>
					<colorMode>random</colorMode>
				</LineStyle>
				<PolyStyle>
					<colorMode>random</colorMode>
				</PolyStyle>
			</Style>
			<ExtendedData>
				<SchemaData schemaUrl="#S_FKA_DSSSSDDSD">
					<SimpleData name="id_0">2947</SimpleData>
					<SimpleData name="chave">FKA_19</SimpleData>
					<SimpleData name="fundo">10835 - FAZENDA KALUNGA</SimpleData>
					<SimpleData name="descricao">FKA - FAZENDA KALUNGA</SimpleData>
					<SimpleData name="regiao">FKA</SimpleData>
					<SimpleData name="area_quadr">13.0011</SimpleData>
					<SimpleData name="area_parci">1.2912</SimpleData>
					<SimpleData name="quadra">19</SimpleData>
					<SimpleData name="quadra_int">19</SimpleData>
				</SchemaData>
			</ExtendedData>
			<Polygon>
				<outerBoundaryIs>
					<LinearRing>
						<coordinates>
							-46.86507019422816,-22.47228375739576,0 -46.86568829270879,-22.47103800504416,0 -46.86578191939128,-22.47083059328349,0 -46.86591302895579,-22.47053251849532,0 -46.8660019710176,-22.47033020863356,0 -46.86603772776113,-22.47031338950811,0 -46.86605354307317,-22.47032834983986,0 -46.86612039357424,-22.47055472661594,0 -46.86618277417975,-22.47075149932845,0 -46.8662476225441,-22.47098042308486,0 -46.86631215834169,-22.47118600439899,0 -46.86636790367708,-22.4713942113205,0 -46.86641457346739,-22.47153311619732,0 -46.86641050665576,-22.47158427211688,0 -46.86631121822257,-22.47167312674397,0 -46.86612208764858,-22.4717958318123,0 -46.86586264788735,-22.47194080345483,0 -46.86576292778358,-22.47199748312161,0 -46.86559921921366,-22.47209213059893,0 -46.86543640049225,-22.47220254196485,0 -46.86526964383415,-22.47232309431562,0 -46.86516614605858,-22.47240190142074,0 -46.86504790015821,-22.47249476049018,0 -46.86501958433584,-22.47250960043505,0 -46.86499450204516,-22.47251241447173,0 -46.8649851620978,-22.4724740331182,0 -46.86507019422816,-22.47228375739576,0 
						</coordinates>
					</LinearRing>
				</outerBoundaryIs>
			</Polygon>
		</Placemark>
		<Placemark>
			<name>2948</name>
			<styleUrl>#falseColor4</styleUrl>
			<Style id="inline">
				<IconStyle>
					<colorMode>random</colorMode>
				</IconStyle>
				<LineStyle>
					<colorMode>random</colorMode>
				</LineStyle>
				<PolyStyle>
					<colorMode>random</colorMode>
				</PolyStyle>
			</Style>
			<ExtendedData>
				<SchemaData schemaUrl="#S_FKA_DSSSSDDSD">
					<SimpleData name="id_0">2948</SimpleData>
					<SimpleData name="chave">FKA_87</SimpleData>
					<SimpleData name="fundo">10835 - FAZENDA KALUNGA</SimpleData>
					<SimpleData name="descricao">FKA - FAZENDA KALUNGA</SimpleData>
					<SimpleData name="regiao">FKA</SimpleData>
					<SimpleData name="area_quadr">20.7602</SimpleData>
					<SimpleData name="area_parci">20.7602</SimpleData>
					<SimpleData name="quadra">87</SimpleData>
					<SimpleData name="quadra_int">87</SimpleData>
				</SchemaData>
			</ExtendedData>
			<Polygon>
				<outerBoundaryIs>
					<LinearRing>
						<coordinates>
							-46.86489960043613,-22.47257408569434,0 -46.86484923010934,-22.47261505063446,0 -46.86475333996961,-22.47260290928753,0 -46.86456957339879,-22.4725179602604,0 -46.86420504328044,-22.47236947992547,0 -46.86381260659748,-22.47221564255753,0 -46.86345360976204,-22.47207466815012,0 -46.86330967989924,-22.47202396074488,0 -46.86299122697787,-22.47186863525038,0 -46.86258641396194,-22.4717029492229,0 -46.86218286667165,-22.4715303067826,0 -46.86180806643822,-22.47137499861069,0 -46.86145300301866,-22.47122324750355,0 -46.86105363235885,-22.47105812554437,0 -46.86085749956743,-22.47096195721283,0 -46.86086019395788,-22.47090955520587,0 -46.86095622688311,-22.47072924999456,0 -46.86106657787911,-22.47050271831228,0 -46.86119007464912,-22.47024385511341,0 -46.8612971320898,-22.47002493301847,0 -46.86142528692426,-22.46975907518075,0 -46.86155219331749,-22.46950143434562,0 -46.86167080190467,-22.46923253168756,0 -46.86180880846373,-22.46894195184521,0 -46.86193766555024,-22.46867797849461,0 -46.86207508505418,-22.46839434596877,0 -46.86220713273276,-22.46811519220734,0 -46.86235055910749,-22.46782391842541,0 -46.86247785423521,-22.46754481937356,0 -46.86255971279786,-22.46737098684443,0 -46.86259707542485,-22.46732197024223,0 -46.8627004239299,-22.46728291799983,0 -46.86277381745916,-22.46728837994695,0 -46.86288814923293,-22.46730914329653,0 -46.86299530967636,-22.46735207352228,0 -46.86329012449577,-22.46746665946751,0 -46.86363692449024,-22.46761029984828,0 -46.863966493686,-22.46773457841334,0 -46.86422372320788,-22.4678306677823,0 -46.86445918952273,-22.46792385348416,0 -46.8647493226112,-22.46804353853852,0 -46.86506221108783,-22.46818946075442,0 -46.8653567305392,-22.46833243994928,0 -46.86566208590586,-22.46847340027611,0 -46.8658736864985,-22.46855865725553,0 -46.86618903877903,-22.4686856194232,0 -46.86641497073811,-22.46877638855114,0 -46.86653747253617,-22.4688494254419,0 -46.86657415883122,-22.46890200254559,0 -46.86659518213781,-22.46895097511401,0 -46.86659670639517,-22.46901405481873,0 -46.86635131240266,-22.46954817504641,0 -46.86600661535174,-22.47027147434457,0 -46.86588581766514,-22.47052841657894,0 -46.86494461073969,-22.47248775263632,0 -46.86489960043613,-22.47257408569434,0 
						</coordinates>
					</LinearRing>
				</outerBoundaryIs>
			</Polygon>
		</Placemark>
		<Placemark>
			<name>2949</name>
			<styleUrl>#falseColor4</styleUrl>
			<Style id="inline">
				<IconStyle>
					<colorMode>random</colorMode>
				</IconStyle>
				<LineStyle>
					<colorMode>random</colorMode>
				</LineStyle>
				<PolyStyle>
					<colorMode>random</colorMode>
				</PolyStyle>
			</Style>
			<ExtendedData>
				<SchemaData schemaUrl="#S_FKA_DSSSSDDSD">
					<SimpleData name="id_0">2949</SimpleData>
					<SimpleData name="chave">FKA_15</SimpleData>
					<SimpleData name="fundo">10835 - FAZENDA KALUNGA</SimpleData>
					<SimpleData name="descricao">FKA - FAZENDA KALUNGA</SimpleData>
					<SimpleData name="regiao">FKA</SimpleData>
					<SimpleData name="area_quadr">12.5833</SimpleData>
					<SimpleData name="area_parci">4.38911</SimpleData>
					<SimpleData name="quadra">15</SimpleData>
					<SimpleData name="quadra_int">15</SimpleData>
				</SchemaData>
			</ExtendedData>
			<Polygon>
				<outerBoundaryIs>
					<LinearRing>
						<coordinates>
							-46.85952325933922,-22.47061428659228,0 -46.85950325208901,-22.47088003040787,0 -46.85949426914164,-22.47111196677182,0 -46.85948516629433,-22.47133492309942,0 -46.85947991912201,-22.47157523644541,0 -46.85948046051075,-22.47175149045216,0 -46.85947232440068,-22.4720468482655,0 -46.85946211120126,-22.47227711477844,0 -46.85945281352682,-22.47248547853295,0 -46.85943674370595,-22.4730913479118,0 -46.85944109160916,-22.47332649850983,0 -46.85943153600888,-22.47347031131783,0 -46.85943237730831,-22.47366901536227,0 -46.85943038332325,-22.47383631716099,0 -46.85942047939329,-22.47422543879082,0 -46.85942585657038,-22.47435672991735,0 -46.85942430915128,-22.47451223845119,0 -46.85941536062047,-22.47470151263759,0 -46.8594071722267,-22.47499294160423,0 -46.85936646928041,-22.47506582368766,0 -46.85925555658354,-22.47503735194943,0 -46.85903965495708,-22.47492645145141,0 -46.85890032571564,-22.47485059338542,0 -46.85876951877218,-22.47477968897457,0 -46.85849763882802,-22.47463799815793,0 -46.85839051951473,-22.47457692443322,0 -46.8583437236598,-22.47451010324487,0 -46.85836374436109,-22.47442623303402,0 -46.8584042454474,-22.47433819736858,0 -46.85850045000418,-22.47416980950077,0 -46.85859367226801,-22.47400426265864,0 -46.85864340108731,-22.47388356293422,0 -46.85865184997024,-22.47379252870405,0 -46.85867454073715,-22.47372771318853,0 -46.85865991850029,-22.47358249510875,0 -46.8586344456479,-22.47339361771462,0 -46.85861020029845,-22.4731609417563,0 -46.85858638203229,-22.47296025715491,0 -46.85857951800408,-22.47276274512835,0 -46.85856530235898,-22.47255745910372,0 -46.85855871839663,-22.47242618178398,0 -46.85855878949358,-22.47225048200006,0 -46.85856580026984,-22.47205168733507,0 -46.85862231272102,-22.47180573093242,0 -46.8586329542947,-22.47160745574519,0 -46.85867397034398,-22.47142230253073,0 -46.85870437090017,-22.47125635719528,0 -46.85872412140338,-22.4711522818738,0 -46.85875694028983,-22.47103177707678,0 -46.85878250207174,-22.47086532617322,0 -46.8587699587432,-22.4706948238437,0 -46.85874345107874,-22.47051886910263,0 -46.85869992972672,-22.47033525173671,0 -46.8587143528402,-22.47028456499523,0 -46.85873848594212,-22.4702826027795,0 -46.85881693162543,-22.47027720774514,0 -46.85898145918466,-22.47029551912897,0 -46.85920010004165,-22.47034071197585,0 -46.85939706843287,-22.47039120649075,0 -46.85950573416626,-22.47043261505027,0 -46.8595320386362,-22.47045757191842,0 -46.85952325933922,-22.47061428659228,0 
						</coordinates>
					</LinearRing>
				</outerBoundaryIs>
			</Polygon>
		</Placemark>
		<Placemark>
			<name>2950</name>
			<styleUrl>#falseColor4</styleUrl>
			<Style id="inline">
				<IconStyle>
					<colorMode>random</colorMode>
				</IconStyle>
				<LineStyle>
					<colorMode>random</colorMode>
				</LineStyle>
				<PolyStyle>
					<colorMode>random</colorMode>
				</PolyStyle>
			</Style>
			<ExtendedData>
				<SchemaData schemaUrl="#S_FKA_DSSSSDDSD">
					<SimpleData name="id_0">2950</SimpleData>
					<SimpleData name="chave">FKA_16</SimpleData>
					<SimpleData name="fundo">10835 - FAZENDA KALUNGA</SimpleData>
					<SimpleData name="descricao">FKA - FAZENDA KALUNGA</SimpleData>
					<SimpleData name="regiao">FKA</SimpleData>
					<SimpleData name="area_quadr">10.2463</SimpleData>
					<SimpleData name="area_parci">5.55114</SimpleData>
					<SimpleData name="quadra">16</SimpleData>
					<SimpleData name="quadra_int">16</SimpleData>
				</SchemaData>
			</ExtendedData>
			<Polygon>
				<outerBoundaryIs>
					<LinearRing>
						<coordinates>
							-46.85941456039458,-22.4750938972628,0 -46.85943463206974,-22.47478773644594,0 -46.85944337936625,-22.47449293299959,0 -46.85944356589428,-22.47428074500244,0 -46.85944594323061,-22.47405169158506,0 -46.85944534603372,-22.47382604049892,0 -46.85945002152823,-22.47340722822944,0 -46.85945384657327,-22.47319612091945,0 -46.85945635891065,-22.47297717000879,0 -46.85946442627261,-22.47276713643853,0 -46.8594720065148,-22.4725206214913,0 -46.85947976225295,-22.47233248370163,0 -46.85949056432874,-22.47210108772203,0 -46.85949842185926,-22.47187533908139,0 -46.85950749156078,-22.47160466938609,0 -46.85950971921387,-22.47136439086685,0 -46.85951500382428,-22.47112688377786,0 -46.85952127141952,-22.47087252519426,0 -46.85953474075199,-22.47061471551737,0 -46.85954741314776,-22.47047816412874,0 -46.85956177911106,-22.4704684556935,0 -46.85968610861483,-22.47050687678169,0 -46.85992854475149,-22.470615225388,0 -46.86020741709121,-22.47073830937618,0 -46.86040720674216,-22.47081908231556,0 -46.86056496070626,-22.470872834494,0 -46.86057251076605,-22.47094066929029,0 -46.8605616360561,-22.47107607727781,0 -46.86055505261942,-22.47117101939713,0 -46.86055196102019,-22.47130128552584,0 -46.86054755606974,-22.47151408351599,0 -46.86054488783443,-22.47172124807943,0 -46.8605358651545,-22.47199528520278,0 -46.86053327193181,-22.47220806227193,0 -46.86052470723226,-22.47242596028874,0 -46.86051356197226,-22.47263153864264,0 -46.86050313252827,-22.47293590423283,0 -46.86049844966272,-22.47321831131577,0 -46.86048065396796,-22.47342340506285,0 -46.8604766090292,-22.47366314308173,0 -46.86047329898196,-22.47395788373939,0 -46.86047109980196,-22.47415493875742,0 -46.86047444428165,-22.47440525690496,0 -46.86047602207955,-22.47465896346075,0 -46.86047925416495,-22.47490086282085,0 -46.8604669610998,-22.47511094507984,0 -46.86044907182816,-22.47526383544882,0 -46.86042780302,-22.47538982059592,0 -46.860382805164,-22.47554807584041,0 -46.86029449159852,-22.47553842954497,0 -46.86015234400844,-22.47547776128875,0 -46.85994978706838,-22.4753711988198,0 -46.85969812626666,-22.47525116908267,0 -46.85950415962943,-22.4751546110035,0 -46.85942247118299,-22.47509829672556,0 -46.85941456039458,-22.4750938972628,0 
						</coordinates>
					</LinearRing>
				</outerBoundaryIs>
			</Polygon>
		</Placemark>
		<Placemark>
			<name>2951</name>
			<styleUrl>#falseColor4</styleUrl>
			<Style id="inline">
				<IconStyle>
					<colorMode>random</colorMode>
				</IconStyle>
				<LineStyle>
					<colorMode>random</colorMode>
				</LineStyle>
				<PolyStyle>
					<colorMode>random</colorMode>
				</PolyStyle>
			</Style>
			<ExtendedData>
				<SchemaData schemaUrl="#S_FKA_DSSSSDDSD">
					<SimpleData name="id_0">2951</SimpleData>
					<SimpleData name="chave">FKA_17</SimpleData>
					<SimpleData name="fundo">10835 - FAZENDA KALUNGA</SimpleData>
					<SimpleData name="descricao">FKA - FAZENDA KALUNGA</SimpleData>
					<SimpleData name="regiao">FKA</SimpleData>
					<SimpleData name="area_quadr">9.63261</SimpleData>
					<SimpleData name="area_parci">9.63261</SimpleData>
					<SimpleData name="quadra">17</SimpleData>
					<SimpleData name="quadra_int">17</SimpleData>
				</SchemaData>
			</ExtendedData>
			<Polygon>
				<outerBoundaryIs>
					<LinearRing>
						<coordinates>
							-46.86315419889971,-22.47211127771874,0 -46.86307696248462,-22.47229741162429,0 -46.86299985675132,-22.47244817972621,0 -46.86294751391915,-22.47255375466538,0 -46.86285006730753,-22.47276425952264,0 -46.86272187498995,-22.4730694242692,0 -46.86265201530505,-22.47322010851839,0 -46.86254799999575,-22.47343630249484,0 -46.86246971535724,-22.47358932936151,0 -46.86238821998813,-22.47377326685447,0 -46.86220753182939,-22.47417278106936,0 -46.8620997156793,-22.4744210149596,0 -46.86198882309797,-22.47461988661359,0 -46.8618971691904,-22.47485726831047,0 -46.86174541712267,-22.47520761154491,0 -46.86166430628094,-22.47537526551292,0 -46.86160364929583,-22.47549160152744,0 -46.86147336276105,-22.47577602017244,0 -46.86139799415014,-22.47596662257152,0 -46.86136598309076,-22.47601189920165,0 -46.86132349540082,-22.47604157933646,0 -46.86128557640371,-22.47605155989186,0 -46.86120904816536,-22.47601988587633,0 -46.86085251456553,-22.47582641091572,0 -46.86053819180855,-22.47567286427847,0 -46.86042597710954,-22.47559220398946,0 -46.86043699444381,-22.47546745982624,0 -46.86049092382628,-22.47520918334368,0 -46.8605090684626,-22.47498500010719,0 -46.86051956518815,-22.474685685843,0 -46.8605171659272,-22.47441570997182,0 -46.86051321395433,-22.47411993046339,0 -46.860510289387,-22.47390104239468,0 -46.86050788452547,-22.4736532394146,0 -46.86051649067683,-22.47339324059171,0 -46.86052843180545,-22.47306640404884,0 -46.86053536071141,-22.47290690408099,0 -46.86054456729305,-22.47260142992746,0 -46.86055965191758,-22.47223863144756,0 -46.86057013379361,-22.47193819460186,0 -46.86057109179543,-22.47169344012599,0 -46.8605874401737,-22.47138002479005,0 -46.8605908403235,-22.47109201908102,0 -46.86061575447514,-22.47096767584588,0 -46.86065217945674,-22.47093638190875,0 -46.86067758788957,-22.47093945672378,0 -46.86074059506794,-22.47095388573189,0 -46.8608953973274,-22.471012723677,0 -46.8611809590318,-22.47113909670311,0 -46.8614694431647,-22.47125813805854,0 -46.86166070466935,-22.47133339443433,0 -46.86189883380845,-22.47143561491043,0 -46.86223171102552,-22.47157715702087,0 -46.86246860313698,-22.47167714554135,0 -46.86270791114481,-22.47177710578205,0 -46.86287319895947,-22.47185209937145,0 -46.86310231639123,-22.47195779010903,0 -46.86317365541964,-22.47200804744501,0 -46.86316111309804,-22.47206376479832,0 -46.86315419889971,-22.47211127771874,0 
						</coordinates>
					</LinearRing>
				</outerBoundaryIs>
			</Polygon>
		</Placemark>
		<Placemark>
			<name>2952</name>
			<styleUrl>#falseColor4</styleUrl>
			<Style id="inline">
				<IconStyle>
					<colorMode>random</colorMode>
				</IconStyle>
				<LineStyle>
					<colorMode>random</colorMode>
				</LineStyle>
				<PolyStyle>
					<colorMode>random</colorMode>
				</PolyStyle>
			</Style>
			<ExtendedData>
				<SchemaData schemaUrl="#S_FKA_DSSSSDDSD">
					<SimpleData name="id_0">2952</SimpleData>
					<SimpleData name="chave">FKA_18</SimpleData>
					<SimpleData name="fundo">10835 - FAZENDA KALUNGA</SimpleData>
					<SimpleData name="descricao">FKA - FAZENDA KALUNGA</SimpleData>
					<SimpleData name="regiao">FKA</SimpleData>
					<SimpleData name="area_quadr">4.24794</SimpleData>
					<SimpleData name="area_parci">4.24794</SimpleData>
					<SimpleData name="quadra">18</SimpleData>
					<SimpleData name="quadra_int">18</SimpleData>
				</SchemaData>
			</ExtendedData>
			<Polygon>
				<outerBoundaryIs>
					<LinearRing>
						<coordinates>
							-46.8614406768881,-22.47595153494617,0 -46.86151041900758,-22.47579187107231,0 -46.86160813570597,-22.47555610355008,0 -46.8617039017189,-22.47535516144197,0 -46.86181463367094,-22.47509903536113,0 -46.86195821594629,-22.47477011726129,0 -46.8620065130292,-22.47467806141123,0 -46.86213144499617,-22.474399878981,0 -46.86226052126726,-22.4741154738881,0 -46.86240560968946,-22.47380899157537,0 -46.86247570597092,-22.47363079913681,0 -46.86253519874952,-22.47351784433146,0 -46.86269204873093,-22.47318764975574,0 -46.86278893698169,-22.47298051945043,0 -46.8629131120198,-22.47269111852978,0 -46.86304493129626,-22.47243138008989,0 -46.86309947935668,-22.47231006219096,0 -46.86319641152755,-22.47210629920633,0 -46.86324989857943,-22.47204112727794,0 -46.8632867587254,-22.47204238531152,0 -46.86353807819491,-22.47213715339462,0 -46.86382590967073,-22.47225226846671,0 -46.86409915792085,-22.47236081555911,0 -46.86430554212336,-22.47243757778157,0 -46.8644609211602,-22.4724941600927,0 -46.8646008319478,-22.47256832259101,0 -46.86477033385412,-22.47264214270487,0 -46.86482993668855,-22.47267288819378,0 -46.86473880295052,-22.47276824690897,0 -46.86446630069918,-22.47303129756159,0 -46.86426612551777,-22.47323793909621,0 -46.86406551113132,-22.47345693490776,0 -46.86384808451641,-22.47368342224906,0 -46.86364596057854,-22.47387998156028,0 -46.86345568132043,-22.47405900228091,0 -46.86323048773747,-22.47424684637947,0 -46.86300816288892,-22.47442343029416,0 -46.86274384931255,-22.47462182991351,0 -46.86252030040237,-22.47479730468396,0 -46.86232747518502,-22.47496681088086,0 -46.86212721900262,-22.47516783760707,0 -46.86194525217172,-22.4753815636403,0 -46.86173348695951,-22.47562538451843,0 -46.86152406163063,-22.47586356475714,0 -46.8614406768881,-22.47595153494617,0 
						</coordinates>
					</LinearRing>
				</outerBoundaryIs>
			</Polygon>
		</Placemark>
		<Placemark>
			<name>2953</name>
			<styleUrl>#falseColor4</styleUrl>
			<Style id="inline">
				<IconStyle>
					<colorMode>random</colorMode>
				</IconStyle>
				<LineStyle>
					<colorMode>random</colorMode>
				</LineStyle>
				<PolyStyle>
					<colorMode>random</colorMode>
				</PolyStyle>
			</Style>
			<ExtendedData>
				<SchemaData schemaUrl="#S_FKA_DSSSSDDSD">
					<SimpleData name="id_0">2953</SimpleData>
					<SimpleData name="chave">FKA_28</SimpleData>
					<SimpleData name="fundo">10835 - FAZENDA KALUNGA</SimpleData>
					<SimpleData name="descricao">FKA - FAZENDA KALUNGA</SimpleData>
					<SimpleData name="regiao">FKA</SimpleData>
					<SimpleData name="area_quadr">33.3559</SimpleData>
					<SimpleData name="area_parci">2.72646</SimpleData>
					<SimpleData name="quadra">28</SimpleData>
					<SimpleData name="quadra_int">28</SimpleData>
				</SchemaData>
			</ExtendedData>
			<Polygon>
				<outerBoundaryIs>
					<LinearRing>
						<coordinates>
							-46.86604970645698,-22.47305676282314,0 -46.86593384585611,-22.47310974677461,0 -46.86575953995709,-22.4732184180306,0 -46.86557529831293,-22.47335190290644,0 -46.86537497917919,-22.47359278896362,0 -46.86517686950691,-22.47386340010076,0 -46.86503871600649,-22.4740558529389,0 -46.86486766308858,-22.47427226239518,0 -46.86473709648541,-22.47444498045549,0 -46.86464964517516,-22.47454478727288,0 -46.86461641046759,-22.47449858069522,0 -46.86452098429163,-22.47427346552771,0 -46.86442265916477,-22.47405736519962,0 -46.86432886225311,-22.47386366591081,0 -46.86418572409315,-22.47359363389307,0 -46.86411396598055,-22.4734670400656,0 -46.8641845754798,-22.47337248031883,0 -46.86448125266736,-22.47306536621604,0 -46.86466484127768,-22.4728830537733,0 -46.86479387040482,-22.47277603004346,0 -46.86493747815089,-22.47263010532799,0 -46.86512455864073,-22.47248311626105,0 -46.86532119581873,-22.47232815771272,0 -46.86555032259644,-22.47216384162596,0 -46.86571685198236,-22.47206087400709,0 -46.86593799707835,-22.47193201400125,0 -46.86600646497828,-22.47190315475331,0 -46.86601638296946,-22.47192212542035,0 -46.86604535557863,-22.4720559496106,0 -46.86607607752939,-22.47223016979632,0 -46.86608986263843,-22.47235743370731,0 -46.86610347786865,-22.47256216406134,0 -46.86613986607465,-22.47279862701502,0 -46.86616133967475,-22.47300382772482,0 -46.86615255196137,-22.47302413756615,0 -46.86604970645698,-22.47305676282314,0 
						</coordinates>
					</LinearRing>
				</outerBoundaryIs>
			</Polygon>
		</Placemark>
		<Placemark>
			<name>2954</name>
			<styleUrl>#falseColor4</styleUrl>
			<Style id="inline">
				<IconStyle>
					<colorMode>random</colorMode>
				</IconStyle>
				<LineStyle>
					<colorMode>random</colorMode>
				</LineStyle>
				<PolyStyle>
					<colorMode>random</colorMode>
				</PolyStyle>
			</Style>
			<ExtendedData>
				<SchemaData schemaUrl="#S_FKA_DSSSSDDSD">
					<SimpleData name="id_0">2954</SimpleData>
					<SimpleData name="chave">FKA_28</SimpleData>
					<SimpleData name="fundo">10835 - FAZENDA KALUNGA</SimpleData>
					<SimpleData name="descricao">FKA - FAZENDA KALUNGA</SimpleData>
					<SimpleData name="regiao">FKA</SimpleData>
					<SimpleData name="area_quadr">33.3559</SimpleData>
					<SimpleData name="area_parci">0.979698</SimpleData>
					<SimpleData name="quadra">28</SimpleData>
					<SimpleData name="quadra_int">28</SimpleData>
				</SchemaData>
			</ExtendedData>
			<Polygon>
				<outerBoundaryIs>
					<LinearRing>
						<coordinates>
							-46.86473515862098,-22.47479639983291,0 -46.86465656358121,-22.47461038368458,0 -46.86466385818779,-22.47456876037353,0 -46.86473811377538,-22.47447584222439,0 -46.86484249193828,-22.47433205528096,0 -46.86497718791662,-22.47415199199674,0 -46.86511087120229,-22.4739865350924,0 -46.86522353035937,-22.4738297413856,0 -46.86534747544712,-22.47365878360855,0 -46.86551688061252,-22.47345474219043,0 -46.86562654712273,-22.47334513516839,0 -46.86571318022261,-22.47327452687446,0 -46.86584785447338,-22.47318315443402,0 -46.86594017062342,-22.47313100437333,0 -46.86606976297377,-22.47306607340727,0 -46.86615406813038,-22.47304713482447,0 -46.86617320799696,-22.47312325508116,0 -46.86619337833218,-22.47327626654135,0 -46.86621644788016,-22.47342026304631,0 -46.86612228987582,-22.47347018924102,0 -46.86602396466245,-22.47352465431112,0 -46.86594248843571,-22.47357443362415,0 -46.86588235174627,-22.47363912202113,0 -46.86584831289912,-22.47366814414318,0 -46.86576480964826,-22.47379204329354,0 -46.8657057128338,-22.47388927713453,0 -46.86563155596309,-22.47398949191852,0 -46.86547641851207,-22.47417652827273,0 -46.86526362662737,-22.47443327600422,0 -46.865184825867,-22.47454757776308,0 -46.86509403707052,-22.47466875422239,0 -46.86503294730693,-22.47475253882472,0 -46.86488802460217,-22.4748906202027,0 -46.8648098523289,-22.47496169158785,0 -46.86480612365222,-22.47495387600132,0 -46.86473515862098,-22.47479639983291,0 
						</coordinates>
					</LinearRing>
				</outerBoundaryIs>
			</Polygon>
		</Placemark>
		<Placemark>
			<name>2955</name>
			<styleUrl>#falseColor4</styleUrl>
			<Style id="inline">
				<IconStyle>
					<colorMode>random</colorMode>
				</IconStyle>
				<LineStyle>
					<colorMode>random</colorMode>
				</LineStyle>
				<PolyStyle>
					<colorMode>random</colorMode>
				</PolyStyle>
			</Style>
			<ExtendedData>
				<SchemaData schemaUrl="#S_FKA_DSSSSDDSD">
					<SimpleData name="id_0">2955</SimpleData>
					<SimpleData name="chave">FKA_20</SimpleData>
					<SimpleData name="fundo">10835 - FAZENDA KALUNGA</SimpleData>
					<SimpleData name="descricao">FKA - FAZENDA KALUNGA</SimpleData>
					<SimpleData name="regiao">FKA</SimpleData>
					<SimpleData name="area_quadr">5.07594</SimpleData>
					<SimpleData name="area_parci">5.07594</SimpleData>
					<SimpleData name="quadra">20</SimpleData>
					<SimpleData name="quadra_int">20</SimpleData>
				</SchemaData>
			</ExtendedData>
			<Polygon>
				<outerBoundaryIs>
					<LinearRing>
						<coordinates>
							-46.86123757491898,-22.47630134804484,0 -46.8611750831082,-22.47659677183689,0 -46.86113790296161,-22.47670722328232,0 -46.86112875801849,-22.47683643653076,0 -46.86110556168905,-22.47699893092726,0 -46.86108419207977,-22.4771625269062,0 -46.86107643871342,-22.4772602891743,0 -46.86105003890398,-22.47745425545646,0 -46.86102042814514,-22.47767913237545,0 -46.86097046779316,-22.47796318467371,0 -46.86094409403526,-22.4780235522787,0 -46.86090160566602,-22.47805323234295,0 -46.86065994307508,-22.47800381759362,0 -46.86035052886822,-22.47794676433332,0 -46.8601470261554,-22.47790532845665,0 -46.85996329550255,-22.47785187608233,0 -46.85971791249812,-22.47779520541365,0 -46.85947710193663,-22.47776430316245,0 -46.85914091367938,-22.47769240023662,0 -46.85900132980571,-22.47764292826803,0 -46.85872327577655,-22.47758214210475,0 -46.85831506434193,-22.47749927975779,0 -46.85799677006204,-22.47741032793622,0 -46.85801069213486,-22.4773220373471,0 -46.85804541240208,-22.47729862228113,0 -46.85833310362664,-22.47708592681923,0 -46.85859508022174,-22.47689261286862,0 -46.85882305990799,-22.47673168682531,0 -46.85909478022793,-22.47654443449559,0 -46.85932176077024,-22.47639923679415,0 -46.85963673671333,-22.47619464456726,0 -46.859941475163,-22.47599241523948,0 -46.86021375888555,-22.47580234798121,0 -46.86035285078526,-22.47567949392261,0 -46.86040080380212,-22.47565199631777,0 -46.86045044457489,-22.47566040484816,0 -46.86057385618766,-22.47572016638656,0 -46.86081460308413,-22.47583695261013,0 -46.86104275070826,-22.47596005861612,0 -46.861244885419,-22.47608009658742,0 -46.86127832205534,-22.47614145768103,0 -46.8612672191341,-22.47621455977407,0 -46.86123757491898,-22.47630134804484,0 
						</coordinates>
					</LinearRing>
				</outerBoundaryIs>
			</Polygon>
		</Placemark>
		<Placemark>
			<name>2956</name>
			<styleUrl>#falseColor4</styleUrl>
			<Style id="inline">
				<IconStyle>
					<colorMode>random</colorMode>
				</IconStyle>
				<LineStyle>
					<colorMode>random</colorMode>
				</LineStyle>
				<PolyStyle>
					<colorMode>random</colorMode>
				</PolyStyle>
			</Style>
			<ExtendedData>
				<SchemaData schemaUrl="#S_FKA_DSSSSDDSD">
					<SimpleData name="id_0">2956</SimpleData>
					<SimpleData name="chave">FKA_14</SimpleData>
					<SimpleData name="fundo">10835 - FAZENDA KALUNGA</SimpleData>
					<SimpleData name="descricao">FKA - FAZENDA KALUNGA</SimpleData>
					<SimpleData name="regiao">FKA</SimpleData>
					<SimpleData name="area_quadr">7.21969</SimpleData>
					<SimpleData name="area_parci">7.21969</SimpleData>
					<SimpleData name="quadra">14</SimpleData>
					<SimpleData name="quadra_int">14</SimpleData>
				</SchemaData>
			</ExtendedData>
			<Polygon>
				<outerBoundaryIs>
					<LinearRing>
						<coordinates>
							-46.8602760261864,-22.47571602541933,0 -46.86022354925444,-22.47576659004807,0 -46.86013560638504,-22.47582991333169,0 -46.8599577437188,-22.47594423314001,0 -46.85976084037617,-22.47608010327566,0 -46.85959139439116,-22.47619151892139,0 -46.85940869197503,-22.4763053326604,0 -46.85929496738365,-22.47638298634902,0 -46.85838826797781,-22.4770103522122,0 -46.85822913127674,-22.47712501571803,0 -46.8580455257163,-22.47726185331288,0 -46.857883436239,-22.4773816025859,0 -46.85785085449562,-22.47738422345216,0 -46.85771761755665,-22.47735769205159,0 -46.85761283230858,-22.47733588471899,0 -46.85735894361396,-22.47727537899272,0 -46.85717643744693,-22.47722303189534,0 -46.85697720130846,-22.47718434943357,0 -46.85672760040947,-22.47712828399492,0 -46.85646400476202,-22.47706452058537,0 -46.85637625683206,-22.47705205897284,0 -46.85631131567441,-22.4770286692464,0 -46.85624937916783,-22.47700412221628,0 -46.85621396274843,-22.47697534041753,0 -46.85623018937727,-22.47687860329882,0 -46.85627342331162,-22.47667826885175,0 -46.8563567775721,-22.47649711925201,0 -46.85648475183357,-22.47626493528014,0 -46.85659098702794,-22.47607847002954,0 -46.85670720640417,-22.47591602729483,0 -46.85678485970348,-22.47580567185571,0 -46.85685833552886,-22.47565382543679,0 -46.85710555349658,-22.47539556862133,0 -46.85721197183836,-22.47531350990915,0 -46.85749977289439,-22.47510923486249,0 -46.85780665857209,-22.47488677658259,0 -46.85807480119744,-22.47474840374027,0 -46.85835742208143,-22.47460874090945,0 -46.85837738850443,-22.47461131744394,0 -46.85864608392796,-22.47474069574407,0 -46.85892588996019,-22.47488790827759,0 -46.85909569948175,-22.47498474567933,0 -46.85925002178409,-22.47505257191376,0 -46.85938194709231,-22.47511672694671,0 -46.85946965215265,-22.47517128783355,0 -46.85973767819393,-22.4752956198639,0 -46.86003874324769,-22.4754515664876,0 -46.86019428179551,-22.47551993906334,0 -46.86030298934111,-22.47556415303009,0 -46.86031599018008,-22.47558785986724,0 -46.86030023544038,-22.47567448771539,0 -46.8602760261864,-22.47571602541933,0 
						</coordinates>
					</LinearRing>
				</outerBoundaryIs>
			</Polygon>
		</Placemark>
		<Placemark>
			<name>2957</name>
			<styleUrl>#falseColor4</styleUrl>
			<Style id="inline">
				<IconStyle>
					<colorMode>random</colorMode>
				</IconStyle>
				<LineStyle>
					<colorMode>random</colorMode>
				</LineStyle>
				<PolyStyle>
					<colorMode>random</colorMode>
				</PolyStyle>
			</Style>
			<ExtendedData>
				<SchemaData schemaUrl="#S_FKA_DSSSSDDSD">
					<SimpleData name="id_0">2957</SimpleData>
					<SimpleData name="chave">FKA_79</SimpleData>
					<SimpleData name="fundo">10835 - FAZENDA KALUNGA</SimpleData>
					<SimpleData name="descricao">FKA - FAZENDA KALUNGA</SimpleData>
					<SimpleData name="regiao">FKA</SimpleData>
					<SimpleData name="area_quadr">24.7591</SimpleData>
					<SimpleData name="area_parci">24.7591</SimpleData>
					<SimpleData name="quadra">79</SimpleData>
					<SimpleData name="quadra_int">79</SimpleData>
				</SchemaData>
			</ExtendedData>
			<Polygon>
				<outerBoundaryIs>
					<LinearRing>
						<coordinates>
							-46.86087675288255,-22.4782047997494,0 -46.86083439558252,-22.47847024010095,0 -46.86079526411704,-22.4787058923088,0 -46.86069491052326,-22.47928691254356,0 -46.86064207956383,-22.47958222464882,0 -46.8605286371858,-22.4802234590102,0 -46.86037014960818,-22.48110995642296,0 -46.86028193979223,-22.48160551296087,0 -46.85980800233914,-22.48438006079243,0 -46.85977362131314,-22.48456457625422,0 -46.8597487838849,-22.48464962483976,0 -46.85972582578223,-22.48473970377301,0 -46.85969208299762,-22.4847911748665,0 -46.85965541441835,-22.4848045087645,0 -46.85954442973286,-22.48481645482932,0 -46.85942175997359,-22.48481281818817,0 -46.85935047113129,-22.48481195668239,0 -46.85918972239446,-22.48480651384299,0 -46.85894721521539,-22.48478517381118,0 -46.85882868317572,-22.48477475293466,0 -46.85861340637661,-22.48475702767536,0 -46.85837940709428,-22.4847395180222,0 -46.85823301087537,-22.48472324329611,0 -46.85817198621663,-22.48467679454722,0 -46.85814575101376,-22.48461198184577,0 -46.85816074337119,-22.48446810648896,0 -46.85818627710966,-22.48429941072135,0 -46.8581857060927,-22.48412091185622,0 -46.85817752954017,-22.48405140023162,0 -46.8581468165753,-22.48392264662497,0 -46.85805413087814,-22.48372163356897,0 -46.85796128355651,-22.48355374124429,0 -46.85781675817984,-22.48327024759783,0 -46.85765032896619,-22.48295220328668,0 -46.85753182967483,-22.48271780707097,0 -46.85744271972774,-22.48255829135371,0 -46.85735296860684,-22.48239597627082,0 -46.85725443301601,-22.4822090634685,0 -46.85714176744278,-22.48200435057762,0 -46.85703503935739,-22.48183717883987,0 -46.85693198758563,-22.48167389402682,0 -46.85685850910271,-22.4815540528224,0 -46.85685502521832,-22.48151928998087,0 -46.85688561637397,-22.4812315323081,0 -46.85689689899498,-22.48112643204876,0 -46.85691507695486,-22.480994869445,0 -46.85691322269656,-22.48090114729791,0 -46.85689853855387,-22.48070597070866,0 -46.85688301345229,-22.48053830938198,0 -46.85684443164356,-22.48031758651462,0 -46.85680485173267,-22.48011259260041,0 -46.85672997201161,-22.47984232869168,0 -46.8566552147748,-22.47962651314958,0 -46.85661506379774,-22.47946923950024,0 -46.85659614303115,-22.47922808185708,0 -46.85664207467457,-22.47900357872132,0 -46.8567566442624,-22.4787625674756,0 -46.85688804349015,-22.47856065599137,0 -46.85703685136269,-22.47835068512242,0 -46.85723938302474,-22.47809294272549,0 -46.85743506374319,-22.47786502998841,0 -46.85768239651068,-22.47761519094346,0 -46.85784347808345,-22.47746514119439,0 -46.85793831610922,-22.47746573216051,0 -46.85809740192799,-22.47748298400586,0 -46.85821913457715,-22.47750740234369,0 -46.85858753965645,-22.47759465326764,0 -46.85877657746236,-22.47763850331709,0 -46.85907775300662,-22.47771193350016,0 -46.85935090107788,-22.47776716223513,0 -46.85964576802186,-22.47782045592259,0 -46.85988456789294,-22.47788169335959,0 -46.86022021294921,-22.47795809165452,0 -46.86044136449994,-22.47800942781996,0 -46.86074060220722,-22.47807333441897,0 -46.86082850102656,-22.47809701860439,0 -46.8608840581235,-22.47814128426069,0 -46.86087675288255,-22.4782047997494,0 
						</coordinates>
					</LinearRing>
				</outerBoundaryIs>
			</Polygon>
		</Placemark>
		<Placemark>
			<name>2958</name>
			<styleUrl>#falseColor4</styleUrl>
			<Style id="inline">
				<IconStyle>
					<colorMode>random</colorMode>
				</IconStyle>
				<LineStyle>
					<colorMode>random</colorMode>
				</LineStyle>
				<PolyStyle>
					<colorMode>random</colorMode>
				</PolyStyle>
			</Style>
			<ExtendedData>
				<SchemaData schemaUrl="#S_FKA_DSSSSDDSD">
					<SimpleData name="id_0">2958</SimpleData>
					<SimpleData name="chave">FKA_12</SimpleData>
					<SimpleData name="fundo">10835 - FAZENDA KALUNGA</SimpleData>
					<SimpleData name="descricao">FKA - FAZENDA KALUNGA</SimpleData>
					<SimpleData name="regiao">FKA</SimpleData>
					<SimpleData name="area_quadr">4.91123</SimpleData>
					<SimpleData name="area_parci">4.91123</SimpleData>
					<SimpleData name="quadra">12</SimpleData>
					<SimpleData name="quadra_int">12</SimpleData>
				</SchemaData>
			</ExtendedData>
			<Polygon>
				<outerBoundaryIs>
					<LinearRing>
						<coordinates>
							-46.8567624553861,-22.48153046050771,0 -46.85669422024196,-22.48157727631425,0 -46.85658268857372,-22.48163862429212,0 -46.85637965503318,-22.48167801124275,0 -46.85619669128123,-22.48168236382188,0 -46.85600941760431,-22.48168059110045,0 -46.85582696046725,-22.48167764002465,0 -46.85580533619791,-22.48164140200356,0 -46.85581981144919,-22.48154917580417,0 -46.85584294799113,-22.4812457865622,0 -46.85586070459266,-22.4808560131105,0 -46.85588559731557,-22.48063904977956,0 -46.85589954002153,-22.48032566227849,0 -46.8559228912304,-22.47999308092284,0 -46.85594569299536,-22.47970990368788,0 -46.85595769879938,-22.47943246414028,0 -46.85598069072515,-22.47907294263831,0 -46.85601443356689,-22.47870431591706,0 -46.85602974859357,-22.47840326201576,0 -46.85606727512766,-22.47795600428071,0 -46.85608686776367,-22.47761336203745,0 -46.85611782477643,-22.47730763729127,0 -46.85614817677722,-22.47713776349124,0 -46.85622911264037,-22.47704701733248,0 -46.85639889856861,-22.47709670533123,0 -46.8564246224053,-22.47712335335202,0 -46.85655396600688,-22.47712972249644,0 -46.85686523405707,-22.47719012992669,0 -46.85716096511587,-22.47726306518722,0 -46.85749660011444,-22.4773389081119,0 -46.85772197739463,-22.47739019943583,0 -46.85779382416646,-22.47743315582774,0 -46.85779238686474,-22.47746123931233,0 -46.85774110871139,-22.4775112280555,0 -46.85756331186046,-22.47767606512889,0 -46.85743947075656,-22.47781052937724,0 -46.8573543902292,-22.47790749859676,0 -46.85716584409945,-22.47812690896911,0 -46.85699128497907,-22.47835345541687,0 -46.85682585905076,-22.47858550987961,0 -46.85672126963433,-22.47875960691752,0 -46.85661027115726,-22.47899664763909,0 -46.85655977514153,-22.47919594310502,0 -46.8565519736685,-22.47929033784067,0 -46.8565625595345,-22.47940472898009,0 -46.85658580550199,-22.47951729028025,0 -46.85664007143365,-22.47969124150949,0 -46.85669955073968,-22.47989376092006,0 -46.8567643557796,-22.48013326728346,0 -46.8568236882375,-22.48037002995377,0 -46.85685341067444,-22.48056054261369,0 -46.85687777266207,-22.48075673039847,0 -46.85688239450963,-22.48087680356932,0 -46.8568829660046,-22.4809649271125,0 -46.85686596095144,-22.48113913791902,0 -46.85683194078745,-22.48144152989348,0 -46.8567624553861,-22.48153046050771,0 
						</coordinates>
					</LinearRing>
				</outerBoundaryIs>
			</Polygon>
		</Placemark>
		<Placemark>
			<name>2959</name>
			<styleUrl>#falseColor4</styleUrl>
			<Style id="inline">
				<IconStyle>
					<colorMode>random</colorMode>
				</IconStyle>
				<LineStyle>
					<colorMode>random</colorMode>
				</LineStyle>
				<PolyStyle>
					<colorMode>random</colorMode>
				</PolyStyle>
			</Style>
			<ExtendedData>
				<SchemaData schemaUrl="#S_FKA_DSSSSDDSD">
					<SimpleData name="id_0">2959</SimpleData>
					<SimpleData name="chave">FKA_10</SimpleData>
					<SimpleData name="fundo">10835 - FAZENDA KALUNGA</SimpleData>
					<SimpleData name="descricao">FKA - FAZENDA KALUNGA</SimpleData>
					<SimpleData name="regiao">FKA</SimpleData>
					<SimpleData name="area_quadr">6.53879</SimpleData>
					<SimpleData name="area_parci">6.53879</SimpleData>
					<SimpleData name="quadra">10</SimpleData>
					<SimpleData name="quadra_int">10</SimpleData>
				</SchemaData>
			</ExtendedData>
			<Polygon>
				<outerBoundaryIs>
					<LinearRing>
						<coordinates>
							-46.85805205453846,-22.484697262812,0 -46.85801109069694,-22.48470559382332,0 -46.85771300515999,-22.48468376999312,0 -46.85733205090065,-22.48465335792965,0 -46.85698854925692,-22.48462307474202,0 -46.85663955223961,-22.48458836341664,0 -46.85624215683291,-22.484548034065,0 -46.85586904688935,-22.48451696680922,0 -46.8556966661189,-22.48449986629719,0 -46.85565442470768,-22.48445769096412,0 -46.85565056153553,-22.48443977261568,0 -46.85565090233561,-22.48423880952467,0 -46.85566940437715,-22.48399553693136,0 -46.8556810780515,-22.4837837779117,0 -46.85570038916159,-22.48346527663471,0 -46.85571312852404,-22.48324283990319,0 -46.85573401100182,-22.48304220160782,0 -46.8557379627108,-22.48288554265933,0 -46.85575490501986,-22.48261590508598,0 -46.8557639929038,-22.48243673345065,0 -46.85578510507583,-22.48220802556901,0 -46.85579695074164,-22.4820091753239,0 -46.85579133135105,-22.48190483105256,0 -46.85581601906077,-22.48176308947137,0 -46.85584243310583,-22.48170552879608,0 -46.85606282622745,-22.48169962291622,0 -46.85638472607255,-22.48169591566637,0 -46.85649989139439,-22.4816805557158,0 -46.85664900211611,-22.48162887899949,0 -46.85671931862871,-22.48160224741499,0 -46.85681000432754,-22.48156303169788,0 -46.85683122454378,-22.4815689619538,0 -46.85692011596291,-22.48171220180804,0 -46.85703036262083,-22.48187147436085,0 -46.85718293557427,-22.48212456393221,0 -46.85727713856497,-22.48230366798088,0 -46.85740654545452,-22.48254074542578,0 -46.85755446061719,-22.48280679900233,0 -46.85767791893676,-22.4830506807806,0 -46.85779624649166,-22.48327216805518,0 -46.85791341899394,-22.48349759789761,0 -46.85803151053039,-22.48374659322649,0 -46.85813151103744,-22.48395257400097,0 -46.85815021694992,-22.48404161105734,0 -46.85815716310961,-22.48410945285661,0 -46.85816105506217,-22.48421999154925,0 -46.85816221350932,-22.48426151719667,0 -46.8580979968627,-22.48465463277986,0 -46.85805205453846,-22.484697262812,0 
						</coordinates>
					</LinearRing>
				</outerBoundaryIs>
			</Polygon>
		</Placemark>
		<Placemark>
			<name>2960</name>
			<styleUrl>#falseColor4</styleUrl>
			<Style id="inline">
				<IconStyle>
					<colorMode>random</colorMode>
				</IconStyle>
				<LineStyle>
					<colorMode>random</colorMode>
				</LineStyle>
				<PolyStyle>
					<colorMode>random</colorMode>
				</PolyStyle>
			</Style>
			<ExtendedData>
				<SchemaData schemaUrl="#S_FKA_DSSSSDDSD">
					<SimpleData name="id_0">2960</SimpleData>
					<SimpleData name="chave">FKA_28</SimpleData>
					<SimpleData name="fundo">10835 - FAZENDA KALUNGA</SimpleData>
					<SimpleData name="descricao">FKA - FAZENDA KALUNGA</SimpleData>
					<SimpleData name="regiao">FKA</SimpleData>
					<SimpleData name="area_quadr">33.3559</SimpleData>
					<SimpleData name="area_parci">7.27713</SimpleData>
					<SimpleData name="quadra">28</SimpleData>
					<SimpleData name="quadra_int">28</SimpleData>
				</SchemaData>
			</ExtendedData>
			<Polygon>
				<outerBoundaryIs>
					<LinearRing>
						<coordinates>
							-46.86104069837045,-22.47774569753539,0 -46.86106695194553,-22.47758597454216,0 -46.86108512944731,-22.47740950465603,0 -46.86111385106449,-22.4771633071617,0 -46.86115281669934,-22.47691530737665,0 -46.86119488433889,-22.47667344648306,0 -46.86124539167037,-22.47643036546177,0 -46.86130263208519,-22.47628431810594,0 -46.86135735169196,-22.47613044111304,0 -46.86145047037309,-22.47600250358904,0 -46.86153543426007,-22.47589711369193,0 -46.86171639716317,-22.47569855577045,0 -46.86190018397952,-22.47548537027799,0 -46.86206493784758,-22.47529429660784,0 -46.86225349483427,-22.47507656496487,0 -46.86238715645201,-22.47495433334598,0 -46.86257043166689,-22.47479335747994,0 -46.86283112988826,-22.47459556122956,0 -46.86311827905354,-22.47438847751429,0 -46.86340971782018,-22.47414092746157,0 -46.86364008321177,-22.47393337654368,0 -46.86385365884137,-22.47373500083242,0 -46.86400711416328,-22.47355752811922,0 -46.86408862120226,-22.47350999473976,0 -46.86413181376383,-22.47353307149089,0 -46.86416840567733,-22.47360449955054,0 -46.86424095566596,-22.47374511761751,0 -46.86431724945473,-22.47389467374276,0 -46.86440201036094,-22.47409016154578,0 -46.86449260766444,-22.47427042568683,0 -46.86458653287833,-22.47447366608904,0 -46.86460419112803,-22.47457450252316,0 -46.86447954544694,-22.47469326356455,0 -46.86426022417055,-22.4747783164667,0 -46.86396271771368,-22.47488841058413,0 -46.86376333975408,-22.47497435492877,0 -46.86362424720279,-22.47505174342714,0 -46.86346074276264,-22.47511032852703,0 -46.86328123612257,-22.47514664493,0 -46.86311385261373,-22.47518618905613,0 -46.86296048656729,-22.47523511376345,0 -46.86285177647128,-22.47532618396299,0 -46.86274254918511,-22.47546890311327,0 -46.86260784247856,-22.47573877884669,0 -46.86254387144979,-22.47596854362454,0 -46.86249616836812,-22.47619531374486,0 -46.86248997760658,-22.47640981615897,0 -46.86252504831381,-22.47663843661672,0 -46.86261953147999,-22.47683830371451,0 -46.86275362567423,-22.47701918888799,0 -46.8628824758547,-22.47716926097866,0 -46.86297240518179,-22.47729957461738,0 -46.86301451995273,-22.47742258208401,0 -46.86303238481846,-22.47758404073091,0 -46.8630398792964,-22.47782813579357,0 -46.86304300232194,-22.47797124068031,0 -46.86301074317284,-22.47822365390825,0 -46.86296373309819,-22.47836677686366,0 -46.86287100059737,-22.47847843199895,0 -46.86277859280102,-22.4784789385695,0 -46.86257583540652,-22.47844816264527,0 -46.86231906613173,-22.47839836367914,0 -46.86220601569579,-22.4783457813598,0 -46.86216218790499,-22.47832046615926,0 -46.86207371487581,-22.47829903470609,0 -46.86199700915648,-22.4782993594344,0 -46.86162749036911,-22.47821942679511,0 -46.86128573737147,-22.47813805000484,0 -46.86102383750067,-22.47806585464921,0 -46.86100750532142,-22.47801889084408,0 -46.86100875064099,-22.47793130779527,0 -46.86104069837045,-22.47774569753539,0 
						</coordinates>
					</LinearRing>
				</outerBoundaryIs>
			</Polygon>
		</Placemark>
		<Placemark>
			<name>2961</name>
			<styleUrl>#falseColor4</styleUrl>
			<Style id="inline">
				<IconStyle>
					<colorMode>random</colorMode>
				</IconStyle>
				<LineStyle>
					<colorMode>random</colorMode>
				</LineStyle>
				<PolyStyle>
					<colorMode>random</colorMode>
				</PolyStyle>
			</Style>
			<ExtendedData>
				<SchemaData schemaUrl="#S_FKA_DSSSSDDSD">
					<SimpleData name="id_0">2961</SimpleData>
					<SimpleData name="chave">FKA_28</SimpleData>
					<SimpleData name="fundo">10835 - FAZENDA KALUNGA</SimpleData>
					<SimpleData name="descricao">FKA - FAZENDA KALUNGA</SimpleData>
					<SimpleData name="regiao">FKA</SimpleData>
					<SimpleData name="area_quadr">33.3559</SimpleData>
					<SimpleData name="area_parci">2.29672</SimpleData>
					<SimpleData name="quadra">28</SimpleData>
					<SimpleData name="quadra_int">28</SimpleData>
				</SchemaData>
			</ExtendedData>
			<Polygon>
				<outerBoundaryIs>
					<LinearRing>
						<coordinates>
							-46.86479111423424,-22.47497930978312,0 -46.86459729216515,-22.47507417226365,0 -46.86446445223947,-22.47512229962226,0 -46.86425226448582,-22.47519884999037,0 -46.86400297973119,-22.47530165053703,0 -46.86388195171492,-22.47537490103337,0 -46.86375110324546,-22.47543647689914,0 -46.86362908043565,-22.47548054918488,0 -46.86346463358702,-22.47551388503316,0 -46.86334052848077,-22.47553777303714,0 -46.8632400434343,-22.47556643998745,0 -46.86318500185855,-22.47560580841475,0 -46.86312718852699,-22.47566373298955,0 -46.86307712524552,-22.47575917757902,0 -46.86300678107801,-22.47591884898779,0 -46.86294243834374,-22.47607564433168,0 -46.86291213992384,-22.47624888635863,0 -46.8629060806287,-22.47642802298222,0 -46.86293253828456,-22.47655457945998,0 -46.86298221827288,-22.47665616871667,0 -46.86304806137537,-22.47674690574609,0 -46.8631135665975,-22.47681238647246,0 -46.86326395961792,-22.47699252147229,0 -46.8633407937642,-22.47709211271215,0 -46.8634068521798,-22.47724403282524,0 -46.86344635791093,-22.47744285082982,0 -46.86347112637073,-22.47766878336034,0 -46.86347346723941,-22.47788880043934,0 -46.86345925435378,-22.4780904847555,0 -46.86343204356488,-22.47826874316977,0 -46.8633763867627,-22.47846529320107,0 -46.86331517877488,-22.47858556554499,0 -46.86305917072172,-22.47854754706998,0 -46.86297731807394,-22.47852435560031,0 -46.86292176771544,-22.47848065197378,0 -46.86295428503758,-22.47842807180893,0 -46.86298177568074,-22.47836095496773,0 -46.86300512145731,-22.47830006073605,0 -46.86303531178327,-22.47816386821475,0 -46.8630535543847,-22.47799244953592,0 -46.86306161600007,-22.47778241625749,0 -46.86304923005519,-22.47753388703211,0 -46.86301413252171,-22.47734849004865,0 -46.8629582252948,-22.47723293936091,0 -46.86282938248244,-22.47708342859199,0 -46.86278121062445,-22.47700427535984,0 -46.86263063797643,-22.47681066985405,0 -46.86255700752312,-22.47667960632652,0 -46.86252068387139,-22.4764476323322,0 -46.86251674318818,-22.47624335104913,0 -46.86252625472234,-22.47614163908556,0 -46.86257705238396,-22.47592044657843,0 -46.86261318104567,-22.47582179510158,0 -46.86271052468777,-22.47560343278452,0 -46.86277530300986,-22.47547919005837,0 -46.86286786858656,-22.47535518755574,0 -46.86296229512397,-22.47527999985294,0 -46.86305345856295,-22.47523179400269,0 -46.86316522243351,-22.47518840205691,0 -46.86334540067245,-22.47515713005174,0 -46.86352426583764,-22.47511801430633,0 -46.86361974645565,-22.47507649429394,0 -46.86382967947276,-22.47496685192331,0 -46.86397372328532,-22.47489838740526,0 -46.86410657823222,-22.47485138295343,0 -46.86433920822453,-22.47476786035437,0 -46.86449772276222,-22.4746975440354,0 -46.86462362619998,-22.47462760475474,0 -46.86478401896767,-22.47496816511637,0 -46.86479111423424,-22.47497930978312,0 
						</coordinates>
					</LinearRing>
				</outerBoundaryIs>
			</Polygon>
		</Placemark>
		<Placemark>
			<name>2962</name>
			<styleUrl>#falseColor4</styleUrl>
			<Style id="inline">
				<IconStyle>
					<colorMode>random</colorMode>
				</IconStyle>
				<LineStyle>
					<colorMode>random</colorMode>
				</LineStyle>
				<PolyStyle>
					<colorMode>random</colorMode>
				</PolyStyle>
			</Style>
			<ExtendedData>
				<SchemaData schemaUrl="#S_FKA_DSSSSDDSD">
					<SimpleData name="id_0">2962</SimpleData>
					<SimpleData name="chave">FKA_28</SimpleData>
					<SimpleData name="fundo">10835 - FAZENDA KALUNGA</SimpleData>
					<SimpleData name="descricao">FKA - FAZENDA KALUNGA</SimpleData>
					<SimpleData name="regiao">FKA</SimpleData>
					<SimpleData name="area_quadr">33.3559</SimpleData>
					<SimpleData name="area_parci">5.16138</SimpleData>
					<SimpleData name="quadra">28</SimpleData>
					<SimpleData name="quadra_int">28</SimpleData>
				</SchemaData>
			</ExtendedData>
			<Polygon>
				<outerBoundaryIs>
					<LinearRing>
						<coordinates>
							-46.86570931165755,-22.476655783606,0 -46.86561878725828,-22.47668405610596,0 -46.86550735110987,-22.47666176958659,0 -46.86534612566683,-22.4765749440648,0 -46.86507985436614,-22.47640176520665,0 -46.86488028975311,-22.4762934906102,0 -46.86468831322663,-22.47616548118344,0 -46.86451468740188,-22.47605466070916,0 -46.86440230978085,-22.4760071241094,0 -46.86423778538824,-22.47594447303508,0 -46.86411232475967,-22.47591224361658,0 -46.86397280608452,-22.4759127341959,0 -46.86384455600483,-22.47594284523734,0 -46.86375338491592,-22.4759904902939,0 -46.86369859125278,-22.47604838015597,0 -46.86365407157557,-22.47610671256499,0 -46.86358378642272,-22.47618049892421,0 -46.86354325822271,-22.47626629068553,0 -46.86356118648894,-22.47638733226007,0 -46.86357907266267,-22.47646009932108,0 -46.8637307216311,-22.47659868041431,0 -46.86391411827523,-22.47667234050359,0 -46.86406973498742,-22.47674632160798,0 -46.8642952428636,-22.47689752011863,0 -46.86439220496787,-22.47696656584365,0 -46.86448402504183,-22.47705756311746,0 -46.86457949620377,-22.47719567039749,0 -46.86465183828023,-22.47732057306752,0 -46.86467428590893,-22.47737307906999,0 -46.8646970291272,-22.47753784901515,0 -46.86469324264877,-22.47761591863494,0 -46.86467539057515,-22.47772614715941,0 -46.86466674762134,-22.47784749589093,0 -46.86465205538095,-22.47801326020513,0 -46.86463578950103,-22.47810663027229,0 -46.86462396409246,-22.47817075945907,0 -46.86459977954623,-22.47825916909122,0 -46.86457588061478,-22.47836890621539,0 -46.86452678484546,-22.47844637725649,0 -46.86443870951931,-22.47858997555539,0 -46.86438552142806,-22.47867759795718,0 -46.86432457996688,-22.47877260739801,0 -46.86420087320291,-22.47878133550949,0 -46.86391636750066,-22.47873522795487,0 -46.86333330399881,-22.47858591736156,0 -46.86338101987888,-22.4784955518444,0 -46.86341048507602,-22.47841802737991,0 -46.86344567166532,-22.47829412646274,0 -46.86347071008217,-22.47808894898134,0 -46.86349132110637,-22.47782375961003,0 -46.86348606285043,-22.4776565419441,0 -46.86347299418785,-22.47744731428014,0 -46.86342263291888,-22.47724974444563,0 -46.86337369449075,-22.47711334388612,0 -46.86329166843619,-22.47698686849169,0 -46.86314576567019,-22.47682632842487,0 -46.86301947392087,-22.47668689237772,0 -46.86294760236756,-22.47655187935552,0 -46.86292731586315,-22.47648026262068,0 -46.86292344651622,-22.47632650091529,0 -46.862957990494,-22.47610942551415,0 -46.86306135346019,-22.47584440245389,0 -46.86311107131878,-22.4757231403442,0 -46.86320082746108,-22.47561488757409,0 -46.86335035253318,-22.47554972823673,0 -46.86346601792457,-22.47552706045624,0 -46.86368530793374,-22.4754846705371,0 -46.86383364732728,-22.4754212084891,0 -46.8639558982557,-22.47534906656045,0 -46.86415391849767,-22.47525191091534,0 -46.86447851874009,-22.47513532835861,0 -46.86469953938678,-22.47504183542734,0 -46.86478526682834,-22.47499369151416,0 -46.86494923383382,-22.47528537399561,0 -46.86497984773123,-22.47536136165849,0 -46.86509055617211,-22.47555486477338,0 -46.86516187033742,-22.47569325123553,0 -46.86524000060362,-22.47584446953781,0 -46.86532770341017,-22.47598884098505,0 -46.86539277591362,-22.4761121434425,0 -46.86550401430032,-22.47630002669137,0 -46.86564592475873,-22.47647801214863,0 -46.86577220749044,-22.4766166041002,0 -46.86570931165755,-22.476655783606,0 
						</coordinates>
					</LinearRing>
				</outerBoundaryIs>
			</Polygon>
		</Placemark>
		<Placemark>
			<name>2963</name>
			<styleUrl>#falseColor4</styleUrl>
			<Style id="inline">
				<IconStyle>
					<colorMode>random</colorMode>
				</IconStyle>
				<LineStyle>
					<colorMode>random</colorMode>
				</LineStyle>
				<PolyStyle>
					<colorMode>random</colorMode>
				</PolyStyle>
			</Style>
			<ExtendedData>
				<SchemaData schemaUrl="#S_FKA_DSSSSDDSD">
					<SimpleData name="id_0">2963</SimpleData>
					<SimpleData name="chave">FKA_28</SimpleData>
					<SimpleData name="fundo">10835 - FAZENDA KALUNGA</SimpleData>
					<SimpleData name="descricao">FKA - FAZENDA KALUNGA</SimpleData>
					<SimpleData name="regiao">FKA</SimpleData>
					<SimpleData name="area_quadr">33.3559</SimpleData>
					<SimpleData name="area_parci">5.04226</SimpleData>
					<SimpleData name="quadra">28</SimpleData>
					<SimpleData name="quadra_int">28</SimpleData>
				</SchemaData>
			</ExtendedData>
			<Polygon>
				<outerBoundaryIs>
					<LinearRing>
						<coordinates>
							-46.86566232294725,-22.47643965147473,0 -46.86550797330103,-22.47623486581706,0 -46.86544718582849,-22.47616091146499,0 -46.86527872610682,-22.47584963483166,0 -46.8651520222678,-22.47563442480761,0 -46.86503539735813,-22.47540506463209,0 -46.86494231523221,-22.47521977761334,0 -46.86483199321694,-22.47500999112105,0 -46.86485160152034,-22.47494071985508,0 -46.86498711738947,-22.47482183278374,0 -46.86509957182287,-22.47469479235708,0 -46.86522517911222,-22.47451258867066,0 -46.86536296943515,-22.47433810265338,0 -46.86549609360876,-22.47417601993864,0 -46.86561488171215,-22.47402589109945,0 -46.86574849640934,-22.47385538247518,0 -46.86582589300895,-22.47372650197342,0 -46.86600421841237,-22.47355715972418,0 -46.86613907322459,-22.47347925703058,0 -46.86621835936876,-22.47344634307806,0 -46.86624355660454,-22.47361389108651,0 -46.86627039047502,-22.47381341633093,0 -46.86630721786952,-22.47403752468853,0 -46.86635719921364,-22.474341751888,0 -46.86643532572114,-22.474582783505,0 -46.86649924466354,-22.47484531034569,0 -46.86656683999516,-22.47511172392922,0 -46.86665762135532,-22.47530545658135,0 -46.86664747095938,-22.47558455836027,0 -46.86665531784353,-22.47567428134108,0 -46.86668853650111,-22.47576427186965,0 -46.86674051406113,-22.47585685184873,0 -46.86683338638721,-22.47607132957978,0 -46.86693802872107,-22.47626265613431,0 -46.86700379697146,-22.47639268582802,0 -46.86702905229243,-22.47647434843935,0 -46.8670495798852,-22.47660883141774,0 -46.86705504911103,-22.47670138857067,0 -46.86705347458252,-22.47680918338438,0 -46.86703877197513,-22.47692891830987,0 -46.86701424501231,-22.47712679276867,0 -46.86696911321627,-22.47722947868848,0 -46.86690761539086,-22.4773278634491,0 -46.86684398965152,-22.47740269670683,0 -46.86676148436254,-22.47746596051478,0 -46.86672309324927,-22.47748577120325,0 -46.86638456349498,-22.47714924055115,0 -46.86630781753008,-22.47705638590627,0 -46.86604637012565,-22.47683768466544,0 -46.86579950995679,-22.47658064322233,0 -46.86576899836427,-22.47655742022672,0 -46.86566232294725,-22.47643965147473,0 
						</coordinates>
					</LinearRing>
				</outerBoundaryIs>
			</Polygon>
		</Placemark>
		<Placemark>
			<name>2964</name>
			<styleUrl>#falseColor4</styleUrl>
			<Style id="inline">
				<IconStyle>
					<colorMode>random</colorMode>
				</IconStyle>
				<LineStyle>
					<colorMode>random</colorMode>
				</LineStyle>
				<PolyStyle>
					<colorMode>random</colorMode>
				</PolyStyle>
			</Style>
			<ExtendedData>
				<SchemaData schemaUrl="#S_FKA_DSSSSDDSD">
					<SimpleData name="id_0">2964</SimpleData>
					<SimpleData name="chave">FKA_28</SimpleData>
					<SimpleData name="fundo">10835 - FAZENDA KALUNGA</SimpleData>
					<SimpleData name="descricao">FKA - FAZENDA KALUNGA</SimpleData>
					<SimpleData name="regiao">FKA</SimpleData>
					<SimpleData name="area_quadr">33.3559</SimpleData>
					<SimpleData name="area_parci">1.3451</SimpleData>
					<SimpleData name="quadra">28</SimpleData>
					<SimpleData name="quadra_int">28</SimpleData>
				</SchemaData>
			</ExtendedData>
			<Polygon>
				<outerBoundaryIs>
					<LinearRing>
						<coordinates>
							-46.86662978128971,-22.4775539314524,0 -46.86649054707266,-22.47757575179609,0 -46.86621460360476,-22.47753740777121,0 -46.86600127967818,-22.47748430499258,0 -46.86576014027861,-22.47738381025729,0 -46.8655562335066,-22.47726716682707,0 -46.8653607466512,-22.47710271206566,0 -46.86525362508914,-22.47699673628811,0 -46.86507436950361,-22.47682647995362,0 -46.86485489261963,-22.47667465146921,0 -46.86478906092141,-22.47662994473358,0 -46.86457300519351,-22.47646292015409,0 -46.86433077879038,-22.47628104181794,0 -46.86409051503031,-22.47611036712434,0 -46.86404061097716,-22.47608231598525,0 -46.86396897360581,-22.47605507746151,0 -46.86378779232091,-22.47605661094811,0 -46.86372635851108,-22.47606967061864,0 -46.86373794844267,-22.47603304971193,0 -46.86380189843399,-22.47598235135947,0 -46.86388360976253,-22.47594997175282,0 -46.8639902317121,-22.47592853081715,0 -46.86410258187879,-22.47592891572078,0 -46.86420921604449,-22.47595350413874,0 -46.86430446609188,-22.47598496018173,0 -46.86444296220404,-22.47604342152044,0 -46.8646071534627,-22.47612628435554,0 -46.86483146049662,-22.47627805737565,0 -46.86500315481274,-22.4763799184322,0 -46.86518707802404,-22.47649286453413,0 -46.86538988830143,-22.47661794126252,0 -46.86550367758443,-22.47668061687744,0 -46.86557576152285,-22.47669606144289,0 -46.86564709866899,-22.47670084922132,0 -46.86569587286898,-22.47668961934045,0 -46.86577151485411,-22.47665506367665,0 -46.86580390812312,-22.47663840999054,0 -46.86614693179553,-22.47694991053266,0 -46.86627325137209,-22.47704612069939,0 -46.8665110620206,-22.47730382742679,0 -46.86669906070182,-22.47749531155506,0 -46.86662978128971,-22.4775539314524,0 
						</coordinates>
					</LinearRing>
				</outerBoundaryIs>
			</Polygon>
		</Placemark>
		<Placemark>
			<name>2965</name>
			<styleUrl>#falseColor4</styleUrl>
			<Style id="inline">
				<IconStyle>
					<colorMode>random</colorMode>
				</IconStyle>
				<LineStyle>
					<colorMode>random</colorMode>
				</LineStyle>
				<PolyStyle>
					<colorMode>random</colorMode>
				</PolyStyle>
			</Style>
			<ExtendedData>
				<SchemaData schemaUrl="#S_FKA_DSSSSDDSD">
					<SimpleData name="id_0">2965</SimpleData>
					<SimpleData name="chave">FKA_105</SimpleData>
					<SimpleData name="fundo">10835 - FAZENDA KALUNGA</SimpleData>
					<SimpleData name="descricao">FKA - FAZENDA KALUNGA</SimpleData>
					<SimpleData name="regiao">FKA</SimpleData>
					<SimpleData name="area_quadr">38.0544</SimpleData>
					<SimpleData name="area_parci">10.8625</SimpleData>
					<SimpleData name="quadra">105</SimpleData>
					<SimpleData name="quadra_int">105</SimpleData>
				</SchemaData>
			</ExtendedData>
			<Polygon>
				<outerBoundaryIs>
					<LinearRing>
						<coordinates>
							-46.87743202653835,-22.46873734514377,0 -46.8774520990784,-22.46852380433408,0 -46.87755433844584,-22.46813304778346,0 -46.87765205172886,-22.46785461078201,0 -46.87777253299888,-22.467652250094,0 -46.87789881341087,-22.46752167260562,0 -46.87800391421413,-22.46743288044034,0 -46.87835701896956,-22.46719300729389,0 -46.87869668599353,-22.46694206330438,0 -46.87902046953949,-22.46667783171785,0 -46.8791062603967,-22.46659038657177,0 -46.87919194514797,-22.46649508394282,0 -46.87958371127729,-22.46598756275183,0 -46.87994664488724,-22.4655814169955,0 -46.88014666394464,-22.46536577820595,0 -46.88040359670507,-22.46516070226451,0 -46.88072150097333,-22.46490888552475,0 -46.88084403643068,-22.46485918174545,0 -46.88107026309838,-22.46497442326608,0 -46.88177766059653,-22.46547866812137,0 -46.88190659912728,-22.46558999156971,0 -46.88205354754901,-22.46569324604536,0 -46.88211765819432,-22.46574470184398,0 -46.88217481070319,-22.46581756950121,0 -46.88196049066002,-22.46591325216194,0 -46.88179736708793,-22.46595388777738,0 -46.88167809037676,-22.46597661027099,0 -46.88153087673609,-22.46598787062771,0 -46.88137482493588,-22.46601551264063,0 -46.88121878064145,-22.46604371575199,0 -46.88113593257867,-22.46608060756554,0 -46.88100793595473,-22.46621794339097,0 -46.88089497984875,-22.46644042644047,0 -46.88080213806381,-22.46663180146772,0 -46.88072919333138,-22.46682069906093,0 -46.88068296256403,-22.46701995041732,0 -46.88066171237682,-22.46728009581333,0 -46.88062275057857,-22.46748094638178,0 -46.88056503839556,-22.46767977027947,0 -46.88049425305757,-22.46789446396624,0 -46.88045551593374,-22.46806724519296,0 -46.88035341300716,-22.4681543199307,0 -46.88015513504395,-22.46823072801802,0 -46.88002370498588,-22.46829288448637,0 -46.87991427180376,-22.46837386975928,0 -46.87979798039226,-22.46852846966288,0 -46.87966315037743,-22.46869675761559,0 -46.8795715340325,-22.46884489506626,0 -46.87952869316217,-22.46893745320895,0 -46.87949046005513,-22.46910293105146,0 -46.87946823063365,-22.46929067570696,0 -46.87941859744021,-22.46941699303782,0 -46.87934151697922,-22.46952342224379,0 -46.87924213636496,-22.46958857260723,0 -46.87905163799018,-22.46965983679804,0 -46.87881055553535,-22.4696974488156,0 -46.87848237793281,-22.46972597115679,0 -46.87837860138711,-22.46973391614243,0 -46.87822382641344,-22.46972224709385,0 -46.87809234076261,-22.46955650104131,0 -46.87792818543748,-22.46938664467803,0 -46.87764116946241,-22.46915310405231,0 -46.87749458948714,-22.46903243995308,0 -46.8774386972151,-22.46891857850759,0 -46.87743202653835,-22.46873734514377,0 
						</coordinates>
					</LinearRing>
				</outerBoundaryIs>
			</Polygon>
		</Placemark>
		<Placemark>
			<name>2966</name>
			<styleUrl>#falseColor4</styleUrl>
			<Style id="inline">
				<IconStyle>
					<colorMode>random</colorMode>
				</IconStyle>
				<LineStyle>
					<colorMode>random</colorMode>
				</LineStyle>
				<PolyStyle>
					<colorMode>random</colorMode>
				</PolyStyle>
			</Style>
			<ExtendedData>
				<SchemaData schemaUrl="#S_FKA_DSSSSDDSD">
					<SimpleData name="id_0">2966</SimpleData>
					<SimpleData name="chave">FKA_102</SimpleData>
					<SimpleData name="fundo">10835 - FAZENDA KALUNGA</SimpleData>
					<SimpleData name="descricao">FKA - FAZENDA KALUNGA</SimpleData>
					<SimpleData name="regiao">FKA</SimpleData>
					<SimpleData name="area_quadr">26.3742</SimpleData>
					<SimpleData name="area_parci">26.3742</SimpleData>
					<SimpleData name="quadra">102</SimpleData>
					<SimpleData name="quadra_int">102</SimpleData>
				</SchemaData>
			</ExtendedData>
			<Polygon>
				<outerBoundaryIs>
					<LinearRing>
						<coordinates>
							-46.87694838098866,-22.46870255950794,0 -46.87681181195753,-22.46860759958372,0 -46.87645292216529,-22.46832886371297,0 -46.8754976263777,-22.4676248368751,0 -46.8741890149202,-22.46669588569065,0 -46.87371192798503,-22.46633992976797,0 -46.87330194794287,-22.46603371295249,0 -46.87312962013889,-22.46588415408126,0 -46.87306689391323,-22.46580068230796,0 -46.87304520037225,-22.46571448858359,0 -46.87304985049881,-22.46561114881133,0 -46.8731128186756,-22.46553295312015,0 -46.87322892676224,-22.46545414015501,0 -46.87363402836167,-22.46521816382863,0 -46.87381621341401,-22.46511276132825,0 -46.87411353918895,-22.4649465190578,0 -46.87431732654937,-22.4648307609481,0 -46.87466125365756,-22.46462692797826,0 -46.87497424741479,-22.46445825675494,0 -46.87534591979648,-22.46425185450789,0 -46.87594891117399,-22.46391140848974,0 -46.87635063721452,-22.46369455046008,0 -46.8766192892287,-22.46355221354798,0 -46.87683483182457,-22.46341273961668,0 -46.87734091432578,-22.46314189933536,0 -46.87763708416359,-22.46298015513403,0 -46.87802929437432,-22.46277463067366,0 -46.87838032028984,-22.46300854865598,0 -46.87901332440554,-22.46346146922247,0 -46.87924768695485,-22.46364285620215,0 -46.87948827036502,-22.4638376423282,0 -46.87984804304968,-22.46409278555646,0 -46.8800748584845,-22.46425180580349,0 -46.88050884926195,-22.46454649822959,0 -46.88062974637939,-22.46464388323659,0 -46.88075403950094,-22.46472438851853,0 -46.88077747102287,-22.46476004062726,0 -46.88077588907124,-22.46482180581108,0 -46.88068759397988,-22.46490254493869,0 -46.88038398532245,-22.46513960024292,0 -46.88011032626327,-22.46535834317396,0 -46.87981869085297,-22.46567721270285,0 -46.87950000335052,-22.46605028514031,0 -46.87923049799673,-22.46639808519121,0 -46.87904264425129,-22.46662031724009,0 -46.87878949653204,-22.46683769649908,0 -46.87831120059451,-22.46719915433759,0 -46.87802618025628,-22.46738210102606,0 -46.87786374350997,-22.46751871300507,0 -46.87774792418779,-22.4676188565904,0 -46.87766155960822,-22.46775345986418,0 -46.87760152316019,-22.46786979383558,0 -46.87754488559571,-22.46805906169732,0 -46.87744714437641,-22.4684250671535,0 -46.87739142934896,-22.46868280704038,0 -46.87733592335568,-22.46886644832686,0 -46.87728580287266,-22.46891193861399,0 -46.87694838098866,-22.46870255950794,0 
						</coordinates>
					</LinearRing>
				</outerBoundaryIs>
			</Polygon>
		</Placemark>
		<Placemark>
			<name>2967</name>
			<styleUrl>#falseColor4</styleUrl>
			<Style id="inline">
				<IconStyle>
					<colorMode>random</colorMode>
				</IconStyle>
				<LineStyle>
					<colorMode>random</colorMode>
				</LineStyle>
				<PolyStyle>
					<colorMode>random</colorMode>
				</PolyStyle>
			</Style>
			<ExtendedData>
				<SchemaData schemaUrl="#S_FKA_DSSSSDDSD">
					<SimpleData name="id_0">2967</SimpleData>
					<SimpleData name="chave">FKA_100</SimpleData>
					<SimpleData name="fundo">10835 - FAZENDA KALUNGA</SimpleData>
					<SimpleData name="descricao">FKA - FAZENDA KALUNGA</SimpleData>
					<SimpleData name="regiao">FKA</SimpleData>
					<SimpleData name="area_quadr">19.0954</SimpleData>
					<SimpleData name="area_parci">19.0954</SimpleData>
					<SimpleData name="quadra">100</SimpleData>
					<SimpleData name="quadra_int">100</SimpleData>
				</SchemaData>
			</ExtendedData>
			<Polygon>
				<outerBoundaryIs>
					<LinearRing>
						<coordinates>
							-46.88078158206136,-22.46470666595742,0 -46.88068833569051,-22.46464432266203,0 -46.88024200200995,-22.46433012797274,0 -46.87979766361522,-22.46402938068531,0 -46.87957550552925,-22.46385739503772,0 -46.87936069265053,-22.46369262080137,0 -46.87807967733672,-22.46274878392126,0 -46.87807884652295,-22.46273195355502,0 -46.87838754406042,-22.46255883548989,0 -46.87860576349374,-22.46243897489563,0 -46.87873887184642,-22.46236725758482,0 -46.87895616300349,-22.46226817673809,0 -46.87926334377755,-22.46216187357685,0 -46.87938740136533,-22.46209082255451,0 -46.87956535829128,-22.46198602459574,0 -46.87964431453654,-22.46188462558969,0 -46.87975813658753,-22.46181593892783,0 -46.88005251932584,-22.46165645674577,0 -46.88021907786316,-22.4615574043277,0 -46.8803322652038,-22.46148647935107,0 -46.8804270362576,-22.46143822238333,0 -46.88066332944694,-22.4613153417962,0 -46.88100319286377,-22.46112501562549,0 -46.88139830555951,-22.46091159097145,0 -46.88164668888538,-22.46078969067523,0 -46.88176582227093,-22.460711959387,0 -46.88200149394157,-22.46058796154723,0 -46.88236649494485,-22.46038106069626,0 -46.8826901940416,-22.46020158519242,0 -46.88307293637795,-22.45996697041261,0 -46.88331789520628,-22.45981535700039,0 -46.88358470983474,-22.45962756266786,0 -46.88380222181294,-22.45945606108105,0 -46.88393115828824,-22.45938887916108,0 -46.88406520283498,-22.45929750013758,0 -46.88427843803466,-22.45907777323808,0 -46.88439229756631,-22.45896754442508,0 -46.88453809586536,-22.45880754505037,0 -46.88457585636133,-22.45878633454316,0 -46.88464405126076,-22.45878273110841,0 -46.88476445988027,-22.45884419356352,0 -46.88490081113398,-22.45892343229246,0 -46.88504643258653,-22.45901827989393,0 -46.88517187722621,-22.45909483916649,0 -46.88524914850734,-22.45913715871793,0 -46.88526256152123,-22.45923579660407,0 -46.88521878110063,-22.45939235894912,0 -46.8851556623159,-22.45963727662416,0 -46.88507919822803,-22.459877859582,0 -46.88503397441536,-22.46001703742673,0 -46.88493944799737,-22.46026176075683,0 -46.88483786910083,-22.46047625446039,0 -46.88472753251157,-22.46066839711625,0 -46.88452999149297,-22.46093228663247,0 -46.88437016957007,-22.46112725259808,0 -46.88416550686001,-22.46135586093073,0 -46.88399245254075,-22.46155491048407,0 -46.88379355386593,-22.46176324307009,0 -46.88363623326318,-22.46192000851124,0 -46.88349905163648,-22.46209225596965,0 -46.88334302148026,-22.46225518075737,0 -46.88333994770268,-22.46234053934515,0 -46.88327799586384,-22.46249338414547,0 -46.88316384292483,-22.46267153712602,0 -46.88298809550028,-22.46293966121944,0 -46.88287389634413,-22.4631144465658,0 -46.88270261460674,-22.4633555742495,0 -46.88262103220001,-22.46344128797404,0 -46.8824274042905,-22.46363776956568,0 -46.88224760104278,-22.46378469223984,0 -46.8820164346237,-22.46397431416171,0 -46.88183994280144,-22.46409818309736,0 -46.8816365803916,-22.46424481872072,0 -46.88140866409805,-22.46440689657272,0 -46.88120411578854,-22.46455522953291,0 -46.88099813955975,-22.46468730022722,0 -46.88084458258361,-22.46476543260888,0 -46.88078158206136,-22.46470666595742,0 
						</coordinates>
					</LinearRing>
				</outerBoundaryIs>
			</Polygon>
		</Placemark>
		<Placemark>
			<name>2968</name>
			<styleUrl>#falseColor4</styleUrl>
			<Style id="inline">
				<IconStyle>
					<colorMode>random</colorMode>
				</IconStyle>
				<LineStyle>
					<colorMode>random</colorMode>
				</LineStyle>
				<PolyStyle>
					<colorMode>random</colorMode>
				</PolyStyle>
			</Style>
			<ExtendedData>
				<SchemaData schemaUrl="#S_FKA_DSSSSDDSD">
					<SimpleData name="id_0">2968</SimpleData>
					<SimpleData name="chave">FKA_105</SimpleData>
					<SimpleData name="fundo">10835 - FAZENDA KALUNGA</SimpleData>
					<SimpleData name="descricao">FKA - FAZENDA KALUNGA</SimpleData>
					<SimpleData name="regiao">FKA</SimpleData>
					<SimpleData name="area_quadr">38.0544</SimpleData>
					<SimpleData name="area_parci">12.0002</SimpleData>
					<SimpleData name="quadra">105</SimpleData>
					<SimpleData name="quadra_int">105</SimpleData>
				</SchemaData>
			</ExtendedData>
			<Polygon>
				<outerBoundaryIs>
					<LinearRing>
						<coordinates>
							-46.88531516938048,-22.45912908973381,0 -46.88534974393375,-22.45900631496616,0 -46.88541550895118,-22.45882311296119,0 -46.88546943655351,-22.45861310530671,0 -46.8855117697739,-22.45839425183498,0 -46.88556954812128,-22.45811178715246,0 -46.88560561501086,-22.45787616691222,0 -46.88563688158365,-22.45764284811168,0 -46.88569062071593,-22.45735201061152,0 -46.88574068914428,-22.45712464666902,0 -46.88577835057038,-22.45691763575334,0 -46.88582187544899,-22.45669764561904,0 -46.8858470044903,-22.45654635319406,0 -46.88589420526801,-22.45633024940452,0 -46.88592204575966,-22.45611156527485,0 -46.88596546777371,-22.45583937231398,0 -46.88599484615694,-22.45560046219313,0 -46.88600634553626,-22.45528991042277,0 -46.88601109279873,-22.45501592424994,0 -46.88601664894744,-22.45475708461424,0 -46.88602899892766,-22.45450939221501,0 -46.88604215016245,-22.45427628511157,0 -46.88606749897184,-22.45414126874956,0 -46.8863113811306,-22.45400032937806,0 -46.88674980275653,-22.45377628266294,0 -46.88699403660865,-22.45361681421903,0 -46.88709113155219,-22.45356235187876,0 -46.88726269571106,-22.45347726770399,0 -46.88749816012396,-22.45333923179622,0 -46.88765548321859,-22.45327283783314,0 -46.88771923578762,-22.45325356790354,0 -46.8877864862263,-22.45326962100319,0 -46.88782647089915,-22.45332360243736,0 -46.88788009001662,-22.45349249758277,0 -46.88791229148931,-22.45368521931806,0 -46.88793870585124,-22.45389653274887,0 -46.88794984264343,-22.45409455296106,0 -46.88793138954918,-22.45433726474681,0 -46.88787616909401,-22.4546298040915,0 -46.88782032838747,-22.45483197607481,0 -46.88777640848701,-22.45506712719297,0 -46.88774853300232,-22.45528300523501,0 -46.887762442335,-22.4555073756425,0 -46.88776864223432,-22.45569759494961,0 -46.88779423272965,-22.45589263933499,0 -46.88779982891361,-22.45608286569422,0 -46.88777856933442,-22.45634132760219,0 -46.8877286521629,-22.45653501024997,0 -46.88765219717478,-22.4567312487578,0 -46.8875718378061,-22.45690676360723,0 -46.88747020432203,-22.45711676865516,0 -46.8873694860094,-22.45734977759269,0 -46.88728646070797,-22.4575960514665,0 -46.88722784576081,-22.45777187310685,0 -46.88716656535908,-22.45801845386062,0 -46.88713455651552,-22.45819677086703,0 -46.88709373416009,-22.45848240555986,0 -46.88706406865837,-22.45869998844162,0 -46.88706555983219,-22.4589884960942,0 -46.88703125777772,-22.45926507315997,0 -46.88699684922779,-22.45953379280377,0 -46.88695895780842,-22.45976831188145,0 -46.88691634201233,-22.46001074487932,0 -46.88685421609554,-22.4601057755654,0 -46.88665412560059,-22.46000258554488,0 -46.88655713560192,-22.45993130804737,0 -46.88629350222581,-22.45977385011372,0 -46.88617162622302,-22.45969332072868,0 -46.88599792315147,-22.45957634926297,0 -46.88577185779599,-22.4594279937877,0 -46.88548543636251,-22.45923768217362,0 -46.88532650732088,-22.45914130654504,0 -46.88531516938048,-22.45912908973381,0 
						</coordinates>
					</LinearRing>
				</outerBoundaryIs>
			</Polygon>
		</Placemark>
		<Placemark>
			<name>2969</name>
			<styleUrl>#falseColor4</styleUrl>
			<Style id="inline">
				<IconStyle>
					<colorMode>random</colorMode>
				</IconStyle>
				<LineStyle>
					<colorMode>random</colorMode>
				</LineStyle>
				<PolyStyle>
					<colorMode>random</colorMode>
				</PolyStyle>
			</Style>
			<ExtendedData>
				<SchemaData schemaUrl="#S_FKA_DSSSSDDSD">
					<SimpleData name="id_0">2969</SimpleData>
					<SimpleData name="chave">FKA_105</SimpleData>
					<SimpleData name="fundo">10835 - FAZENDA KALUNGA</SimpleData>
					<SimpleData name="descricao">FKA - FAZENDA KALUNGA</SimpleData>
					<SimpleData name="regiao">FKA</SimpleData>
					<SimpleData name="area_quadr">38.0544</SimpleData>
					<SimpleData name="area_parci">15.1917</SimpleData>
					<SimpleData name="quadra">105</SimpleData>
					<SimpleData name="quadra_int">105</SimpleData>
				</SchemaData>
			</ExtendedData>
			<Polygon>
				<outerBoundaryIs>
					<LinearRing>
						<coordinates>
							-46.88188943054904,-22.46552619988489,0 -46.88160395064643,-22.46531678557388,0 -46.88117705756287,-22.46501134825571,0 -46.88089898517287,-22.46481363416675,0 -46.88090887945427,-22.46478601340625,0 -46.88102255908587,-22.46470666209029,0 -46.88127924924214,-22.46452853173384,0 -46.88151377798297,-22.46436413156646,0 -46.88175128752926,-22.46419688963672,0 -46.88186852107571,-22.46411244430185,0 -46.88205398729551,-22.46398229593427,0 -46.88220252849137,-22.46386829566319,0 -46.88243471259252,-22.46366462827685,0 -46.88268040538269,-22.46343273621522,0 -46.8828127205383,-22.46325773949195,0 -46.88299515652314,-22.46299290546724,0 -46.88321760662263,-22.46265014001587,0 -46.88351329377051,-22.46218527100617,0 -46.88369658894575,-22.46193951161521,0 -46.8838421632851,-22.46176267531285,0 -46.88404076590992,-22.46153245412649,0 -46.88424775336303,-22.46129708277125,0 -46.88441862694364,-22.46111545978911,0 -46.88458745324272,-22.460916459236,0 -46.88473211033027,-22.46071661828699,0 -46.88486377514846,-22.46049391439065,0 -46.88496760992434,-22.46026760631071,0 -46.88507116346042,-22.46002053213369,0 -46.8851251982095,-22.45981838197959,0 -46.88520594217889,-22.4595816783156,0 -46.88526303373923,-22.45938229906574,0 -46.88533944778158,-22.45918269395344,0 -46.8856002421353,-22.45935365876912,0 -46.88583121382061,-22.45950757047246,0 -46.88597441355189,-22.45960188413846,0 -46.88618903693635,-22.45975261843159,0 -46.88637399290581,-22.45985317940803,0 -46.88656096579748,-22.45996887255418,0 -46.88678182216915,-22.46008922110502,0 -46.88682995489355,-22.46016499932372,0 -46.88678415176165,-22.46030586833646,0 -46.88671128290036,-22.46054416452386,0 -46.88664371158004,-22.46077229472905,0 -46.88658094038527,-22.4609981234353,0 -46.88654938986107,-22.46116576966356,0 -46.88657250821257,-22.46140125904536,0 -46.88657546370917,-22.46153033102484,0 -46.8865613789453,-22.46169440495686,0 -46.88654320404711,-22.46186863071922,0 -46.88644212065423,-22.46211960615969,0 -46.88637518206152,-22.46226072229365,0 -46.88631014202863,-22.46236364556793,0 -46.88622313550584,-22.4624499857388,0 -46.88612810412501,-22.46252350906013,0 -46.88597276028984,-22.46264769624455,0 -46.88591751026311,-22.46267079562922,0 -46.88583939388534,-22.46274468233413,0 -46.88569294023839,-22.46294566793389,0 -46.88552853781129,-22.46315921258837,0 -46.88538978528882,-22.46330453595255,0 -46.88528041237072,-22.46338945314273,0 -46.88517207234995,-22.46346144753226,0 -46.88505186416692,-22.46350439125604,0 -46.88493276489208,-22.46354002460365,0 -46.88477642061709,-22.46354578115295,0 -46.88462432197884,-22.46359751725569,0 -46.88443710459368,-22.46368727289609,0 -46.8843516191621,-22.46375226372177,0 -46.88424656328124,-22.46384386581934,0 -46.8841073903833,-22.46404757175048,0 -46.88399442996496,-22.46422458870294,0 -46.88395900892442,-22.46446356912087,0 -46.88388737586775,-22.46465974989076,0 -46.88372994611856,-22.46480865816292,0 -46.88359727534029,-22.46486802512309,0 -46.8834400479833,-22.46489792810983,0 -46.883374801029,-22.46489644477698,0 -46.88323011801921,-22.46491609706237,0 -46.8830440373406,-22.46500078594744,0 -46.88279836242449,-22.46518945576159,0 -46.88257112408269,-22.46544639269953,0 -46.88247831739651,-22.46555076144168,0 -46.8823834136522,-22.46567873062349,0 -46.88226137864532,-22.46576547775259,0 -46.88218442281086,-22.46574672928446,0 -46.88211799527345,-22.46570259789106,0 -46.88188943054904,-22.46552619988489,0 
						</coordinates>
					</LinearRing>
				</outerBoundaryIs>
			</Polygon>
		</Placemark>
		<Placemark>
			<name>2970</name>
			<styleUrl>#falseColor4</styleUrl>
			<Style id="inline">
				<IconStyle>
					<colorMode>random</colorMode>
				</IconStyle>
				<LineStyle>
					<colorMode>random</colorMode>
				</LineStyle>
				<PolyStyle>
					<colorMode>random</colorMode>
				</PolyStyle>
			</Style>
			<ExtendedData>
				<SchemaData schemaUrl="#S_FKA_DSSSSDDSD">
					<SimpleData name="id_0">2970</SimpleData>
					<SimpleData name="chave">FKA_32</SimpleData>
					<SimpleData name="fundo">10835 - FAZENDA KALUNGA</SimpleData>
					<SimpleData name="descricao">FKA - FAZENDA KALUNGA</SimpleData>
					<SimpleData name="regiao">FKA</SimpleData>
					<SimpleData name="area_quadr">12.0332</SimpleData>
					<SimpleData name="area_parci">7.82519</SimpleData>
					<SimpleData name="quadra">32</SimpleData>
					<SimpleData name="quadra_int">32</SimpleData>
				</SchemaData>
			</ExtendedData>
			<Polygon>
				<outerBoundaryIs>
					<LinearRing>
						<coordinates>
							-46.86278627776434,-22.48092656030531,0 -46.86244587780283,-22.48103714807525,0 -46.86230382226422,-22.48107415372581,0 -46.86219755648522,-22.48112253383789,0 -46.86203163616351,-22.48118170713128,0 -46.86182860197491,-22.48126600782129,0 -46.86176621301464,-22.48129816337605,0 -46.8612721189761,-22.48147900717274,0 -46.86098181304699,-22.48158676813545,0 -46.8607853383333,-22.48166481712463,0 -46.86057978180218,-22.48174128671247,0 -46.86046710787923,-22.48176223417667,0 -46.86040289536331,-22.48174838060268,0 -46.86033737767871,-22.48163686933171,0 -46.86036954065915,-22.48142206714513,0 -46.86040234135383,-22.48116459593601,0 -46.8604520821429,-22.48090917453624,0 -46.86050426102357,-22.48065540899412,0 -46.86055289116774,-22.48040729777815,0 -46.86060293538539,-22.4801294193347,0 -46.86064639242482,-22.47990101462657,0 -46.86069769672095,-22.47962705097643,0 -46.86075532526519,-22.47928396977989,0 -46.86080676424663,-22.47902010862345,0 -46.86086126396916,-22.47871411179761,0 -46.8609061494829,-22.47845706232228,0 -46.86094508566453,-22.47820681757138,0 -46.86099171900126,-22.47817091492667,0 -46.86107432886822,-22.47816041843817,0 -46.86116829702592,-22.47818627770835,0 -46.86132531330622,-22.47822937171566,0 -46.86155656717309,-22.47826824022269,0 -46.86175830396906,-22.47831306268285,0 -46.86193172404096,-22.47836326400465,0 -46.86220198967941,-22.47842862512863,0 -46.86238425114055,-22.47846244502227,0 -46.86269321330155,-22.4785307262266,0 -46.86276987527344,-22.47861740893126,0 -46.86277242858407,-22.47880823407007,0 -46.86274297071224,-22.47904433610867,0 -46.86274460155972,-22.47925650271305,0 -46.86278122269704,-22.4794654582616,0 -46.86278122269704,-22.4794654582616,0 -46.86280598941386,-22.47960101562711,0 -46.86279675903756,-22.47967858682431,0 -46.86277017993611,-22.47976870793167,0 -46.86278966026811,-22.47982517785235,0 -46.86288916281728,-22.47985826945419,0 -46.86289800087343,-22.47988679550046,0 -46.86299153768798,-22.48006085158654,0 -46.86315219371556,-22.48024030647792,0 -46.86332688625482,-22.48038535736077,0 -46.8635017247731,-22.48049616479164,0 -46.86364298661125,-22.48058041607615,0 -46.86363575163321,-22.48062652935371,0 -46.86278627776434,-22.48092656030531,0 
						</coordinates>
					</LinearRing>
				</outerBoundaryIs>
			</Polygon>
		</Placemark>
		<Placemark>
			<name>2971</name>
			<styleUrl>#falseColor4</styleUrl>
			<Style id="inline">
				<IconStyle>
					<colorMode>random</colorMode>
				</IconStyle>
				<LineStyle>
					<colorMode>random</colorMode>
				</LineStyle>
				<PolyStyle>
					<colorMode>random</colorMode>
				</PolyStyle>
			</Style>
			<ExtendedData>
				<SchemaData schemaUrl="#S_FKA_DSSSSDDSD">
					<SimpleData name="id_0">2971</SimpleData>
					<SimpleData name="chave">FKA_32</SimpleData>
					<SimpleData name="fundo">10835 - FAZENDA KALUNGA</SimpleData>
					<SimpleData name="descricao">FKA - FAZENDA KALUNGA</SimpleData>
					<SimpleData name="regiao">FKA</SimpleData>
					<SimpleData name="area_quadr">12.0332</SimpleData>
					<SimpleData name="area_parci">4.20797</SimpleData>
					<SimpleData name="quadra">32</SimpleData>
					<SimpleData name="quadra_int">32</SimpleData>
				</SchemaData>
			</ExtendedData>
			<Polygon>
				<outerBoundaryIs>
					<LinearRing>
						<coordinates>
							-46.85988204587895,-22.48480919081547,0 -46.8598904004693,-22.48466595334199,0 -46.85994345881472,-22.48447785428598,0 -46.85998648991029,-22.48430783374249,0 -46.86001515755029,-22.48410261470255,0 -46.86004335258767,-22.48386203685021,0 -46.86004345038888,-22.48377895777245,0 -46.86001130289785,-22.48363338104218,0 -46.86000631381501,-22.48362165053368,0 -46.86004085221946,-22.48335854596413,0 -46.8600815988903,-22.48306281215872,0 -46.86011883009592,-22.48291082132598,0 -46.86016784033101,-22.48264586569263,0 -46.86020675205423,-22.48243884436924,0 -46.86024691294239,-22.48218970830433,0 -46.86028000647043,-22.48195412590406,0 -46.86031306197168,-22.48189648794168,0 -46.8603409595379,-22.48185967899805,0 -46.86038590239877,-22.48183277737859,0 -46.86057844261478,-22.48177666643436,0 -46.86068723030987,-22.48173611694553,0 -46.86101349543719,-22.48160717180289,0 -46.86116075474484,-22.48155270569493,0 -46.86147988428423,-22.48143226210954,0 -46.86164454475961,-22.48136917454729,0 -46.86179185607761,-22.48131863664852,0 -46.86186185260886,-22.48131333739155,0 -46.86191287602012,-22.48133464013162,0 -46.86195472110895,-22.48143744278041,0 -46.86199244467259,-22.48163852703616,0 -46.86196684911982,-22.48189254713628,0 -46.86192751971335,-22.48206813868546,0 -46.86184865299288,-22.48226832446293,0 -46.8617463299526,-22.48247607854811,0 -46.86160404544193,-22.48272190375684,0 -46.86148817227879,-22.48291016741656,0 -46.86135318276627,-22.4831143692288,0 -46.8612372639327,-22.48329926524102,0 -46.86106916567871,-22.48355717624699,0 -46.86091350208073,-22.48379641939484,0 -46.8607622718626,-22.48400586035072,0 -46.86071133027636,-22.48408110637313,0 -46.86058970419685,-22.48424585974192,0 -46.86044066375848,-22.48443843503799,0 -46.86032623574539,-22.4845542687888,0 -46.86023297215435,-22.48462663519097,0 -46.86008702581657,-22.48473441253602,0 -46.85994836057787,-22.48479944408149,0 -46.85988204587895,-22.48480919081547,0 
						</coordinates>
					</LinearRing>
				</outerBoundaryIs>
			</Polygon>
		</Placemark>
		<Placemark>
			<name>2972</name>
			<styleUrl>#falseColor4</styleUrl>
			<Style id="inline">
				<IconStyle>
					<colorMode>random</colorMode>
				</IconStyle>
				<LineStyle>
					<colorMode>random</colorMode>
				</LineStyle>
				<PolyStyle>
					<colorMode>random</colorMode>
				</PolyStyle>
			</Style>
			<ExtendedData>
				<SchemaData schemaUrl="#S_FKA_DSSSSDDSD">
					<SimpleData name="id_0">2972</SimpleData>
					<SimpleData name="chave">FKA_31</SimpleData>
					<SimpleData name="fundo">10835 - FAZENDA KALUNGA</SimpleData>
					<SimpleData name="descricao">FKA - FAZENDA KALUNGA</SimpleData>
					<SimpleData name="regiao">FKA</SimpleData>
					<SimpleData name="area_quadr">16.7104</SimpleData>
					<SimpleData name="area_parci">4.75415</SimpleData>
					<SimpleData name="quadra">31</SimpleData>
					<SimpleData name="quadra_int">31</SimpleData>
				</SchemaData>
			</ExtendedData>
			<Polygon>
				<outerBoundaryIs>
					<LinearRing>
						<coordinates>
							-46.86554327844732,-22.47999653514832,0 -46.86486146823819,-22.48050233053232,0 -46.86460827557152,-22.48067478342535,0 -46.86441310751224,-22.48080502586054,0 -46.86435764339666,-22.48081296479637,0 -46.86420149043298,-22.48078951077722,0 -46.86406123785225,-22.48073556052961,0 -46.8638141371429,-22.48064130680117,0 -46.86371747316375,-22.4805947109113,0 -46.86360113027072,-22.48052195965687,0 -46.86349386901198,-22.48045078732534,0 -46.86336728205242,-22.48037983833348,0 -46.86319073261711,-22.48023144093904,0 -46.86308072555317,-22.48013560121592,0 -46.86299012255791,-22.48000024354028,0 -46.86292636609462,-22.47983987668912,0 -46.86286058020181,-22.47966325447978,0 -46.86280609638635,-22.47947359086163,0 -46.86277075065223,-22.47926967261646,0 -46.86277479854885,-22.47903049620498,0 -46.86279589904597,-22.47880178812829,0 -46.86281211240785,-22.47861411413976,0 -46.8629347646498,-22.47857171905651,0 -46.86311761531588,-22.47860440861483,0 -46.86344718658988,-22.47867806349433,0 -46.86378815758605,-22.47874597249965,0 -46.86391137038439,-22.47879057742592,0 -46.86429043415454,-22.47886141287393,0 -46.86436717731528,-22.47899917545939,0 -46.86441616781114,-22.47904912912745,0 -46.864529921199,-22.47910899905792,0 -46.86466034656769,-22.47910580632457,0 -46.86486188722139,-22.47904565707324,0 -46.86508445226587,-22.47897684426369,0 -46.86526876212412,-22.47898313161389,0 -46.86526792274987,-22.47901064682079,0 -46.86521064294004,-22.4791084208787,0 -46.86516685996913,-22.47922175616957,0 -46.86518311097595,-22.47926254569603,0 -46.86533037698274,-22.47943429455194,0 -46.86539174504975,-22.47955146503918,0 -46.86545078024506,-22.47967483719637,0 -46.86554861960723,-22.47976408002333,0 -46.86561987872198,-22.47985306909834,0 -46.86564269575521,-22.47993307611861,0 -46.86554327844732,-22.47999653514832,0 
						</coordinates>
					</LinearRing>
				</outerBoundaryIs>
			</Polygon>
		</Placemark>
		<Placemark>
			<name>2973</name>
			<styleUrl>#falseColor4</styleUrl>
			<Style id="inline">
				<IconStyle>
					<colorMode>random</colorMode>
				</IconStyle>
				<LineStyle>
					<colorMode>random</colorMode>
				</LineStyle>
				<PolyStyle>
					<colorMode>random</colorMode>
				</PolyStyle>
			</Style>
			<ExtendedData>
				<SchemaData schemaUrl="#S_FKA_DSSSSDDSD">
					<SimpleData name="id_0">2973</SimpleData>
					<SimpleData name="chave">FKA_31</SimpleData>
					<SimpleData name="fundo">10835 - FAZENDA KALUNGA</SimpleData>
					<SimpleData name="descricao">FKA - FAZENDA KALUNGA</SimpleData>
					<SimpleData name="regiao">FKA</SimpleData>
					<SimpleData name="area_quadr">16.7104</SimpleData>
					<SimpleData name="area_parci">1.98129</SimpleData>
					<SimpleData name="quadra">31</SimpleData>
					<SimpleData name="quadra_int">31</SimpleData>
				</SchemaData>
			</ExtendedData>
			<Polygon>
				<outerBoundaryIs>
					<LinearRing>
						<coordinates>
							-46.86568547897154,-22.47879868120665,0 -46.86575413508572,-22.47869347795028,0 -46.86590178463873,-22.47857837890716,0 -46.86599520460487,-22.47856326407524,0 -46.86612510064538,-22.47856568967746,0 -46.86632898372828,-22.4785902733426,0 -46.86663714793863,-22.47864396134509,0 -46.86699712928837,-22.47868806720251,0 -46.86733621440044,-22.47875037707413,0 -46.86742584345206,-22.47876786282618,0 -46.86767908895171,-22.47882499170017,0 -46.86783495988084,-22.47887258315918,0 -46.86799111562405,-22.47898640880735,0 -46.86818568790224,-22.47912729450596,0 -46.86841111215752,-22.47931665854928,0 -46.8686260970083,-22.47949323253792,0 -46.86890020692029,-22.47966462999468,0 -46.86902525517139,-22.47975580044561,0 -46.86907774942727,-22.47984163743754,0 -46.86908255715878,-22.47988480453566,0 -46.86896437576621,-22.47990020830304,0 -46.86882843295982,-22.47985238697864,0 -46.86870331572378,-22.47980107201341,0 -46.86860889967691,-22.47978701053137,0 -46.8684552159254,-22.47976746133762,0 -46.8682686565148,-22.47972864629668,0 -46.86812365517121,-22.47968092934815,0 -46.86792104596775,-22.47966138532855,0 -46.8677744062062,-22.47962659776923,0 -46.86758645102555,-22.47957376468811,0 -46.86742755972615,-22.47952620802405,0 -46.86708404194684,-22.4794487937277,0 -46.86680088515794,-22.47941334116951,0 -46.86656639062615,-22.47935823916659,0 -46.86646691032246,-22.47932683361673,0 -46.86639024379645,-22.47928505979115,0 -46.86641882032979,-22.47920894849835,0 -46.86645499396596,-22.47906875689108,0 -46.86646999062576,-22.47897091071844,0 -46.86642473784563,-22.47888442757331,0 -46.86636917129654,-22.4788396027221,0 -46.86625134798334,-22.47879156930734,0 -46.86615034226839,-22.47878151197799,0 -46.86608046768277,-22.47879579299184,0 -46.86588850054528,-22.47884909686359,0 -46.86569205976133,-22.47883902126774,0 -46.86568547897154,-22.47879868120665,0 
						</coordinates>
					</LinearRing>
				</outerBoundaryIs>
			</Polygon>
		</Placemark>
		<Placemark>
			<name>2974</name>
			<styleUrl>#falseColor4</styleUrl>
			<Style id="inline">
				<IconStyle>
					<colorMode>random</colorMode>
				</IconStyle>
				<LineStyle>
					<colorMode>random</colorMode>
				</LineStyle>
				<PolyStyle>
					<colorMode>random</colorMode>
				</PolyStyle>
			</Style>
			<ExtendedData>
				<SchemaData schemaUrl="#S_FKA_DSSSSDDSD">
					<SimpleData name="id_0">2974</SimpleData>
					<SimpleData name="chave">FKA_31</SimpleData>
					<SimpleData name="fundo">10835 - FAZENDA KALUNGA</SimpleData>
					<SimpleData name="descricao">FKA - FAZENDA KALUNGA</SimpleData>
					<SimpleData name="regiao">FKA</SimpleData>
					<SimpleData name="area_quadr">16.7104</SimpleData>
					<SimpleData name="area_parci">0.885882</SimpleData>
					<SimpleData name="quadra">31</SimpleData>
					<SimpleData name="quadra_int">31</SimpleData>
				</SchemaData>
			</ExtendedData>
			<Polygon>
				<outerBoundaryIs>
					<LinearRing>
						<coordinates>
							-46.86589807058775,-22.48082489025567,0 -46.86580766124789,-22.48083940892642,0 -46.86566237138487,-22.48081526925294,0 -46.8654731020068,-22.48075459025757,0 -46.86531825464081,-22.48073841959228,0 -46.86520025990368,-22.4807678519113,0 -46.86512151840293,-22.48084173684839,0 -46.8650534624385,-22.48099183987474,0 -46.86500624561415,-22.48107434136364,0 -46.86494791729751,-22.48113900864004,0 -46.86483737987192,-22.48118407185252,0 -46.86442086075957,-22.48093292094047,0 -46.86442024434922,-22.48088689846282,0 -46.86459344539738,-22.48074007003842,0 -46.86493155436875,-22.48050376497197,0 -46.86522816393725,-22.48028085023506,0 -46.86548727403715,-22.48009934657294,0 -46.86558838820476,-22.48007235480362,0 -46.86565419394231,-22.4800699091276,0 -46.86571178321072,-22.480130428212,0 -46.86582400571245,-22.48034636637949,0 -46.86594210031149,-22.48059479397344,0 -46.8659619055455,-22.48067539712761,0 -46.86596832649294,-22.48074885785406,0 -46.86589807058775,-22.48082489025567,0 
						</coordinates>
					</LinearRing>
				</outerBoundaryIs>
			</Polygon>
		</Placemark>
		<Placemark>
			<name>2975</name>
			<styleUrl>#falseColor4</styleUrl>
			<Style id="inline">
				<IconStyle>
					<colorMode>random</colorMode>
				</IconStyle>
				<LineStyle>
					<colorMode>random</colorMode>
				</LineStyle>
				<PolyStyle>
					<colorMode>random</colorMode>
				</PolyStyle>
			</Style>
			<ExtendedData>
				<SchemaData schemaUrl="#S_FKA_DSSSSDDSD">
					<SimpleData name="id_0">2975</SimpleData>
					<SimpleData name="chave">FKA_31</SimpleData>
					<SimpleData name="fundo">10835 - FAZENDA KALUNGA</SimpleData>
					<SimpleData name="descricao">FKA - FAZENDA KALUNGA</SimpleData>
					<SimpleData name="regiao">FKA</SimpleData>
					<SimpleData name="area_quadr">16.7104</SimpleData>
					<SimpleData name="area_parci">9.0891</SimpleData>
					<SimpleData name="quadra">31</SimpleData>
					<SimpleData name="quadra_int">31</SimpleData>
				</SchemaData>
			</ExtendedData>
			<Polygon>
				<outerBoundaryIs>
					<LinearRing>
						<coordinates>
							-46.86920244369458,-22.48040124642989,0 -46.86916371815954,-22.48066608459891,0 -46.86912940402299,-22.48080962310958,0 -46.86906213732334,-22.48097319048906,0 -46.86894753656008,-22.48116537349983,0 -46.86882720622023,-22.48133573078633,0 -46.86872591633263,-22.4814396296274,0 -46.86862644563345,-22.48154406865658,0 -46.86845431297834,-22.48168022346047,0 -46.86836855036609,-22.48181593823443,0 -46.86831489162122,-22.48204839190766,0 -46.86827690754073,-22.48218860481103,0 -46.8682186695106,-22.48230491504631,0 -46.8680436753744,-22.4824079838341,0 -46.8679222945963,-22.48254523390757,0 -46.86782150167662,-22.48264126779231,0 -46.86774261759282,-22.48270449024972,0 -46.86769491385746,-22.48270560440307,0 -46.86757941217644,-22.48265080925723,0 -46.86730765147775,-22.48251979881661,0 -46.86706910790627,-22.48238840308937,0 -46.86681221326647,-22.48223981812042,0 -46.86653791032518,-22.48209929301991,0 -46.8663579030104,-22.48200875711272,0 -46.86617224979423,-22.48190256894788,0 -46.86593238001606,-22.48176220538171,0 -46.86577181982326,-22.48168042500861,0 -46.86568726334448,-22.48163593557282,0 -46.86564269671824,-22.48155561901223,0 -46.86577794914135,-22.48137161907109,0 -46.86589437938244,-22.48122544646497,0 -46.86597367396395,-22.48110271850134,0 -46.86601547392965,-22.4809315883356,0 -46.8660322246477,-22.48078432429178,0 -46.86596583250624,-22.48056280372797,0 -46.8659406031964,-22.48048310536958,0 -46.86590695274214,-22.48040603050521,0 -46.86579531894565,-22.4801889629195,0 -46.86573149905545,-22.4800241074125,0 -46.86569114545189,-22.47994261938419,0 -46.86579118162172,-22.47988027577805,0 -46.86593338735161,-22.47980958524241,0 -46.86604027377515,-22.47967250445179,0 -46.86615024734051,-22.47954043988594,0 -46.86617440644294,-22.47949525327155,0 -46.86624121106701,-22.47943217147991,0 -46.86633185467298,-22.47939014442425,0 -46.86641331698371,-22.47938414915655,0 -46.86660016343456,-22.47939938695705,0 -46.8667067328867,-22.47941892225941,0 -46.86689794235267,-22.47944421323356,0 -46.86701181919806,-22.47946815438348,0 -46.86716021021092,-22.47949843168309,0 -46.86723931535212,-22.47954186087997,0 -46.86735865024347,-22.47956742255692,0 -46.86747113869563,-22.47957790739029,0 -46.86753410517565,-22.47958896592082,0 -46.86769409901127,-22.47962865099376,0 -46.867911253653,-22.47969686297313,0 -46.86804163267163,-22.47973520686941,0 -46.8681367128329,-22.47975375167971,0 -46.86822193434579,-22.4797578159662,0 -46.86837760310553,-22.47979025310064,0 -46.86863046532424,-22.47986366352492,0 -46.8687695946603,-22.47987889060142,0 -46.86899182377192,-22.47992009812211,0 -46.86909729148437,-22.47994750327358,0 -46.86914171731624,-22.4799722482104,0 -46.86921683591252,-22.48007859220427,0 -46.86920244369458,-22.48040124642989,0 
						</coordinates>
					</LinearRing>
				</outerBoundaryIs>
			</Polygon>
		</Placemark>
		<Placemark>
			<name>2976</name>
			<styleUrl>#falseColor4</styleUrl>
			<Style id="inline">
				<IconStyle>
					<colorMode>random</colorMode>
				</IconStyle>
				<LineStyle>
					<colorMode>random</colorMode>
				</LineStyle>
				<PolyStyle>
					<colorMode>random</colorMode>
				</PolyStyle>
			</Style>
			<ExtendedData>
				<SchemaData schemaUrl="#S_FKA_DSSSSDDSD">
					<SimpleData name="id_0">2976</SimpleData>
					<SimpleData name="chave">FKA_1</SimpleData>
					<SimpleData name="fundo">10835 - FAZENDA KALUNGA</SimpleData>
					<SimpleData name="descricao">FKA - FAZENDA KALUNGA</SimpleData>
					<SimpleData name="regiao">FKA</SimpleData>
					<SimpleData name="area_quadr">16.4635</SimpleData>
					<SimpleData name="area_parci">2.04929</SimpleData>
					<SimpleData name="quadra">1</SimpleData>
					<SimpleData name="quadra_int">1</SimpleData>
				</SchemaData>
			</ExtendedData>
			<Polygon>
				<outerBoundaryIs>
					<LinearRing>
						<coordinates>
							-46.89427811203057,-22.46615298352469,0 -46.89417328475622,-22.46617217744878,0 -46.89362503925644,-22.46627179716265,0 -46.89358096857828,-22.46613984056814,0 -46.89357062718869,-22.46582337135357,0 -46.89338282024064,-22.46471414108206,0 -46.89318162823193,-22.46350851844819,0 -46.89310896671838,-22.46305020246295,0 -46.89302396964947,-22.46257294591954,0 -46.89294736607701,-22.46209110010997,0 -46.89289396534502,-22.46171675751626,0 -46.89281207171678,-22.46128998410583,0 -46.89275249312325,-22.46099430029424,0 -46.892680094176,-22.46055506602139,0 -46.89259396932699,-22.46008343549725,0 -46.89257807472537,-22.45998033699799,0 -46.89270548950256,-22.46002374843304,0 -46.89281637821207,-22.4600954202724,0 -46.89290635555821,-22.46058384536369,0 -46.89302613845609,-22.46122123466355,0 -46.89313071367668,-22.46180603713076,0 -46.89323620785087,-22.46236949806785,0 -46.89332524038162,-22.46287701898538,0 -46.89340996415208,-22.46333407057172,0 -46.8935188071174,-22.46396597417249,0 -46.89359142491249,-22.46442092234904,0 -46.89366164546681,-22.46478833095864,0 -46.89374530612229,-22.46507811800463,0 -46.89390193346109,-22.46540409591062,0 -46.89404356536891,-22.46569320189791,0 -46.89429798688297,-22.46610447561473,0 -46.89429694707007,-22.46611683710591,0 -46.89427811203057,-22.46615298352469,0 
						</coordinates>
					</LinearRing>
				</outerBoundaryIs>
			</Polygon>
		</Placemark>
		<Placemark>
			<name>2977</name>
			<styleUrl>#falseColor4</styleUrl>
			<Style id="inline">
				<IconStyle>
					<colorMode>random</colorMode>
				</IconStyle>
				<LineStyle>
					<colorMode>random</colorMode>
				</LineStyle>
				<PolyStyle>
					<colorMode>random</colorMode>
				</PolyStyle>
			</Style>
			<ExtendedData>
				<SchemaData schemaUrl="#S_FKA_DSSSSDDSD">
					<SimpleData name="id_0">2977</SimpleData>
					<SimpleData name="chave">FKA_2</SimpleData>
					<SimpleData name="fundo">10835 - FAZENDA KALUNGA</SimpleData>
					<SimpleData name="descricao">FKA - FAZENDA KALUNGA</SimpleData>
					<SimpleData name="regiao">FKA</SimpleData>
					<SimpleData name="area_quadr">21.967</SimpleData>
					<SimpleData name="area_parci">0.35491</SimpleData>
					<SimpleData name="quadra">2</SimpleData>
					<SimpleData name="quadra_int">2</SimpleData>
				</SchemaData>
			</ExtendedData>
			<Polygon>
				<outerBoundaryIs>
					<LinearRing>
						<coordinates>
							-46.88104471483554,-22.4720941160322,0 -46.88086287587504,-22.4722253441405,0 -46.88060038805877,-22.47237772080291,0 -46.88000599559039,-22.47273043442854,0 -46.8799057797263,-22.47273384832858,0 -46.87975394290702,-22.47267162665966,0 -46.87976467223661,-22.47257158416592,0 -46.88035869056176,-22.4722806224866,0 -46.88069797613704,-22.47209030238449,0 -46.8809474051767,-22.4719549179473,0 -46.88109870576486,-22.4718880380766,0 -46.88115737131403,-22.47184918292842,0 -46.88119247265211,-22.47185438671101,0 -46.88117967231532,-22.47189046140112,0 -46.88104471483554,-22.4720941160322,0 
						</coordinates>
					</LinearRing>
				</outerBoundaryIs>
			</Polygon>
		</Placemark>
		<Placemark>
			<name>2978</name>
			<styleUrl>#falseColor4</styleUrl>
			<Style id="inline">
				<IconStyle>
					<colorMode>random</colorMode>
				</IconStyle>
				<LineStyle>
					<colorMode>random</colorMode>
				</LineStyle>
				<PolyStyle>
					<colorMode>random</colorMode>
				</PolyStyle>
			</Style>
			<ExtendedData>
				<SchemaData schemaUrl="#S_FKA_DSSSSDDSD">
					<SimpleData name="id_0">2978</SimpleData>
					<SimpleData name="chave">FKA_85</SimpleData>
					<SimpleData name="fundo">10835 - FAZENDA KALUNGA</SimpleData>
					<SimpleData name="descricao">FKA - FAZENDA KALUNGA</SimpleData>
					<SimpleData name="regiao">FKA</SimpleData>
					<SimpleData name="area_quadr">3.6669</SimpleData>
					<SimpleData name="area_parci">3.6669</SimpleData>
					<SimpleData name="quadra">85</SimpleData>
					<SimpleData name="quadra_int">85</SimpleData>
				</SchemaData>
			</ExtendedData>
			<Polygon>
				<outerBoundaryIs>
					<LinearRing>
						<coordinates>
							-46.86719525187041,-22.48343916593163,0 -46.8670789192762,-22.483592635706,0 -46.86695650181253,-22.48374280788133,0 -46.86677404914821,-22.48396552638789,0 -46.86661426738521,-22.4841672127042,0 -46.86647825349326,-22.48429452726481,0 -46.86635132867764,-22.48442398180867,0 -46.86625309964921,-22.48453121185783,0 -46.86622100006826,-22.48452484754148,0 -46.86606119086269,-22.48445428569667,0 -46.86582025164363,-22.48432460001448,0 -46.8656723562817,-22.48424155042963,0 -46.86559160244861,-22.48421048908997,0 -46.86554257739147,-22.48420319788741,0 -46.86547376714184,-22.48416189417824,0 -46.86545239041146,-22.48409927195729,0 -46.86556076865075,-22.48393803661219,0 -46.86562619671773,-22.48381715327439,0 -46.86563107725798,-22.48341518003068,0 -46.86564093263795,-22.4833392855518,0 -46.86568607125304,-22.48314678602776,0 -46.86573011681133,-22.48291781229077,0 -46.86574924269758,-22.48267733896254,0 -46.86574805820828,-22.48249884773898,0 -46.86576918730785,-22.48236275976225,0 -46.86586299967353,-22.4822415477723,0 -46.86597375021881,-22.48216729187973,0 -46.86613779212556,-22.48205817738273,0 -46.86626499165805,-22.48199439623783,0 -46.86658492065646,-22.48215909221926,0 -46.86684522778845,-22.48229192063846,0 -46.86712168200098,-22.48245768037015,0 -46.86747017135257,-22.4826349543224,0 -46.86760165405996,-22.48271033379169,0 -46.86764374012702,-22.48274071957084,0 -46.86765525118034,-22.48278829972472,0 -46.86719525187041,-22.48343916593163,0 
						</coordinates>
					</LinearRing>
				</outerBoundaryIs>
			</Polygon>
		</Placemark>
		<Placemark>
			<name>2979</name>
			<styleUrl>#falseColor4</styleUrl>
			<Style id="inline">
				<IconStyle>
					<colorMode>random</colorMode>
				</IconStyle>
				<LineStyle>
					<colorMode>random</colorMode>
				</LineStyle>
				<PolyStyle>
					<colorMode>random</colorMode>
				</PolyStyle>
			</Style>
			<ExtendedData>
				<SchemaData schemaUrl="#S_FKA_DSSSSDDSD">
					<SimpleData name="id_0">2979</SimpleData>
					<SimpleData name="chave">FKA_86</SimpleData>
					<SimpleData name="fundo">10835 - FAZENDA KALUNGA</SimpleData>
					<SimpleData name="descricao">FKA - FAZENDA KALUNGA</SimpleData>
					<SimpleData name="regiao">FKA</SimpleData>
					<SimpleData name="area_quadr">2.99089</SimpleData>
					<SimpleData name="area_parci">2.99089</SimpleData>
					<SimpleData name="quadra">86</SimpleData>
					<SimpleData name="quadra_int">86</SimpleData>
				</SchemaData>
			</ExtendedData>
			<Polygon>
				<outerBoundaryIs>
					<LinearRing>
						<coordinates>
							-46.86590193580443,-22.48483054081496,0 -46.86581617842359,-22.48492190881762,0 -46.86562957207072,-22.48510538074757,0 -46.86549914781597,-22.48528932481347,0 -46.86532489043105,-22.485492861586,0 -46.86525568725134,-22.48560256180887,0 -46.86513938087291,-22.48575827540823,0 -46.86480900696488,-22.48612191529818,0 -46.86465582589241,-22.4863207168572,0 -46.86450867883809,-22.48647398023473,0 -46.86430324826434,-22.48665037123607,0 -46.86423531674699,-22.4866747332449,0 -46.86418924297663,-22.48666235550747,0 -46.86405839954284,-22.4865897726766,0 -46.86392552636524,-22.48650093445127,0 -46.86376964020676,-22.48645277849179,0 -46.8637362120709,-22.48643744768125,0 -46.86372953623783,-22.48634490436731,0 -46.86376124569761,-22.48618680208025,0 -46.86377693391807,-22.48605021586877,0 -46.86375577861747,-22.48582368058368,0 -46.86375492705716,-22.4856698842225,0 -46.86372294316786,-22.48549174909484,0 -46.86373639331105,-22.48541356776412,0 -46.86376503245836,-22.48534194680989,0 -46.86382641279599,-22.48527948991048,0 -46.86388720415987,-22.48521816247535,0 -46.86405584728979,-22.48513650211479,0 -46.86413726051126,-22.48512657902043,0 -46.86418984190809,-22.48512877746959,0 -46.86426319072861,-22.48514813709365,0 -46.86431803757268,-22.48513908256461,0 -46.86440102448177,-22.48506627145307,0 -46.86450122269673,-22.48501571463402,0 -46.86469176017228,-22.48490012014941,0 -46.8648012904703,-22.48482475637753,0 -46.86494970364421,-22.48467596885962,0 -46.86512489556929,-22.48449712048319,0 -46.86531360926802,-22.48429060995661,0 -46.86542726858156,-22.48420790063812,0 -46.86555382790357,-22.48432150959644,0 -46.86578640943574,-22.48445858982123,0 -46.8660649648435,-22.48464565760154,0 -46.86590193580443,-22.48483054081496,0 
						</coordinates>
					</LinearRing>
				</outerBoundaryIs>
			</Polygon>
		</Placemark>
		<Placemark>
			<name>2980</name>
			<styleUrl>#falseColor4</styleUrl>
			<Style id="inline">
				<IconStyle>
					<colorMode>random</colorMode>
				</IconStyle>
				<LineStyle>
					<colorMode>random</colorMode>
				</LineStyle>
				<PolyStyle>
					<colorMode>random</colorMode>
				</PolyStyle>
			</Style>
			<ExtendedData>
				<SchemaData schemaUrl="#S_FKA_DSSSSDDSD">
					<SimpleData name="id_0">2980</SimpleData>
					<SimpleData name="chave">FKA_83</SimpleData>
					<SimpleData name="fundo">10835 - FAZENDA KALUNGA</SimpleData>
					<SimpleData name="descricao">FKA - FAZENDA KALUNGA</SimpleData>
					<SimpleData name="regiao">FKA</SimpleData>
					<SimpleData name="area_quadr">0.323041</SimpleData>
					<SimpleData name="area_parci">0.323041</SimpleData>
					<SimpleData name="quadra">83</SimpleData>
					<SimpleData name="quadra_int">83</SimpleData>
				</SchemaData>
			</ExtendedData>
			<Polygon>
				<outerBoundaryIs>
					<LinearRing>
						<coordinates>
							-46.86599157549484,-22.48196500445556,0 -46.8658661801357,-22.48202820316734,0 -46.86582246884018,-22.48205677601217,0 -46.86570242389504,-22.48215864487096,0 -46.86564592989082,-22.48222497517517,0 -46.86559643809921,-22.48236307545988,0 -46.86556334071864,-22.4825526289084,0 -46.86553682966269,-22.48282799057003,0 -46.86551231843239,-22.4831173624842,0 -46.86548105738959,-22.48326367176613,0 -46.8654773359396,-22.48325641746965,0 -46.86543594769154,-22.48300766320492,0 -46.86544121353108,-22.48276959565295,0 -46.86545586193137,-22.48255555696074,0 -46.86546539078052,-22.48236515364746,0 -46.86548881773276,-22.4821751508045,0 -46.86551202432555,-22.48201377866289,0 -46.86560164249222,-22.48166976483259,0 -46.86562668435698,-22.48164533750767,0 -46.86571360391141,-22.48168587026739,0 -46.8658388874881,-22.48174953498587,0 -46.86600744945633,-22.481842449369,0 -46.86605334665628,-22.48188682488384,0 -46.86605467291243,-22.48194069780837,0 -46.86599157549484,-22.48196500445556,0 
						</coordinates>
					</LinearRing>
				</outerBoundaryIs>
			</Polygon>
		</Placemark>
		<Placemark>
			<name>2981</name>
			<styleUrl>#falseColor4</styleUrl>
			<Style id="inline">
				<IconStyle>
					<colorMode>random</colorMode>
				</IconStyle>
				<LineStyle>
					<colorMode>random</colorMode>
				</LineStyle>
				<PolyStyle>
					<colorMode>random</colorMode>
				</PolyStyle>
			</Style>
			<ExtendedData>
				<SchemaData schemaUrl="#S_FKA_DSSSSDDSD">
					<SimpleData name="id_0">2981</SimpleData>
					<SimpleData name="chave">FKA_84</SimpleData>
					<SimpleData name="fundo">10835 - FAZENDA KALUNGA</SimpleData>
					<SimpleData name="descricao">FKA - FAZENDA KALUNGA</SimpleData>
					<SimpleData name="regiao">FKA</SimpleData>
					<SimpleData name="area_quadr">16.5449</SimpleData>
					<SimpleData name="area_parci">16.5449</SimpleData>
					<SimpleData name="quadra">84</SimpleData>
					<SimpleData name="quadra_int">84</SimpleData>
				</SchemaData>
			</ExtendedData>
			<Polygon>
				<outerBoundaryIs>
					<LinearRing>
						<coordinates>
							-46.86552628909635,-22.48182104806213,0 -46.86548829698048,-22.48203727213308,0 -46.86545447339345,-22.4822921262715,0 -46.86542554197153,-22.48253063817017,0 -46.86542491043033,-22.48275592973925,0 -46.86541160402175,-22.48296168956285,0 -46.86540467083787,-22.48309816178129,0 -46.86544332037324,-22.4832578562458,0 -46.86550396963589,-22.48347904563951,0 -46.865513116371,-22.48361668885645,0 -46.8655018236276,-22.48370028330689,0 -46.86545284628018,-22.48385963488888,0 -46.86540082383837,-22.48395523641202,0 -46.86525436155529,-22.48414150181878,0 -46.86504069261569,-22.48438011597295,0 -46.8649117450197,-22.48451121448796,0 -46.86470955909936,-22.48468048153348,0 -46.86458995034454,-22.4847456507519,0 -46.86433477067536,-22.48488363783628,0 -46.86421050843029,-22.48492850360827,0 -46.86407460114117,-22.48497621825445,0 -46.86391545833859,-22.48503370147355,0 -46.86381902979116,-22.48508503070654,0 -46.86373457323324,-22.48515793558653,0 -46.86365982571584,-22.48524701376396,0 -46.86359537776574,-22.48539636530076,0 -46.86359707341447,-22.48557752317055,0 -46.86360501861304,-22.48578914429419,0 -46.86362167689328,-22.48588802247863,0 -46.8636324062511,-22.48608943288395,0 -46.86361250243493,-22.48623894786282,0 -46.86353095565034,-22.48647467517028,0 -46.86345722816242,-22.48658545564529,0 -46.86327582190922,-22.48683455177218,0 -46.86315183235349,-22.48700902004447,0 -46.86298825956916,-22.48722669560604,0 -46.86285536286741,-22.48739040957988,0 -46.86264027572559,-22.4876873941673,0 -46.86245956042962,-22.48793376724978,0 -46.86221442488856,-22.48827724123573,0 -46.86206189531161,-22.48844728864049,0 -46.86172118320668,-22.48885158035364,0 -46.86151191306869,-22.48903788991387,0 -46.86138299827997,-22.48911741444156,0 -46.86121116142295,-22.48920897031306,0 -46.86106944429372,-22.48925946407042,0 -46.8609116284325,-22.4893074293616,0 -46.860879603591,-22.48931526345741,0 -46.86085468926012,-22.48930876550697,0 -46.8608056669672,-22.48913765398004,0 -46.86074050943375,-22.48885205078631,0 -46.86068531529855,-22.4886016180234,0 -46.86061841691597,-22.48829499923098,0 -46.86055749574245,-22.48799848988941,0 -46.86049315558137,-22.48766469873397,0 -46.86043694216838,-22.48739256339179,0 -46.86041530664109,-22.48724895674689,0 -46.86043096056094,-22.48721824045782,0 -46.86052351026827,-22.48720427914052,0 -46.860760618701,-22.48718864859322,0 -46.86094679708207,-22.48713221321947,0 -46.86111801954166,-22.48704948622208,0 -46.86127637647684,-22.48693297926098,0 -46.86144952964199,-22.48677626574096,0 -46.86162716680817,-22.48657267907567,0 -46.8617483828869,-22.48640910101039,0 -46.86187067763007,-22.48621701055875,0 -46.86192003712065,-22.48614044068119,0 -46.86200153208265,-22.48590064323128,0 -46.86206322890314,-22.4857092528205,0 -46.86208737871466,-22.4855495103576,0 -46.86213762474107,-22.48532093100989,0 -46.86217355946642,-22.48511423118705,0 -46.86221907595726,-22.48491420631515,0 -46.8622697573761,-22.48471819315646,0 -46.86235370989152,-22.48455300962531,0 -46.86247539936124,-22.48437042575591,0 -46.86259404647132,-22.48423334100665,0 -46.86281560159103,-22.48403806705063,0 -46.86296525639311,-22.48392640921885,0 -46.86316953949618,-22.48380461977859,0 -46.8633808050665,-22.48365899950269,0 -46.86350594867812,-22.48351641050221,0 -46.86362135005073,-22.48330064878126,0 -46.86369062606257,-22.48313020583316,0 -46.86371813011755,-22.48300299566227,0 -46.86371987601393,-22.48280619089946,0 -46.86372316713863,-22.48256118997019,0 -46.86371216911913,-22.48228514016144,0 -46.86370802339081,-22.48203004670009,0 -46.86374541874738,-22.48176904433447,0 -46.86384957683368,-22.48153169835902,0 -46.86392279869227,-22.48143788784654,0 -46.86405879411304,-22.48123342338466,0 -46.864130207101,-22.48116813354698,0 -46.86424254295574,-22.4810507992297,0 -46.86432102011751,-22.4809677848555,0 -46.86436840135744,-22.48096180826138,0 -46.86444626030595,-22.48099619315096,0 -46.86479207002413,-22.48119236997335,0 -46.86510720896853,-22.48138822234563,0 -46.86537631202207,-22.48152692864537,0 -46.86555181548486,-22.4816008968682,0 -46.86556384203223,-22.48162654321385,0 -46.86552628909635,-22.48182104806213,0 
						</coordinates>
					</LinearRing>
				</outerBoundaryIs>
			</Polygon>
		</Placemark>
		<Placemark>
			<name>2982</name>
			<styleUrl>#falseColor4</styleUrl>
			<Style id="inline">
				<IconStyle>
					<colorMode>random</colorMode>
				</IconStyle>
				<LineStyle>
					<colorMode>random</colorMode>
				</LineStyle>
				<PolyStyle>
					<colorMode>random</colorMode>
				</PolyStyle>
			</Style>
			<ExtendedData>
				<SchemaData schemaUrl="#S_FKA_DSSSSDDSD">
					<SimpleData name="id_0">2982</SimpleData>
					<SimpleData name="chave">FKA_99</SimpleData>
					<SimpleData name="fundo">10835 - FAZENDA KALUNGA</SimpleData>
					<SimpleData name="descricao">FKA - FAZENDA KALUNGA</SimpleData>
					<SimpleData name="regiao">FKA</SimpleData>
					<SimpleData name="area_quadr">30.4556</SimpleData>
					<SimpleData name="area_parci">30.4556</SimpleData>
					<SimpleData name="quadra">99</SimpleData>
					<SimpleData name="quadra_int">99</SimpleData>
				</SchemaData>
			</ExtendedData>
			<Polygon>
				<outerBoundaryIs>
					<LinearRing>
						<coordinates>
							-46.877470290536,-22.46230471676309,0 -46.87674284079726,-22.46177405186825,0 -46.87605395884325,-22.46127583948454,0 -46.87537292655811,-22.46075348679573,0 -46.8749313023082,-22.46041565218101,0 -46.87489903667705,-22.46034515544816,0 -46.87492568575329,-22.46030181637139,0 -46.875489232956,-22.4599864661231,0 -46.87619757742402,-22.45960488591425,0 -46.87693418312216,-22.45919892817153,0 -46.87763712491741,-22.45882120161591,0 -46.87872364021263,-22.45821246883139,0 -46.8796535923268,-22.45770679889293,0 -46.88053468200453,-22.45721308366237,0 -46.88091588810928,-22.45700867991425,0 -46.88139303207418,-22.45675000270967,0 -46.8814934309159,-22.45672352043983,0 -46.88153306403882,-22.4567344482574,0 -46.88151892616987,-22.45679662583533,0 -46.88137965093075,-22.45696910150208,0 -46.88128248704191,-22.45703351293289,0 -46.88118828490844,-22.45711560768019,0 -46.88114310880042,-22.45719839623206,0 -46.88105794072117,-22.45724368417552,0 -46.88081752588272,-22.45728698556275,0 -46.88065077822466,-22.45734081785252,0 -46.88057132854026,-22.45740628792782,0 -46.88056171823641,-22.45750131735912,0 -46.88059259035384,-22.45756929796987,0 -46.88073572646076,-22.45768279561563,0 -46.88101486800905,-22.45788582789827,0 -46.8811690323871,-22.45800932103415,0 -46.88133010638856,-22.45814032680652,0 -46.88148508600801,-22.4582233120269,0 -46.8815917685161,-22.45825876901346,0 -46.88166250863753,-22.45825414713888,0 -46.8817192078751,-22.45821804991485,0 -46.88172743342721,-22.45802052588832,0 -46.88171331938977,-22.45758027405069,0 -46.88163187841093,-22.45699400202546,0 -46.88161663646584,-22.45677270597616,0 -46.88166184633241,-22.45669244804727,0 -46.88174046335694,-22.45666621970168,0 -46.8817870570316,-22.45668845634406,0 -46.88207666722417,-22.4569609707638,0 -46.88254438373068,-22.45731493338673,0 -46.88302752213644,-22.45770161913941,0 -46.8835455799319,-22.45805245974929,0 -46.88414588717501,-22.45844410141249,0 -46.88436276348369,-22.45857318657385,0 -46.88443322019595,-22.45864829726412,0 -46.88449258064561,-22.45870835079926,0 -46.88452578411124,-22.45874719533607,0 -46.88435109813184,-22.45891882157841,0 -46.88415950081181,-22.45914886110034,0 -46.88397239038002,-22.45930797647739,0 -46.88379026318966,-22.45943286325081,0 -46.88357059845489,-22.45960121734166,0 -46.88323457222349,-22.45982408345543,0 -46.88289161825597,-22.46003817084944,0 -46.88209848168757,-22.46049164059184,0 -46.88109398644193,-22.46102350573051,0 -46.87992356676826,-22.46167119991603,0 -46.87957333489879,-22.46185119531973,0 -46.87940945776666,-22.46191638327003,0 -46.87923620419429,-22.46199307040076,0 -46.87900800283174,-22.46213494135666,0 -46.87891794853623,-22.46222204894024,0 -46.87852341839362,-22.46244938419171,0 -46.87802298622156,-22.46269946636348,0 -46.877470290536,-22.46230471676309,0 
						</coordinates>
					</LinearRing>
				</outerBoundaryIs>
			</Polygon>
		</Placemark>
		<Placemark>
			<name>2983</name>
			<styleUrl>#falseColor4</styleUrl>
			<Style id="inline">
				<IconStyle>
					<colorMode>random</colorMode>
				</IconStyle>
				<LineStyle>
					<colorMode>random</colorMode>
				</LineStyle>
				<PolyStyle>
					<colorMode>random</colorMode>
				</PolyStyle>
			</Style>
			<ExtendedData>
				<SchemaData schemaUrl="#S_FKA_DSSSSDDSD">
					<SimpleData name="id_0">2983</SimpleData>
					<SimpleData name="chave">FKA_101</SimpleData>
					<SimpleData name="fundo">10835 - FAZENDA KALUNGA</SimpleData>
					<SimpleData name="descricao">FKA - FAZENDA KALUNGA</SimpleData>
					<SimpleData name="regiao">FKA</SimpleData>
					<SimpleData name="area_quadr">24.7962</SimpleData>
					<SimpleData name="area_parci">24.7962</SimpleData>
					<SimpleData name="quadra">101</SimpleData>
					<SimpleData name="quadra_int">101</SimpleData>
				</SchemaData>
			</ExtendedData>
			<Polygon>
				<outerBoundaryIs>
					<LinearRing>
						<coordinates>
							-46.87734854067415,-22.463096480064,0 -46.87495701490689,-22.4644259365418,0 -46.87463335125295,-22.46460814415092,0 -46.87413060636982,-22.46488988107557,0 -46.8739083510122,-22.46501902054789,0 -46.87346988044446,-22.46527090062816,0 -46.87285297265794,-22.46561976957913,0 -46.872770451745,-22.46560933780253,0 -46.87269437237577,-22.46557162146479,0 -46.87260756320256,-22.46552074121658,0 -46.87223904658759,-22.46525355556262,0 -46.87161044705857,-22.46478309987237,0 -46.87121934297943,-22.46450668201009,0 -46.87090314407605,-22.46428191528042,0 -46.87061785036945,-22.46407703851111,0 -46.87033862449361,-22.46386766132083,0 -46.87013312792281,-22.46372387106976,0 -46.87000319848494,-22.46363045992512,0 -46.8697596093857,-22.46343838638715,0 -46.86959120378204,-22.463318843971,0 -46.86961248576312,-22.46328126294429,0 -46.86986485712469,-22.46311318026224,0 -46.87002508252575,-22.46302906049305,0 -46.87031359015918,-22.46286498765275,0 -46.87061509008318,-22.46270519313502,0 -46.87101714866953,-22.46247968750912,0 -46.87131369496607,-22.46230602797266,0 -46.87169887794616,-22.46209147390087,0 -46.87198143365173,-22.46194075582335,0 -46.87234209205909,-22.46172521939422,0 -46.87271986049421,-22.46151644417954,0 -46.87289091393924,-22.46142776653088,0 -46.87324032927035,-22.46123703737247,0 -46.87359507012697,-22.46103738666519,0 -46.87399179221094,-22.46082079508426,0 -46.87435469074432,-22.46062041525113,0 -46.87473670736582,-22.46042424193234,0 -46.8748179060961,-22.460387229449,0 -46.87484789943273,-22.46039004473567,0 -46.87489450197062,-22.46041291603546,0 -46.87514508623308,-22.46061882168979,0 -46.87569242547425,-22.46102123579265,0 -46.87584102435949,-22.46113593980917,0 -46.87608591861774,-22.46132355928461,0 -46.87635952238754,-22.46151970332182,0 -46.87661324160064,-22.4617053208925,0 -46.87691576035139,-22.46192517321734,0 -46.87718044052087,-22.46211572451119,0 -46.87744106273055,-22.46230822091146,0 -46.87770765854651,-22.46248925720394,0 -46.87794504423346,-22.46267506261552,0 -46.87797243616078,-22.46273738917381,0 -46.8779538112112,-22.4627698779731,0 -46.87734854067415,-22.463096480064,0 
						</coordinates>
					</LinearRing>
				</outerBoundaryIs>
			</Polygon>
		</Placemark>
		<Placemark>
			<name>2984</name>
			<styleUrl>#falseColor4</styleUrl>
			<Style id="inline">
				<IconStyle>
					<colorMode>random</colorMode>
				</IconStyle>
				<LineStyle>
					<colorMode>random</colorMode>
				</LineStyle>
				<PolyStyle>
					<colorMode>random</colorMode>
				</PolyStyle>
			</Style>
			<ExtendedData>
				<SchemaData schemaUrl="#S_FKA_DSSSSDDSD">
					<SimpleData name="id_0">2984</SimpleData>
					<SimpleData name="chave">FKA_103</SimpleData>
					<SimpleData name="fundo">10835 - FAZENDA KALUNGA</SimpleData>
					<SimpleData name="descricao">FKA - FAZENDA KALUNGA</SimpleData>
					<SimpleData name="regiao">FKA</SimpleData>
					<SimpleData name="area_quadr">12.5874</SimpleData>
					<SimpleData name="area_parci">12.5874</SimpleData>
					<SimpleData name="quadra">103</SimpleData>
					<SimpleData name="quadra_int">103</SimpleData>
				</SchemaData>
			</ExtendedData>
			<Polygon>
				<outerBoundaryIs>
					<LinearRing>
						<coordinates>
							-46.87265179219259,-22.46569614160449,0 -46.8726260521716,-22.46570593226459,0 -46.87236529999103,-22.4657064288079,0 -46.87182418197371,-22.46571714005273,0 -46.8715343964175,-22.46573569020708,0 -46.8711915990205,-22.46576118280765,0 -46.87087127393886,-22.46578704676391,0 -46.8707312395236,-22.4658032253273,0 -46.87049921228993,-22.4658641329603,0 -46.87033177755665,-22.46591859607764,0 -46.87016635938425,-22.46597113728786,0 -46.86997667264259,-22.46604167772395,0 -46.86971955814436,-22.46616109138233,0 -46.86955781477807,-22.46623383850358,0 -46.86942700127371,-22.46632837438958,0 -46.86935828843883,-22.46638295764691,0 -46.8692366382854,-22.46650080021062,0 -46.86904038592651,-22.46669101206808,0 -46.86882977821359,-22.46687696058339,0 -46.86874848063918,-22.46690701083546,0 -46.86864320632019,-22.46687532595731,0 -46.86850893388142,-22.46681360332921,0 -46.86830405576119,-22.46666537426788,0 -46.86799138685655,-22.46645005276667,0 -46.86775679724869,-22.4662692622697,0 -46.86757997483664,-22.46613146459263,0 -46.86731677020425,-22.46594910641735,0 -46.86707546828053,-22.46577535318455,0 -46.86682852611761,-22.46558711077637,0 -46.86655057889755,-22.46537138424327,0 -46.86630219192848,-22.46517682980397,0 -46.86633209829814,-22.46507144126915,0 -46.86643903088027,-22.46492213185946,0 -46.86670482877464,-22.46473934431443,0 -46.86721427849613,-22.46444869312256,0 -46.86759887612277,-22.46429110568726,0 -46.86774247652668,-22.46423628869931,0 -46.86790661718747,-22.46419009268436,0 -46.86830675293202,-22.46397284185201,0 -46.86902853265511,-22.46357468302554,0 -46.86954520452894,-22.46331558049317,0 -46.86973626052776,-22.46344878163887,0 -46.87044452476898,-22.46397147541313,0 -46.87076564022038,-22.46420757622521,0 -46.87106190241003,-22.46441802050861,0 -46.87131072828015,-22.4645942114796,0 -46.87158361803341,-22.46478784072442,0 -46.87180781165995,-22.46495482494435,0 -46.87201344773872,-22.46510873576742,0 -46.87231265764249,-22.46533559568515,0 -46.87253547453786,-22.46550132919823,0 -46.87272948882958,-22.46565157724851,0 -46.8727160784382,-22.46566691979746,0 -46.87265179219259,-22.46569614160449,0 
						</coordinates>
					</LinearRing>
				</outerBoundaryIs>
			</Polygon>
		</Placemark>
		<Placemark>
			<name>2985</name>
			<styleUrl>#falseColor4</styleUrl>
			<Style id="inline">
				<IconStyle>
					<colorMode>random</colorMode>
				</IconStyle>
				<LineStyle>
					<colorMode>random</colorMode>
				</LineStyle>
				<PolyStyle>
					<colorMode>random</colorMode>
				</PolyStyle>
			</Style>
			<ExtendedData>
				<SchemaData schemaUrl="#S_FKA_DSSSSDDSD">
					<SimpleData name="id_0">2985</SimpleData>
					<SimpleData name="chave">FKA_104</SimpleData>
					<SimpleData name="fundo">10835 - FAZENDA KALUNGA</SimpleData>
					<SimpleData name="descricao">FKA - FAZENDA KALUNGA</SimpleData>
					<SimpleData name="regiao">FKA</SimpleData>
					<SimpleData name="area_quadr">19.165</SimpleData>
					<SimpleData name="area_parci">7.81108</SimpleData>
					<SimpleData name="quadra">104</SimpleData>
					<SimpleData name="quadra_int">104</SimpleData>
				</SchemaData>
			</ExtendedData>
			<Polygon>
				<outerBoundaryIs>
					<LinearRing>
						<coordinates>
							-46.87304725214887,-22.46852388961082,0 -46.87296957111061,-22.46856971957736,0 -46.87264579374148,-22.46864308629413,0 -46.87247411922373,-22.46868621089192,0 -46.87225898809363,-22.46868744337022,0 -46.87198015687256,-22.46866030702341,0 -46.87166918637029,-22.46862278591349,0 -46.87147270794969,-22.46859342718472,0 -46.87133720724795,-22.46854184589448,0 -46.87117476678801,-22.46846146902584,0 -46.87104946891107,-22.46840913629867,0 -46.87085724616711,-22.46834176035129,0 -46.87068475654295,-22.46827352245362,0 -46.87056923574742,-22.46823942665531,0 -46.8704287400485,-22.4682214400817,0 -46.87027613548818,-22.46821435116621,0 -46.87009376527544,-22.46822152857386,0 -46.87002690840231,-22.46821154659082,0 -46.86995959286932,-22.46816739952953,0 -46.86975891588631,-22.46797736003439,0 -46.8695863874682,-22.46780471187126,0 -46.86947840068904,-22.46767244626252,0 -46.8693595832415,-22.46749411283289,0 -46.86924087648225,-22.4673240042149,0 -46.86917505198696,-22.46723870848234,0 -46.86908159069564,-22.46712335937502,0 -46.86895070780295,-22.46695908669244,0 -46.86892804999312,-22.46689417244027,0 -46.86894096859211,-22.46684213435055,0 -46.86899586342569,-22.46677252456503,0 -46.8691160846372,-22.46664963644492,0 -46.8693586959761,-22.46641332659728,0 -46.86950491167692,-22.46629962865762,0 -46.8696286701369,-22.46623744653343,0 -46.86976348150523,-22.46618715907781,0 -46.8699844736202,-22.46611562308055,0 -46.87020432487486,-22.46606055242515,0 -46.87038486357465,-22.46601859313783,0 -46.87047411547925,-22.46602325299918,0 -46.87061912021802,-22.46597158105368,0 -46.87071940070419,-22.46593561463828,0 -46.87076377547751,-22.4659445916354,0 -46.87088539446567,-22.4660273410683,0 -46.87103128189338,-22.46609209086449,0 -46.87117419922773,-22.46618914698959,0 -46.87135824101027,-22.4663066076364,0 -46.87163836671048,-22.46653179180243,0 -46.87173475715347,-22.46661166941871,0 -46.87209073342475,-22.46695873242573,0 -46.87229833817404,-22.46715754748021,0 -46.87246530357398,-22.46737202094723,0 -46.87264311846542,-22.46763382700888,0 -46.872769836472,-22.46784243963979,0 -46.87289227461716,-22.46808717053434,0 -46.87301050967751,-22.46832309115276,0 -46.87307085692421,-22.46845654033707,0 -46.87306778504152,-22.46848125458789,0 -46.87304725214887,-22.46852388961082,0 
						</coordinates>
					</LinearRing>
				</outerBoundaryIs>
			</Polygon>
		</Placemark>
		<Placemark>
			<name>2986</name>
			<styleUrl>#falseColor4</styleUrl>
			<Style id="inline">
				<IconStyle>
					<colorMode>random</colorMode>
				</IconStyle>
				<LineStyle>
					<colorMode>random</colorMode>
				</LineStyle>
				<PolyStyle>
					<colorMode>random</colorMode>
				</PolyStyle>
			</Style>
			<ExtendedData>
				<SchemaData schemaUrl="#S_FKA_DSSSSDDSD">
					<SimpleData name="id_0">2986</SimpleData>
					<SimpleData name="chave">FKA_104</SimpleData>
					<SimpleData name="fundo">10835 - FAZENDA KALUNGA</SimpleData>
					<SimpleData name="descricao">FKA - FAZENDA KALUNGA</SimpleData>
					<SimpleData name="regiao">FKA</SimpleData>
					<SimpleData name="area_quadr">19.165</SimpleData>
					<SimpleData name="area_parci">11.3539</SimpleData>
					<SimpleData name="quadra">104</SimpleData>
					<SimpleData name="quadra_int">104</SimpleData>
				</SchemaData>
			</ExtendedData>
			<Polygon>
				<outerBoundaryIs>
					<LinearRing>
						<coordinates>
							-46.87309580605571,-22.46843853257974,0 -46.87305355777377,-22.4683852367144,0 -46.87298400365975,-22.46822531754083,0 -46.87287611591015,-22.46799940125535,0 -46.87279267528041,-22.46781939417002,0 -46.87268083111576,-22.4676536381327,0 -46.87256875758138,-22.46747079949549,0 -46.87244455871303,-22.46729759331605,0 -46.8723192198035,-22.46714085264273,0 -46.87219651862529,-22.46702837611724,0 -46.8720061195736,-22.46684328242566,0 -46.87183169241013,-22.46668141609864,0 -46.87168943000881,-22.46653183192032,0 -46.87147474704113,-22.46636347175829,0 -46.87132332910654,-22.46624183597604,0 -46.87116819249476,-22.46614745291462,0 -46.87106104700218,-22.46607782425664,0 -46.87092126913914,-22.46601173803708,0 -46.87082795934641,-22.46595840109054,0 -46.8707959746121,-22.46590878216545,0 -46.87081233856072,-22.46585986791832,0 -46.8708418487416,-22.46582662077322,0 -46.87102393529827,-22.4657985640985,0 -46.87153948450462,-22.46575967696394,0 -46.87194629558516,-22.46573533892558,0 -46.87246642166824,-22.46573309720273,0 -46.87271649489766,-22.46574854410657,0 -46.8728839023069,-22.46579342598246,0 -46.87304499594287,-22.46587508248201,0 -46.87323476527522,-22.46601335626681,0 -46.87336618810771,-22.46611623894043,0 -46.87354772125975,-22.4662495457246,0 -46.87390253472196,-22.46650992667836,0 -46.87413839986151,-22.46668373229846,0 -46.87449661064021,-22.46694343953809,0 -46.87487059880219,-22.46721182142766,0 -46.87519914890284,-22.46744276375808,0 -46.87541564995737,-22.46759401229264,0 -46.87563023705835,-22.46775477451697,0 -46.87599511625251,-22.46802895452341,0 -46.87634513941117,-22.46828685412588,0 -46.87655435090542,-22.46845273980026,0 -46.87677800333261,-22.46862921440077,0 -46.87698944429491,-22.46875837209597,0 -46.87729105175424,-22.46895988255155,0 -46.87759887202504,-22.46916764786946,0 -46.87803549516104,-22.46953590470533,0 -46.87820740791796,-22.46976296952252,0 -46.87823843569324,-22.46984233867257,0 -46.87820346359127,-22.46987438516493,0 -46.87806605559115,-22.46988357908472,0 -46.87794912108665,-22.46989633113193,0 -46.87766032858024,-22.46978705911696,0 -46.87748316141037,-22.46967522127685,0 -46.87728682284608,-22.46955538025668,0 -46.87718317080359,-22.46954329856961,0 -46.87704356014094,-22.46959111698965,0 -46.87687894942376,-22.46965314751954,0 -46.87679172895437,-22.4696478349265,0 -46.87662572850851,-22.46960673778855,0 -46.87651072424666,-22.46956061751791,0 -46.8763927243269,-22.46949428296975,0 -46.87630454083547,-22.46941747684655,0 -46.87619162911977,-22.46932450604601,0 -46.8761026042145,-22.46928630934887,0 -46.87599336160926,-22.46926353461465,0 -46.87593129476015,-22.46925539775628,0 -46.8758415645926,-22.46926593340557,0 -46.87563963118129,-22.46928663318838,0 -46.87545393248721,-22.46924892784681,0 -46.87524272271808,-22.46918747321519,0 -46.8751067524725,-22.46915172025368,0 -46.87468526082273,-22.46899652701816,0 -46.87418667604948,-22.46882957303306,0 -46.87407017543507,-22.46877334378908,0 -46.87385894113635,-22.46865936651224,0 -46.87369136812918,-22.46855184222307,0 -46.87356873276212,-22.46849505109137,0 -46.8734908901794,-22.46847823759194,0 -46.87336707218327,-22.46848537119337,0 -46.87324436887408,-22.46849945237205,0 -46.87309580605571,-22.46843853257974,0 
						</coordinates>
					</LinearRing>
				</outerBoundaryIs>
			</Polygon>
		</Placemark>
		<Placemark>
			<name>2987</name>
			<styleUrl>#falseColor4</styleUrl>
			<Style id="inline">
				<IconStyle>
					<colorMode>random</colorMode>
				</IconStyle>
				<LineStyle>
					<colorMode>random</colorMode>
				</LineStyle>
				<PolyStyle>
					<colorMode>random</colorMode>
				</PolyStyle>
			</Style>
			<ExtendedData>
				<SchemaData schemaUrl="#S_FKA_DSSSSDDSD">
					<SimpleData name="id_0">2987</SimpleData>
					<SimpleData name="chave">FKA_96</SimpleData>
					<SimpleData name="fundo">10835 - FAZENDA KALUNGA</SimpleData>
					<SimpleData name="descricao">FKA - FAZENDA KALUNGA</SimpleData>
					<SimpleData name="regiao">FKA</SimpleData>
					<SimpleData name="area_quadr">12.1342</SimpleData>
					<SimpleData name="area_parci">12.1342</SimpleData>
					<SimpleData name="quadra">96</SimpleData>
					<SimpleData name="quadra_int">96</SimpleData>
				</SchemaData>
			</ExtendedData>
			<Polygon>
				<outerBoundaryIs>
					<LinearRing>
						<coordinates>
							-46.88525351874006,-22.45909684568716,0 -46.88504010419822,-22.45897215084013,0 -46.88460493684443,-22.4587102020188,0 -46.88428064107615,-22.4584912515239,0 -46.88373814365696,-22.45814576115589,0 -46.88333672466222,-22.45786189989971,0 -46.8830068248799,-22.45763098916424,0 -46.88266766705058,-22.45736981219622,0 -46.88237395666164,-22.45714670382159,0 -46.88205769078726,-22.45691689740567,0 -46.88202523747676,-22.4568831057945,0 -46.88202449133636,-22.45677743985684,0 -46.88204582594813,-22.45669366368554,0 -46.88204525639757,-22.45655066153036,0 -46.88201226212167,-22.45642638834972,0 -46.88206100319587,-22.45635558086268,0 -46.8822243256885,-22.45624989902285,0 -46.88264333661328,-22.45602227019506,0 -46.88312434406281,-22.45574772356883,0 -46.88345001760075,-22.45556547705343,0 -46.88389077157075,-22.45533506021402,0 -46.8843144987168,-22.45510420834418,0 -46.88468508465765,-22.45492080211621,0 -46.88506519505233,-22.45468666126385,0 -46.88541255055711,-22.45449719709811,0 -46.88582961129328,-22.45427717670483,0 -46.88595813298835,-22.45421619285438,0 -46.88600267583302,-22.45423781948486,0 -46.8860141400493,-22.45428008181882,0 -46.88601566388633,-22.45439269909934,0 -46.88600488422901,-22.45460227577123,0 -46.8859921824147,-22.45482073385032,0 -46.88598573055332,-22.45519921254992,0 -46.88598345293337,-22.4553327560474,0 -46.88597643630587,-22.45546825329007,0 -46.88597002329594,-22.45559804844223,0 -46.88594030886403,-22.45586732790132,0 -46.88589279409365,-22.45612922207433,0 -46.88583929863892,-22.45640194343491,0 -46.88579138540518,-22.45668472402579,0 -46.88574172961279,-22.45698967232133,0 -46.88567584862193,-22.45730303642909,0 -46.88562288321848,-22.45761498397726,0 -46.88557871515056,-22.45792303198818,0 -46.88553831873213,-22.45815763327078,0 -46.88547664945157,-22.45848043980147,0 -46.88540814327455,-22.45875080538125,0 -46.88533571984158,-22.45898324984805,0 -46.8852771203067,-22.45908011752135,0 -46.88525351874006,-22.45909684568716,0 
						</coordinates>
					</LinearRing>
				</outerBoundaryIs>
			</Polygon>
		</Placemark>
		<Placemark>
			<name>2988</name>
			<styleUrl>#falseColor4</styleUrl>
			<Style id="inline">
				<IconStyle>
					<colorMode>random</colorMode>
				</IconStyle>
				<LineStyle>
					<colorMode>random</colorMode>
				</LineStyle>
				<PolyStyle>
					<colorMode>random</colorMode>
				</PolyStyle>
			</Style>
			<ExtendedData>
				<SchemaData schemaUrl="#S_FKA_DSSSSDDSD">
					<SimpleData name="id_0">2988</SimpleData>
					<SimpleData name="chave">FKA_23</SimpleData>
					<SimpleData name="fundo">10835 - FAZENDA KALUNGA</SimpleData>
					<SimpleData name="descricao">FKA - FAZENDA KALUNGA</SimpleData>
					<SimpleData name="regiao">FKA</SimpleData>
					<SimpleData name="area_quadr">8.61274</SimpleData>
					<SimpleData name="area_parci">8.61274</SimpleData>
					<SimpleData name="quadra">23</SimpleData>
					<SimpleData name="quadra_int">23</SimpleData>
				</SchemaData>
			</ExtendedData>
			<Polygon>
				<outerBoundaryIs>
					<LinearRing>
						<coordinates>
							-46.86730095415729,-22.46438820772213,0 -46.86706227883215,-22.46451183311482,0 -46.86682571305874,-22.46464049604171,0 -46.8666136274623,-22.46476697694408,0 -46.86646261172624,-22.46487819673072,0 -46.8663889637012,-22.46492018015769,0 -46.86621886414171,-22.4648265979945,0 -46.86606061677509,-22.46475376042946,0 -46.86582369653661,-22.46465272477295,0 -46.86559042593899,-22.46456999732181,0 -46.86523709419986,-22.46446967458137,0 -46.86500352461525,-22.46441542507596,0 -46.86467889923821,-22.46437425099796,0 -46.86443971996376,-22.46435866547748,0 -46.86422444221026,-22.46434849838905,0 -46.86379221698713,-22.46435602524425,0 -46.86366158586139,-22.46436259715806,0 -46.86336227920237,-22.46438187532309,0 -46.86301754161241,-22.46441496628012,0 -46.86283950502133,-22.46444043596728,0 -46.86265620019927,-22.46447925482975,0 -46.86235345990719,-22.46454729538388,0 -46.86199655724203,-22.46463810828024,0 -46.86173685409377,-22.4647170409738,0 -46.8613507255271,-22.46486260955771,0 -46.86110694871599,-22.46496160664451,0 -46.86085397094419,-22.46508538824856,0 -46.86062783686837,-22.46523100732452,0 -46.86051859815523,-22.46531010045806,0 -46.8604103864671,-22.46541512595308,0 -46.86022815121006,-22.46563617255764,0 -46.86014164154785,-22.46578587545361,0 -46.85996264931705,-22.46563796937586,0 -46.85976261052428,-22.46544347952202,0 -46.85976164261722,-22.46542197591204,0 -46.8598086652159,-22.46532335158338,0 -46.86013735028698,-22.46510757694822,0 -46.86037357736432,-22.46495298308879,0 -46.86057137428562,-22.46482667492082,0 -46.86099937983131,-22.46455406749663,0 -46.86139160962037,-22.46430465227821,0 -46.86172844992019,-22.46408814773144,0 -46.86198024544825,-22.46392704410502,0 -46.86234745411111,-22.46369057135044,0 -46.86263844230047,-22.46350749943585,0 -46.86280362420559,-22.46343725064839,0 -46.86298676688114,-22.46338641061834,0 -46.8632916056761,-22.46332277428656,0 -46.86347010989215,-22.46328147911311,0 -46.86372203839693,-22.4632323746291,0 -46.86408005700434,-22.46317445015909,0 -46.86450411324495,-22.46311639426858,0 -46.86492989463965,-22.46308552714161,0 -46.865383559705,-22.46305243803735,0 -46.86562585225153,-22.46304647153899,0 -46.86580934611198,-22.46307282421767,0 -46.86610114736564,-22.46315424148832,0 -46.86641788431965,-22.46331826458868,0 -46.86665688454119,-22.4634730622076,0 -46.86694449606074,-22.46364817864819,0 -46.86725773583517,-22.46385590265876,0 -46.8674971364652,-22.46404043520067,0 -46.8676687985982,-22.46419980762141,0 -46.86763389304997,-22.46423691340873,0 -46.86730095415729,-22.46438820772213,0 
						</coordinates>
					</LinearRing>
				</outerBoundaryIs>
			</Polygon>
		</Placemark>
		<Placemark>
			<name>2989</name>
			<styleUrl>#falseColor4</styleUrl>
			<Style id="inline">
				<IconStyle>
					<colorMode>random</colorMode>
				</IconStyle>
				<LineStyle>
					<colorMode>random</colorMode>
				</LineStyle>
				<PolyStyle>
					<colorMode>random</colorMode>
				</PolyStyle>
			</Style>
			<ExtendedData>
				<SchemaData schemaUrl="#S_FKA_DSSSSDDSD">
					<SimpleData name="id_0">2989</SimpleData>
					<SimpleData name="chave">FKA_52</SimpleData>
					<SimpleData name="fundo">10835 - FAZENDA KALUNGA</SimpleData>
					<SimpleData name="descricao">FKA - FAZENDA KALUNGA</SimpleData>
					<SimpleData name="regiao">FKA</SimpleData>
					<SimpleData name="area_quadr">13.6255</SimpleData>
					<SimpleData name="area_parci">13.6255</SimpleData>
					<SimpleData name="quadra">52</SimpleData>
					<SimpleData name="quadra_int">52</SimpleData>
				</SchemaData>
			</ExtendedData>
			<Polygon>
				<outerBoundaryIs>
					<LinearRing>
						<coordinates>
							-46.86080365162405,-22.48709934214659,0 -46.860624384794,-22.48713684810858,0 -46.8604057477873,-22.4871836674078,0 -46.86031546284286,-22.48684806769458,0 -46.86022258196863,-22.48642011113025,0 -46.86013001480432,-22.48591368538965,0 -46.86000286591185,-22.48536716036549,0 -46.85987034728049,-22.48492827074595,0 -46.85989106834314,-22.48484830057058,0 -46.860041484233,-22.48479214498354,0 -46.8602453511222,-22.4846594379752,0 -46.86046847515896,-22.48443918396607,0 -46.86064259627085,-22.48422076101113,0 -46.86089715892319,-22.48385650112283,0 -46.86109408364793,-22.4835612473571,0 -46.86128758656321,-22.48326476733417,0 -46.86150498032439,-22.48292181781668,0 -46.86166221690107,-22.48266309064909,0 -46.86184379667235,-22.4823408035742,0 -46.86195469459728,-22.48207944753753,0 -46.86200819731782,-22.48185419052121,0 -46.8620286581721,-22.48170398393258,0 -46.86202144284977,-22.48157181507856,0 -46.86198647054474,-22.48140073417034,0 -46.86194575191606,-22.48125819498737,0 -46.86213860525936,-22.48116800979283,0 -46.86255618690558,-22.48102903426217,0 -46.86300219206788,-22.48087707345089,0 -46.86343853788514,-22.48071573134868,0 -46.86360064844622,-22.48066892931713,0 -46.86371830027588,-22.480658077184,0 -46.86382201101423,-22.48067396315769,0 -46.86395394814388,-22.4807129357003,0 -46.86413556402788,-22.48080069082443,0 -46.86425930334414,-22.48088848237546,0 -46.86428109460144,-22.48093948592774,0 -46.8642056719623,-22.4810529940492,0 -46.86409634451217,-22.48117701883185,0 -46.86402115337327,-22.48125698658583,0 -46.86390831685372,-22.4814240812347,0 -46.86383024668132,-22.48154331489041,0 -46.86376199571275,-22.48168394966802,0 -46.86370273066336,-22.48183460508002,0 -46.86368691557548,-22.48202652188507,0 -46.8636927678001,-22.4822093291481,0 -46.8637060658015,-22.48254138761684,0 -46.86370087492092,-22.48281481084704,0 -46.86369662828327,-22.48295533826436,0 -46.86368907384958,-22.48305224175339,0 -46.86365997053371,-22.4831671124092,0 -46.86360983813409,-22.48328792129411,0 -46.86353008010767,-22.48343375134795,0 -46.86340169273031,-22.48360925175395,0 -46.86329248448481,-22.48369151090541,0 -46.86307973763451,-22.48382179305843,0 -46.86292521055242,-22.48392672335476,0 -46.86279583968592,-22.48402883160642,0 -46.86264635731262,-22.48415458526483,0 -46.86255764053437,-22.48424166940972,0 -46.86244437671257,-22.48437712888042,0 -46.86232491400483,-22.48455822046513,0 -46.86223944136824,-22.48473512249865,0 -46.86221299216208,-22.48484490000573,0 -46.86216923577914,-22.48503524124408,0 -46.86212780959664,-22.48524707025242,0 -46.86208971972422,-22.4854537984188,0 -46.8620509150732,-22.48565800369511,0 -46.8620185413049,-22.4857830364829,0 -46.86197095706071,-22.48594178263752,0 -46.86192848076763,-22.48607515834789,0 -46.86186798961518,-22.48618532912737,0 -46.86177001511263,-22.48634402463329,0 -46.86169244368505,-22.4864499631888,0 -46.86157921966078,-22.48658858563338,0 -46.86147138284057,-22.48672271628083,0 -46.861378688776,-22.48681807203912,0 -46.86128050559967,-22.48691032722337,0 -46.86113207590511,-22.48701328724746,0 -46.86101244808605,-22.48708047853211,0 -46.86093523898555,-22.4871117438853,0 -46.86089777611685,-22.48711091093889,0 -46.86080365162405,-22.48709934214659,0 
						</coordinates>
					</LinearRing>
				</outerBoundaryIs>
			</Polygon>
		</Placemark>
		<Placemark>
			<name>2990</name>
			<styleUrl>#falseColor4</styleUrl>
			<Style id="inline">
				<IconStyle>
					<colorMode>random</colorMode>
				</IconStyle>
				<LineStyle>
					<colorMode>random</colorMode>
				</LineStyle>
				<PolyStyle>
					<colorMode>random</colorMode>
				</PolyStyle>
			</Style>
			<ExtendedData>
				<SchemaData schemaUrl="#S_FKA_DSSSSDDSD">
					<SimpleData name="id_0">2990</SimpleData>
					<SimpleData name="chave">FKA_53</SimpleData>
					<SimpleData name="fundo">10835 - FAZENDA KALUNGA</SimpleData>
					<SimpleData name="descricao">FKA - FAZENDA KALUNGA</SimpleData>
					<SimpleData name="regiao">FKA</SimpleData>
					<SimpleData name="area_quadr">22.1897</SimpleData>
					<SimpleData name="area_parci">22.1897</SimpleData>
					<SimpleData name="quadra">53</SimpleData>
					<SimpleData name="quadra_int">53</SimpleData>
				</SchemaData>
			</ExtendedData>
			<Polygon>
				<outerBoundaryIs>
					<LinearRing>
						<coordinates>
							-46.85986068447681,-22.48496951335267,0 -46.85998809473836,-22.4854337733749,0 -46.86010505242484,-22.48593105874077,0 -46.86018850233484,-22.48636671772931,0 -46.86027460854671,-22.48679728367363,0 -46.86037096594546,-22.4871796394587,0 -46.86046326449678,-22.48766581885275,0 -46.86057138827181,-22.48821509396934,0 -46.86081614980714,-22.48930698659837,0 -46.8606215333357,-22.48926620456586,0 -46.86003142157006,-22.48913380473446,0 -46.85934491028285,-22.48892151847469,0 -46.85878526511183,-22.48882672952158,0 -46.85802664502165,-22.48872157731696,0 -46.85739451725442,-22.48870608470427,0 -46.85614952776989,-22.48869005695898,0 -46.85550919589033,-22.4886721202762,0 -46.85550501056025,-22.48800078157764,0 -46.85553022879691,-22.48769612068275,0 -46.85554411736943,-22.48740994106103,0 -46.85555536351887,-22.4872319984296,0 -46.85554824142656,-22.48700427713108,0 -46.85555186090949,-22.48676504197426,0 -46.85555759635361,-22.48648022178273,0 -46.85557513970508,-22.4861617279085,0 -46.85557655645578,-22.48591049514194,0 -46.85558509962999,-22.4856319704687,0 -46.85560170309469,-22.48534512674718,0 -46.85561380225262,-22.48507795128279,0 -46.85561514667392,-22.48471914551352,0 -46.85561925447768,-22.48466974082004,0 -46.85593694170708,-22.48454458747367,0 -46.85612232010664,-22.48455700662404,0 -46.85656965848032,-22.48460564075884,0 -46.85691399835383,-22.48464090634391,0 -46.85715394418052,-22.48466028898554,0 -46.85752957685381,-22.48469329426371,0 -46.85787662343682,-22.48472726099192,0 -46.85820460703252,-22.48476144676534,0 -46.85851539268787,-22.48478254167917,0 -46.85881329341797,-22.48480758132191,0 -46.8590416486504,-22.48482582923187,0 -46.85935797402943,-22.48485381924704,0 -46.85971766092851,-22.48486548860618,0 -46.85979549478455,-22.48488104284142,0 -46.85983137115065,-22.48491606483332,0 -46.85986068447681,-22.48496951335267,0 
						</coordinates>
					</LinearRing>
				</outerBoundaryIs>
			</Polygon>
		</Placemark>
		<Placemark>
			<name>2991</name>
			<styleUrl>#falseColor4</styleUrl>
			<Style id="inline">
				<IconStyle>
					<colorMode>random</colorMode>
				</IconStyle>
				<LineStyle>
					<colorMode>random</colorMode>
				</LineStyle>
				<PolyStyle>
					<colorMode>random</colorMode>
				</PolyStyle>
			</Style>
			<ExtendedData>
				<SchemaData schemaUrl="#S_FKA_DSSSSDDSD">
					<SimpleData name="id_0">2991</SimpleData>
					<SimpleData name="chave">FKA_97</SimpleData>
					<SimpleData name="fundo">10835 - FAZENDA KALUNGA</SimpleData>
					<SimpleData name="descricao">FKA - FAZENDA KALUNGA</SimpleData>
					<SimpleData name="regiao">FKA</SimpleData>
					<SimpleData name="area_quadr">6.47178</SimpleData>
					<SimpleData name="area_parci">6.47178</SimpleData>
					<SimpleData name="quadra">97</SimpleData>
					<SimpleData name="quadra_int">97</SimpleData>
				</SchemaData>
			</ExtendedData>
			<Polygon>
				<outerBoundaryIs>
					<LinearRing>
						<coordinates>
							-46.88643362540325,-22.48480239543727,0 -46.88644642224747,-22.48494272262122,0 -46.88650327818977,-22.4850179905692,0 -46.8866404018104,-22.4850872565846,0 -46.88676606640563,-22.4851148932159,0 -46.88690584487824,-22.48517906567651,0 -46.8870375847282,-22.4853534356834,0 -46.8872565664634,-22.48563435630964,0 -46.88732043723832,-22.48572472846414,0 -46.88732024249639,-22.48581078867494,0 -46.88729519506699,-22.48587182879118,0 -46.88714096352368,-22.48594703734177,0 -46.88681787130603,-22.48602295738956,0 -46.88658389221908,-22.48604214902022,0 -46.88625389500961,-22.48601057634587,0 -46.8859151793319,-22.48593860714565,0 -46.88556645243356,-22.48583131870674,0 -46.88506043488676,-22.48567398154122,0 -46.88467314570363,-22.48543425844557,0 -46.88440463737942,-22.48531717027243,0 -46.88426373795829,-22.4852707265211,0 -46.88399684042775,-22.48527258139578,0 -46.88360027925349,-22.48525317134087,0 -46.8834405055967,-22.48522086861262,0 -46.88319698740298,-22.48513892195424,0 -46.88283761078531,-22.48504946964982,0 -46.88257196472802,-22.4849424693256,0 -46.88237776672938,-22.48478148046853,0 -46.88195391839869,-22.48445611928809,0 -46.88183895278152,-22.4843131878423,0 -46.88181412844785,-22.48418945274737,0 -46.8818506215077,-22.48396755347437,0 -46.88190057671054,-22.48373410694896,0 -46.88193076477631,-22.48365022742128,0 -46.88198193456305,-22.48350662151625,0 -46.88201859561804,-22.4834986000394,0 -46.88217426507737,-22.48352968668754,0 -46.88243740733899,-22.48365316938892,0 -46.88292408631261,-22.48389173722843,0 -46.88356421062209,-22.48419811596967,0 -46.88378350919839,-22.48430185978305,0 -46.88395713789021,-22.48435171810036,0 -46.88418228579005,-22.48438452162072,0 -46.8848061595391,-22.48449618898604,0 -46.88560611259265,-22.48463743274334,0 -46.88608764151571,-22.48469634142504,0 -46.88638711378783,-22.48468650850294,0 -46.88640269197131,-22.48473062069981,0 -46.88643362540325,-22.48480239543727,0 
						</coordinates>
					</LinearRing>
				</outerBoundaryIs>
			</Polygon>
		</Placemark>
		<Placemark>
			<name>2992</name>
			<styleUrl>#falseColor4</styleUrl>
			<Style id="inline">
				<IconStyle>
					<colorMode>random</colorMode>
				</IconStyle>
				<LineStyle>
					<colorMode>random</colorMode>
				</LineStyle>
				<PolyStyle>
					<colorMode>random</colorMode>
				</PolyStyle>
			</Style>
			<ExtendedData>
				<SchemaData schemaUrl="#S_FKA_DSSSSDDSD">
					<SimpleData name="id_0">2992</SimpleData>
					<SimpleData name="chave">FKA_98</SimpleData>
					<SimpleData name="fundo">10835 - FAZENDA KALUNGA</SimpleData>
					<SimpleData name="descricao">FKA - FAZENDA KALUNGA</SimpleData>
					<SimpleData name="regiao">FKA</SimpleData>
					<SimpleData name="area_quadr">14.4889</SimpleData>
					<SimpleData name="area_parci">14.4889</SimpleData>
					<SimpleData name="quadra">98</SimpleData>
					<SimpleData name="quadra_int">98</SimpleData>
				</SchemaData>
			</ExtendedData>
			<Polygon>
				<outerBoundaryIs>
					<LinearRing>
						<coordinates>
							-46.89455972979393,-22.4742953492385,0 -46.89434634238819,-22.47372456000488,0 -46.89416489121087,-22.47319895515739,0 -46.89393024361417,-22.47246642369624,0 -46.8934627114349,-22.47113042522135,0 -46.89335324680012,-22.47089125492249,0 -46.89325067599781,-22.47065833135721,0 -46.89328269796955,-22.47060986418811,0 -46.8935834850601,-22.47049875964782,0 -46.89385561169473,-22.47038292898802,0 -46.89422734962146,-22.47028237991713,0 -46.89487281449725,-22.47008369669888,0 -46.8951750293272,-22.46997763476134,0 -46.89534838565959,-22.46990852260956,0 -46.89570207736966,-22.4697828712782,0 -46.89603027937298,-22.46968536116148,0 -46.89613011478668,-22.46971709160707,0 -46.89620668409261,-22.46984021559164,0 -46.89641946865794,-22.47036671516596,0 -46.8966343231146,-22.47084509889621,0 -46.8967993038739,-22.47126079122978,0 -46.89692138993666,-22.47152638697648,0 -46.89697953773668,-22.47159657390651,0 -46.89705171440192,-22.4717969478803,0 -46.89719644800764,-22.47232551221646,0 -46.8973006136153,-22.47287480261642,0 -46.89735790273553,-22.47338161570824,0 -46.89738106726055,-22.47368254500628,0 -46.89730521918224,-22.47371254539581,0 -46.896579016441,-22.47388308112819,0 -46.89597908805752,-22.4740268175864,0 -46.89532947105457,-22.47422175825943,0 -46.89481843438494,-22.47439355323323,0 -46.89464746824994,-22.47443859146869,0 -46.8945991263628,-22.47438853736941,0 -46.89455972979393,-22.4742953492385,0 
						</coordinates>
					</LinearRing>
				</outerBoundaryIs>
			</Polygon>
		</Placemark>
		<Placemark>
			<name>2993</name>
			<styleUrl>#falseColor4</styleUrl>
			<Style id="inline">
				<IconStyle>
					<colorMode>random</colorMode>
				</IconStyle>
				<LineStyle>
					<colorMode>random</colorMode>
				</LineStyle>
				<PolyStyle>
					<colorMode>random</colorMode>
				</PolyStyle>
			</Style>
			<ExtendedData>
				<SchemaData schemaUrl="#S_FKA_DSSSSDDSD">
					<SimpleData name="id_0">2993</SimpleData>
					<SimpleData name="chave">FKA_55</SimpleData>
					<SimpleData name="fundo">10835 - FAZENDA KALUNGA</SimpleData>
					<SimpleData name="descricao">FKA - FAZENDA KALUNGA</SimpleData>
					<SimpleData name="regiao">FKA</SimpleData>
					<SimpleData name="area_quadr">21.9439</SimpleData>
					<SimpleData name="area_parci">21.9439</SimpleData>
					<SimpleData name="quadra">55</SimpleData>
					<SimpleData name="quadra_int">55</SimpleData>
				</SchemaData>
			</ExtendedData>
			<Polygon>
				<outerBoundaryIs>
					<LinearRing>
						<coordinates>
							-46.85815339928794,-22.49323399656334,0 -46.85807731366541,-22.49332871396762,0 -46.85804070067048,-22.49339472010723,0 -46.85803189241451,-22.4934315505078,0 -46.85803239343659,-22.49346906328407,0 -46.85803503700726,-22.49349833741423,0 -46.85806483912407,-22.49359966916754,0 -46.85813646872446,-22.49370488248579,0 -46.85828510280891,-22.49381808474146,0 -46.85840619056958,-22.49394898284606,0 -46.85853602505237,-22.49414065494455,0 -46.85866096014907,-22.49427144631361,0 -46.85876868060887,-22.49441569690558,0 -46.85891155785742,-22.49458236959808,0 -46.85904621297431,-22.49471229655658,0 -46.85912885415744,-22.49476543719653,0 -46.85922341165539,-22.49482245099972,0 -46.85925153208361,-22.49485338955986,0 -46.85927242376897,-22.49488360899076,0 -46.85930637072042,-22.49493914146294,0 -46.85932751611312,-22.49499023599508,0 -46.85935179128906,-22.49508885971641,0 -46.85937032945631,-22.49522110611175,0 -46.85937039434581,-22.49538292845955,0 -46.85934366116228,-22.49558656013031,0 -46.85926323751568,-22.4959000223703,0 -46.85915045529421,-22.49634457811447,0 -46.85907993717932,-22.49661296213448,0 -46.8590437647401,-22.4967262173314,0 -46.85899965231147,-22.4968088489851,0 -46.85887883858697,-22.49693761315623,0 -46.85870870285774,-22.49704260079093,0 -46.85833097656518,-22.49722357643169,0 -46.85807309279304,-22.49731266774262,0 -46.8578996961641,-22.49734970959486,0 -46.85773446754302,-22.49735939505172,0 -46.8575514763293,-22.49734783563639,0 -46.85733383454664,-22.49731507411616,0 -46.857053811858,-22.4972534435297,0 -46.85665176501683,-22.49715562584213,0 -46.85632628985309,-22.49708448115008,0 -46.85606951727532,-22.49702649601952,0 -46.85591773045923,-22.4969814169737,0 -46.85582124181895,-22.49693796859709,0 -46.85570921310988,-22.49687299556559,0 -46.85557491807685,-22.49677839650139,0 -46.85541717158168,-22.49666641391858,0 -46.85532692517833,-22.49658651236157,0 -46.8552895739229,-22.49652840887779,0 -46.85526207889303,-22.49646399344666,0 -46.85525123683056,-22.49640959575269,0 -46.85525510959823,-22.49612403956761,0 -46.85530455622222,-22.49500585729706,0 -46.8553419691035,-22.49367740996484,0 -46.85536996892686,-22.4925974674772,0 -46.85539745980878,-22.49179728118122,0 -46.85540261010402,-22.49162384001714,0 -46.85579334865673,-22.49163230383175,0 -46.85673964672869,-22.49168444735721,0 -46.8574566193913,-22.49169983034524,0 -46.85811421189594,-22.49172377164286,0 -46.85913677819506,-22.49174351003814,0 -46.8592979913855,-22.49174164973355,0 -46.85937465301354,-22.49174210904977,0 -46.85920465041588,-22.49194132857025,0 -46.85890826757895,-22.49229349569817,0 -46.85852830458067,-22.49274325123864,0 -46.85832751630678,-22.49299254065925,0 -46.85821914484931,-22.49316240164675,0 -46.85815339928794,-22.49323399656334,0 
						</coordinates>
					</LinearRing>
				</outerBoundaryIs>
			</Polygon>
		</Placemark>
		<Placemark>
			<name>2994</name>
			<styleUrl>#falseColor4</styleUrl>
			<Style id="inline">
				<IconStyle>
					<colorMode>random</colorMode>
				</IconStyle>
				<LineStyle>
					<colorMode>random</colorMode>
				</LineStyle>
				<PolyStyle>
					<colorMode>random</colorMode>
				</PolyStyle>
			</Style>
			<ExtendedData>
				<SchemaData schemaUrl="#S_FKA_DSSSSDDSD">
					<SimpleData name="id_0">2994</SimpleData>
					<SimpleData name="chave">FKA_54</SimpleData>
					<SimpleData name="fundo">10835 - FAZENDA KALUNGA</SimpleData>
					<SimpleData name="descricao">FKA - FAZENDA KALUNGA</SimpleData>
					<SimpleData name="regiao">FKA</SimpleData>
					<SimpleData name="area_quadr">14.7474</SimpleData>
					<SimpleData name="area_parci">10.3507</SimpleData>
					<SimpleData name="quadra">54</SimpleData>
					<SimpleData name="quadra_int">54</SimpleData>
				</SchemaData>
			</ExtendedData>
			<Polygon>
				<outerBoundaryIs>
					<LinearRing>
						<coordinates>
							-46.85542672405335,-22.49081178127016,0 -46.85544812907811,-22.48987409329527,0 -46.85546284188592,-22.48970660622038,0 -46.85546764949449,-22.48960303284391,0 -46.85549421696287,-22.48955763625748,0 -46.85551998188581,-22.48953133777175,0 -46.85555530380076,-22.48951878084427,0 -46.85579865759604,-22.48948668454193,0 -46.85621472757003,-22.48946028473529,0 -46.85656163018842,-22.48947004240393,0 -46.85694314259313,-22.48949123186955,0 -46.85746498548667,-22.48953247749237,0 -46.85789316527817,-22.48957082403809,0 -46.85829976846274,-22.48963486783641,0 -46.85867280260327,-22.48973458065213,0 -46.8591209107682,-22.48989830434721,0 -46.85951069287458,-22.49009238451455,0 -46.85997380859035,-22.49032734929932,0 -46.86029893691398,-22.49049533017947,0 -46.86035413312784,-22.49051714193894,0 -46.86040942101851,-22.49052879923318,0 -46.86044255855853,-22.4905319651518,0 -46.86029279823158,-22.49071122136184,0 -46.85995908707119,-22.49110287939998,0 -46.85955978227704,-22.49152516235978,0 -46.85939765276527,-22.4917151564686,0 -46.85929790436131,-22.49171455883424,0 -46.85913689991153,-22.4917164167283,0 -46.85811508535329,-22.49169669282953,0 -46.85745752655523,-22.49167275274933,0 -46.85674084639043,-22.49165737602923,0 -46.85579455157563,-22.49160523266752,0 -46.85540341423296,-22.49159676021035,0 -46.85542672405335,-22.49081178127016,0 
						</coordinates>
					</LinearRing>
				</outerBoundaryIs>
			</Polygon>
		</Placemark>
		<Placemark>
			<name>2995</name>
			<styleUrl>#falseColor4</styleUrl>
			<Style id="inline">
				<IconStyle>
					<colorMode>random</colorMode>
				</IconStyle>
				<LineStyle>
					<colorMode>random</colorMode>
				</LineStyle>
				<PolyStyle>
					<colorMode>random</colorMode>
				</PolyStyle>
			</Style>
			<ExtendedData>
				<SchemaData schemaUrl="#S_FKA_DSSSSDDSD">
					<SimpleData name="id_0">2995</SimpleData>
					<SimpleData name="chave">FKA_54</SimpleData>
					<SimpleData name="fundo">10835 - FAZENDA KALUNGA</SimpleData>
					<SimpleData name="descricao">FKA - FAZENDA KALUNGA</SimpleData>
					<SimpleData name="regiao">FKA</SimpleData>
					<SimpleData name="area_quadr">14.7474</SimpleData>
					<SimpleData name="area_parci">4.3967</SimpleData>
					<SimpleData name="quadra">54</SimpleData>
					<SimpleData name="quadra_int">54</SimpleData>
				</SchemaData>
			</ExtendedData>
			<Polygon>
				<outerBoundaryIs>
					<LinearRing>
						<coordinates>
							-46.86051836499119,-22.49053363490174,0 -46.86055785549601,-22.49054232612157,0 -46.86060112036466,-22.49056000134371,0 -46.86063298922948,-22.49058888876183,0 -46.86068359460678,-22.49064619598701,0 -46.86078233307791,-22.49078978834692,0 -46.86088425365705,-22.49096193535714,0 -46.86093801778702,-22.4910416254339,0 -46.86095857580619,-22.49108411179895,0 -46.86096756866301,-22.49114134734039,0 -46.86097423953612,-22.4911794400748,0 -46.86096631089364,-22.49137047938089,0 -46.86093121455762,-22.49158236659929,0 -46.86085690538459,-22.4918739276103,0 -46.86068629053725,-22.49241088666406,0 -46.86051828039026,-22.49281165533471,0 -46.86042606807146,-22.49298248717698,0 -46.86032322074886,-22.49310997523713,0 -46.86021360946341,-22.49321045393841,0 -46.86007928741423,-22.4933070022432,0 -46.85996329493025,-22.49335284405725,0 -46.85984225279352,-22.49339319949224,0 -46.85975501190687,-22.49340968704093,0 -46.85970056191463,-22.49341594610445,0 -46.85961293418408,-22.49340184094387,0 -46.85947638555759,-22.49334904078549,0 -46.85929069858145,-22.49326249100461,0 -46.85909560087418,-22.49318941673611,0 -46.85890260516695,-22.49313605528817,0 -46.85869702947568,-22.49310268676988,0 -46.8585366267462,-22.4930926229822,0 -46.85837116159252,-22.49309253482684,0 -46.858302234863,-22.49310783554791,0 -46.85828151530966,-22.49311776287181,0 -46.85835179432929,-22.49300760773588,0 -46.85855144265844,-22.49275973356027,0 -46.85893121483409,-22.49231020379722,0 -46.85922755376358,-22.49195808876635,0 -46.85958216728874,-22.49154252989021,0 -46.85998147909672,-22.49112023943137,0 -46.86031574006891,-22.49072793602961,0 -46.86047767716735,-22.49053410471893,0 -46.86051836499119,-22.49053363490174,0 
						</coordinates>
					</LinearRing>
				</outerBoundaryIs>
			</Polygon>
		</Placemark>
		<Placemark>
			<name>2996</name>
			<styleUrl>#falseColor4</styleUrl>
			<Style id="inline">
				<IconStyle>
					<colorMode>random</colorMode>
				</IconStyle>
				<LineStyle>
					<colorMode>random</colorMode>
				</LineStyle>
				<PolyStyle>
					<colorMode>random</colorMode>
				</PolyStyle>
			</Style>
			<ExtendedData>
				<SchemaData schemaUrl="#S_FKA_DSSSSDDSD">
					<SimpleData name="id_0">2996</SimpleData>
					<SimpleData name="chave">FKA_58</SimpleData>
					<SimpleData name="fundo">10835 - FAZENDA KALUNGA</SimpleData>
					<SimpleData name="descricao">FKA - FAZENDA KALUNGA</SimpleData>
					<SimpleData name="regiao">FKA</SimpleData>
					<SimpleData name="area_quadr">51.1116</SimpleData>
					<SimpleData name="area_parci">30.5604</SimpleData>
					<SimpleData name="quadra">58</SimpleData>
					<SimpleData name="quadra_int">58</SimpleData>
				</SchemaData>
			</ExtendedData>
			<Polygon>
				<outerBoundaryIs>
					<LinearRing>
						<coordinates>
							-46.86367179422954,-22.49882122953309,0 -46.86365830720782,-22.49883884965456,0 -46.86364326128165,-22.4988592738012,0 -46.86362515062558,-22.49888450922677,0 -46.86354107224073,-22.49902286932547,0 -46.86347969380046,-22.49912496635192,0 -46.86345084584715,-22.49917353702071,0 -46.86342374852399,-22.49921957943337,0 -46.86339685315303,-22.49926572324232,0 -46.86337093352447,-22.49931065204208,0 -46.86333694721828,-22.49937028130693,0 -46.86330407628817,-22.49942877715156,0 -46.8632723076281,-22.49948613755091,0 -46.86324090096695,-22.49954370033291,0 -46.86321417462834,-22.49959340112237,0 -46.86318844325252,-22.49964192030952,0 -46.86316791234962,-22.49968111057172,0 -46.86312011302352,-22.49977304618802,0 -46.86309744605604,-22.49981612290589,0 -46.86307444338023,-22.49985895053961,0 -46.86305317087466,-22.4998974694094,0 -46.8630389534517,-22.49992251968542,0 -46.86302447418967,-22.49994739950588,0 -46.86301048485138,-22.49997079504083,0 -46.86299620144068,-22.49999400369614,0 -46.86298241559202,-22.50001573654755,0 -46.86296915012422,-22.50003602142348,0 -46.86295474624837,-22.5000574054868,0 -46.86293916752026,-22.50007987077779,0 -46.86291611308982,-22.50011202743233,0 -46.86289062298001,-22.5001463131697,0 -46.86286358476003,-22.50018149969403,0 -46.86283503552386,-22.50021760731329,0 -46.86280600380517,-22.50025347666514,0 -46.86277265275069,-22.50029391618327,0 -46.86274195553326,-22.50033066170414,0 -46.86265934803012,-22.50042897836235,0 -46.86260400997259,-22.50049559331017,0 -46.86254135690919,-22.50057200917752,0 -46.86247436729997,-22.50065466492867,0 -46.86238472908434,-22.50076638162368,0 -46.86221301632409,-22.50098176381347,0 -46.86205049072233,-22.50118508867815,0 -46.8620131773043,-22.5012322150208,0 -46.86197892125056,-22.50127586047791,0 -46.86194678211217,-22.50131723808856,0 -46.86191676382343,-22.50135634568161,0 -46.86189349186146,-22.50138702399873,0 -46.86187039695282,-22.5014178241773,0 -46.86184840880767,-22.50144751698452,0 -46.86182752029941,-22.50147609680133,0 -46.8618068278399,-22.50150480867527,0 -46.86178633790997,-22.50153364990523,0 -46.86176693258237,-22.50156135357113,0 -46.86174597036436,-22.50159169488887,0 -46.86172434223971,-22.50162341715097,0 -46.86170205261922,-22.50165651948588,0 -46.86167910188315,-22.50169099795508,0 -46.86165464566809,-22.50172812697064,0 -46.86161037083218,-22.50179616986892,0 -46.861535151368,-22.50191317343947,0 -46.86151855280064,-22.50193860551196,0 -46.8615075542918,-22.50195491677332,0 -46.86149716847125,-22.50196976881418,0 -46.86148739271551,-22.50198317637964,0 -46.86147824876164,-22.50199516962467,0 -46.86147073049408,-22.5020046165449,0 -46.86146398708853,-22.50201276604801,0 -46.8614560739843,-22.50202193767985,0 -46.86144895446823,-22.50202983115168,0 -46.86144057640956,-22.50203869300111,0 -46.86143302894089,-22.50204628978202,0 -46.86142657116272,-22.50205238788089,0 -46.86142123435136,-22.50205691688098,0 -46.86141699114206,-22.50206008290519,0 -46.86141277115676,-22.50206277779418,0 -46.86140846989917,-22.50206502570583,0 -46.86140392911818,-22.50206692487967,0 -46.86139914309749,-22.50206849033713,0 -46.86139411403661,-22.50206973137293,0 -46.86138885118975,-22.50207065466447,0 -46.86138336628809,-22.5020712645635,0 -46.86137477378433,-22.50207161175993,0 -46.86136582100457,-22.50207131271241,0 -46.86135659559262,-22.50207040672692,0 -46.86134561162067,-22.50206864506325,0 -46.86133453389851,-22.50206622247126,0 -46.86132350786292,-22.50206324406858,0 -46.8613111662906,-22.50205930047225,0 -46.86129921564736,-22.50205488721145,0 -46.86128763725367,-22.50205004284086,0 -46.86127640047809,-22.50204480015418,0 -46.86126546248585,-22.50203918592853,0 -46.86125478679443,-22.50203322941451,0 -46.86124433755503,-22.50202695932468,0 -46.86123281066315,-22.50201956937502,0 -46.86122023093615,-22.50201099539441,0 -46.8612078280139,-22.50200210095057,0 -46.86118941199509,-22.50198829765326,0 -46.8610969269059,-22.50191718336009,0 -46.86100234238239,-22.50184521214902,0 -46.86091346139916,-22.50177807929642,0 -46.86070366277508,-22.50162014800348,0 -46.86059465436264,-22.50153761623645,0 -46.86049236663953,-22.50145956529411,0 -46.86023734250069,-22.50126420744491,0 -46.86016503916289,-22.50120912587516,0 -46.86010004619317,-22.50115989949645,0 -46.86003232450323,-22.50110898335327,0 -46.85996181787885,-22.50105644293185,0 -46.85973693781218,-22.50089029767914,0 -46.8596625630934,-22.50083513355969,0 -46.859594746625,-22.50078443135485,0 -46.85953350506981,-22.50073816897748,0 -46.85946519288034,-22.50068586615115,0 -46.85940234441801,-22.50063693111127,0 -46.85934855671952,-22.500594314662,0 -46.85923033989818,-22.50049956309836,0 -46.85919584936448,-22.50047238642681,0 -46.8591635095334,-22.50044736937373,0 -46.8591295160925,-22.50042169441263,0 -46.85909758895356,-22.50039826916651,0 -46.85906776635546,-22.50037707254595,0 -46.85901437895092,-22.50034011001805,0 -46.85899924788412,-22.50032918830823,0 -46.85898696617369,-22.50031991792731,0 -46.858975051153,-22.5003104345816,0 -46.8589635674636,-22.50030068261373,0 -46.85895258266104,-22.50029060934511,0 -46.85894316767978,-22.50028122054561,0 -46.85893518942888,-22.5002725701688,0 -46.8589275706703,-22.5002635997347,0 -46.85892029725023,-22.50025432054013,0 -46.85891252495171,-22.50024354065703,0 -46.85890597889045,-22.5002336809079,0 -46.85889901973025,-22.50022230723098,0 -46.85889319138851,-22.50021197376486,0 -46.85888703378143,-22.50020012832909,0 -46.85888129576387,-22.50018808266946,0 -46.85887597740919,-22.50017587459255,0 -46.85887107070641,-22.50016353328511,0 -46.85886654847657,-22.50015106776712,0 -46.85886238297761,-22.50013848646761,0 -46.85885813916183,-22.50012438163531,0 -46.85885425719866,-22.5001101530778,0 -46.85885035019598,-22.50009437025673,0 -46.85884645463577,-22.50007701194516,0 -46.85884286715568,-22.50005952493984,0 -46.85883923822711,-22.5000404579354,0 -46.85883473334613,-22.50001537213407,0 -46.85876025604783,-22.49958957957176,0 -46.85871871494388,-22.499349796925,0 -46.85870709992331,-22.49928156888166,0 -46.85869992730226,-22.49923709572215,0 -46.85869397297601,-22.49919708884472,0 -46.85868903468343,-22.49916006392229,0 -46.85868509659306,-22.49912601852429,0 -46.85868197011252,-22.49909347060355,0 -46.85867956125881,-22.49906094096665,0 -46.85867807288361,-22.49903138808669,0 -46.85867731372263,-22.49900184561375,0 -46.85867732236084,-22.49897229413987,0 -46.85867760970399,-22.49895751250409,0 -46.85867813768203,-22.49894124934425,0 -46.8586797464148,-22.49891019570927,0 -46.85868089537906,-22.49889392863872,0 -46.85868224912568,-22.498877662479,0 -46.85868538608599,-22.49884661567477,0 -46.8586894217573,-22.49881410748977,0 -46.85869418909277,-22.49878162598111,0 -46.85869991682047,-22.49874770681401,0 -46.85870319356564,-22.49873002918847,0 -46.85870695771171,-22.49871089573631,0 -46.85871093752393,-22.49869178222026,0 -46.85871512556545,-22.49867269062623,0 -46.85871951439924,-22.49865362294012,0 -46.85872409658839,-22.49863458114782,0 -46.85872886469602,-22.49861556723525,0 -46.85873419897152,-22.49859512417091,0 -46.85874545135752,-22.49855435187461,0 -46.85875786004734,-22.49851230110994,0 -46.85877141953028,-22.4984690214489,0 -46.85878519461943,-22.49842742003207,0 -46.85879962452722,-22.49838605516342,0 -46.8588147079048,-22.49834493165131,0 -46.85883044340341,-22.4983040543039,0 -46.85884682967419,-22.4982634279294,0 -46.85886386536828,-22.49822305733611,0 -46.85888154913699,-22.49818294733217,0 -46.85889987963145,-22.49814310272579,0 -46.85891885550291,-22.49810352832524,0 -46.85893504677255,-22.49807098486547,0 -46.8589509766073,-22.49803997665301,0 -46.85896802947205,-22.49800780995309,0 -46.85898478359721,-22.49797716781033,0 -46.85900269512513,-22.49794538832203,0 -46.85902027076573,-22.49791512221623,0 -46.85903824762659,-22.49788504346316,0 -46.85905662510947,-22.49785515436582,0 -46.85907375390183,-22.49782803194119,0 -46.85909037661903,-22.49780235149844,0 -46.85910730095105,-22.49777681939013,0 -46.85912452664876,-22.49775143710836,0 -46.85913853179894,-22.49773122988842,0 -46.85915448961729,-22.49770857018351,0 -46.85920837488066,-22.49763317150345,0 -46.85922804311172,-22.49760540522629,0 -46.85924832958349,-22.49757620762076,0 -46.8592656257266,-22.49755062502941,0 -46.85928415790467,-22.49752221973644,0 -46.85930124756658,-22.49749479316034,0 -46.85930914503011,-22.49748160992724,0 -46.85931687014101,-22.49746833955811,0 -46.85932441030517,-22.49745497633936,0 -46.85933102785552,-22.49744286534158,0 -46.85933818162351,-22.49742931005005,0 -46.85934511348795,-22.49741564549918,0 -46.85935181035688,-22.49740186589808,0 -46.85935825355603,-22.49738796536418,0 -46.8593644418408,-22.49737395515706,0 -46.85937038101994,-22.49735985158093,0 -46.85937608138844,-22.49734566938955,0 -46.85938210741816,-22.49732998827031,0 -46.85939250100351,-22.4973012996162,0 -46.85940327064458,-22.49726955347426,0 -46.85941310331609,-22.49723915335062,0 -46.85943822063916,-22.49715971287563,0 -46.85944571637242,-22.49713681157693,0 -46.85945246712996,-22.49711690473367,0 -46.85946047643693,-22.49709433840661,0 -46.85946834010662,-22.49707339266403,0 -46.8594760505066,-22.4970540544649,0 -46.85948417508313,-22.49703495000563,0 -46.85949403826584,-22.49701341453309,0 -46.85950457727671,-22.4969921831465,0 -46.85951577211414,-22.49697122194404,0 -46.85952834440184,-22.49694922878115,0 -46.85954157192921,-22.49692750412214,0 -46.85955624244451,-22.49690477405967,0 -46.85957154516828,-22.49688230319102,0 -46.85958742746941,-22.49686007019616,0 -46.85959922835576,-22.49684414903231,0 -46.85961128332605,-22.49682833280604,0 -46.85962357201635,-22.49681261342596,0 -46.85963704401201,-22.4967957838889,0 -46.85965172398283,-22.49677785498626,0 -46.85966662752796,-22.4967600202169,0 -46.85968273582473,-22.49674108621375,0 -46.85970004814748,-22.49672105379798,0 -46.85973717511254,-22.4966788324802,0 -46.85994471056487,-22.49644504839018,0 -46.86001148192261,-22.49637027297116,0 -46.86007014911933,-22.49630514942664,0 -46.86011042103641,-22.49626086330601,0 -46.86014980870598,-22.49621794462484,0 -46.86019041762524,-22.49617412189482,0 -46.86023329853157,-22.49612824424508,0 -46.86031533139305,-22.49604130073659,0 -46.86051145309779,-22.4958347475181,0 -46.86056356391146,-22.49577945094428,0 -46.86061141474169,-22.49572828411328,0 -46.86066028964655,-22.4956755168559,0 -46.8607059119089,-22.49562569458061,0 -46.86074932799875,-22.49557767946217,0 -46.86079053058233,-22.49553148762662,0 -46.86081995322144,-22.49549788575601,0 -46.86084473934079,-22.4954686744729,0 -46.86086584489991,-22.49544274157483,0 -46.86087564088353,-22.49543025398367,0 -46.8608852423014,-22.49541766909939,0 -46.8608946268273,-22.49540498115706,0 -46.86090286900537,-22.49539346912951,0 -46.86091090114095,-22.49538186475261,0 -46.86091870680605,-22.49537016370397,0 -46.86092626919878,-22.49535836159069,0 -46.86093277350185,-22.49534778252115,0 -46.86093983049668,-22.49533577783808,0 -46.86094585889015,-22.4953250119243,0 -46.86095235038743,-22.49531278941442,0 -46.86095851770084,-22.49530044564221,0 -46.860964343467,-22.49528797669114,0 -46.86096981032262,-22.4952753786447,0 -46.86097490045888,-22.49526264533785,0 -46.86097959607935,-22.49524977420273,0 -46.86098388103064,-22.49523677427144,0 -46.86098733438383,-22.49522511967103,0 -46.86099083170248,-22.49521191323231,0 -46.86099393774998,-22.49519861463676,0 -46.86099667161891,-22.49518523139881,0 -46.86099905248338,-22.49517177088898,0 -46.86100109922145,-22.49515823990063,0 -46.86100300436718,-22.49514313096015,0 -46.86100454601615,-22.49512795247556,0 -46.86100574996035,-22.49511271363979,0 -46.86100703811841,-22.49508822864534,0 -46.86100763135818,-22.49506364837774,0 -46.86100761448738,-22.49503746774256,0 -46.86100695429354,-22.49500818108604,0 -46.86100606266351,-22.49498507890675,0 -46.86100468704951,-22.49495742440468,0 -46.86099705907868,-22.49482860735799,0 -46.86099399703351,-22.49476882348679,0 -46.86099274960593,-22.49473758717008,0 -46.86099190640443,-22.49470939467812,0 -46.86099140324635,-22.49468273339722,0 -46.86099123032639,-22.49465610652973,0 -46.86099145353617,-22.49462802551162,0 -46.86099213573726,-22.49459995295052,0 -46.86099324342876,-22.49457334910022,0 -46.86099482418349,-22.4945467249095,0 -46.86099686856499,-22.4945200861871,0 -46.86099952300304,-22.49449196217765,0 -46.86100250219121,-22.49446532312199,0 -46.86100613082391,-22.49443721967978,0 -46.86101024991896,-22.49440914307302,0 -46.86101485278942,-22.49438110435296,0 -46.86101993274849,-22.49435311457063,0 -46.86102548310932,-22.49432518477721,0 -46.86103149718508,-22.49429732602386,0 -46.86103796828837,-22.49426954936447,0 -46.86104488965629,-22.49424186619459,0 -46.86105225454276,-22.49421428749241,0 -46.86106005625493,-22.49418682386342,0 -46.86106828809989,-22.49415948591306,0 -46.8610769433848,-22.49413228424664,0 -46.86108650101357,-22.49410379967855,0 -46.86109649269704,-22.49407545555227,0 -46.86110689065527,-22.49404724244122,0 -46.86111821536816,-22.49401774936532,0 -46.86112992521277,-22.49398837942854,0 -46.86114666952165,-22.49394800316608,0 -46.86116460942213,-22.49390642924645,0 -46.86118433376867,-22.49386226643585,0 -46.86120647040541,-22.49381413478704,0 -46.86122450525755,-22.49377572555598,0 -46.86124601913329,-22.49373052918834,0 -46.8613493705646,-22.49351577512219,0 -46.8613944845115,-22.49342124141938,0 -46.86141778823085,-22.49337180765274,0 -46.86143895862307,-22.49332640202017,0 -46.86145927890137,-22.49328227283588,0 -46.86147811421286,-22.49324079927919,0 -46.86149917582765,-22.4931936601177,0 -46.86151868922133,-22.49314914656775,0 -46.86153727633032,-22.49310587341299,0 -46.86155493857382,-22.49306383981471,0 -46.86156881941795,-22.49303009423812,0 -46.86158247766245,-22.49299626212658,0 -46.86162938012482,-22.49287771768824,0 -46.86164682688028,-22.49283415032758,0 -46.86166520304025,-22.49278941457656,0 -46.86168233639279,-22.49274915459177,0 -46.86169265145364,-22.49272570612174,0 -46.86170320213636,-22.49270238652381,0 -46.86171337282541,-22.49268056820404,0 -46.86172380099072,-22.49265888672213,0 -46.86173383229235,-22.4926386945944,0 -46.86174413062512,-22.49261864419918,0 -46.8617547148206,-22.49259873952966,0 -46.86176486758441,-22.4925802945761,0 -46.86178060746175,-22.49255285943152,0 -46.86179692845069,-22.49252568162172,0 -46.86181461073769,-22.49249747011003,0 -46.86183285005417,-22.49246950921156,0 -46.86185246893024,-22.49244052781875,0 -46.86187260374174,-22.4924117842885,0 -46.86189411268887,-22.49238202471189,0 -46.86191700190232,-22.49235125675249,0 -46.86193656621708,-22.49232557714149,0 -46.86195735035187,-22.49229882032825,0 -46.86197934970199,-22.49227098920564,0 -46.86200254926769,-22.49224208283711,0 -46.86204653629057,-22.49218817372471,0 -46.86215290941416,-22.49205926447647,0 -46.86218025040569,-22.49202569355024,0 -46.86220444865865,-22.49199558717928,0 -46.8622293371026,-22.49196410477422,0 -46.8622520045185,-22.49193485482875,0 -46.8622734029375,-22.491906623493,0 -46.86229353159126,-22.49187941044333,0 -46.86231150814367,-22.4918544728925,0 -46.86232914692622,-22.49182932757416,0 -46.86234556368931,-22.49180523051023,0 -46.86236161713332,-22.49178091793218,0 -46.86237729219403,-22.49175640235257,0 -46.86239260255274,-22.49173170509475,0 -46.86240989336991,-22.49170290934719,0 -46.86242673627197,-22.49167393172808,0 -46.8624273661232,-22.49167322022451,0 -46.86244675182093,-22.49183852924728,0 -46.86246341298889,-22.49198451039145,0 -46.86247836471967,-22.49212010512719,0 -46.86249209592426,-22.49224979142779,0 -46.86250536642773,-22.49238103269914,0 -46.86251879878927,-22.49251979655077,0 -46.86253254232511,-22.49266757184195,0 -46.8625471541935,-22.49283032462099,0 -46.86256254087128,-22.49300655050917,0 -46.86259534646917,-22.49338886266017,0 -46.86262121604108,-22.49368737927861,0 -46.86263087366126,-22.49380229006018,0 -46.86263888482373,-22.49390230835792,0 -46.86264734447935,-22.49401582640251,0 -46.86265106274928,-22.49406963093756,0 -46.86265437689446,-22.49412047000399,0 -46.86265774358768,-22.4941758244789,0 -46.86266075747702,-22.49422971596225,0 -46.86266312594595,-22.49427614845121,0 -46.86266690775395,-22.49435569948958,0 -46.8626689329546,-22.49439328823382,0 -46.86267182029039,-22.49443689570236,0 -46.8626733779298,-22.49445643470571,0 -46.86267513706454,-22.49447596256428,0 -46.86267712498751,-22.49449547540169,0 -46.86267918666442,-22.49451347056674,0 -46.86268149356729,-22.49453144563196,0 -46.86268405710131,-22.49454939258329,0 -46.86268687596385,-22.49456730235261,0 -46.86268994823534,-22.4945851663927,0 -46.8626932608754,-22.49460298607028,0 -46.86269710479905,-22.4946222443331,0 -46.8627011994379,-22.49464145643093,0 -46.86270552966761,-22.49466062450069,0 -46.86271043918601,-22.49468122029435,0 -46.86271558575168,-22.49470177029216,0 -46.86272095065572,-22.49472227723788,0 -46.86272691980036,-22.49474420430814,0 -46.86273309510023,-22.49476608848105,0 -46.8627398833891,-22.49478938813592,0 -46.86274004473034,-22.49479091694138,0 -46.86273874960796,-22.49480556932377,0 -46.86273785017577,-22.49482035016046,0 -46.86273735536709,-22.49483357330414,0 -46.86273711054489,-22.49484851842266,0 -46.86273716314897,-22.49486350903226,0 -46.86273752919229,-22.49488018365816,0 -46.86273817707877,-22.49489683853696,0 -46.86273906365029,-22.49491343253545,0 -46.86274137398306,-22.49494626717468,0 -46.86274459181219,-22.49498321105533,0 -46.86274798744088,-22.49501774127697,0 -46.86275604045455,-22.49509523037641,0 -46.86275916437194,-22.49512775681767,0 -46.86276160390126,-22.49515696017187,0 -46.86276335952676,-22.49518300021439,0 -46.86276459909229,-22.49520885994892,0 -46.86276521047233,-22.49523316186792,0 -46.86276521393926,-22.4952559624028,0 -46.86276459558668,-22.49527873199603,0 -46.8627634111777,-22.49530010342688,0 -46.86276149287568,-22.49532297414266,0 -46.86275878445262,-22.49534736827733,0 -46.8627554536032,-22.49537185927458,0 -46.8627520530729,-22.4953935492523,0 -46.86274827047987,-22.49541531422002,0 -46.86274386940766,-22.49543861256637,0 -46.86273884364865,-22.49546345991156,0 -46.86272898075038,-22.49550901493879,0 -46.8627037742101,-22.49562053823644,0 -46.86269763519179,-22.4956490873161,0 -46.86269209379978,-22.49567624544543,0 -46.86268690604777,-22.49570351413556,0 -46.8626824312687,-22.49572937858068,0 -46.86267891520395,-22.49575229138889,0 -46.86267611223959,-22.4957737308496,0 -46.86267401236035,-22.49579366509621,0 -46.86267247756704,-22.49581360594576,0 -46.8626716312835,-22.49583200306975,0 -46.862671398298,-22.4958503755522,0 -46.86267184262832,-22.49586870839583,0 -46.86267290009398,-22.49588546537561,0 -46.86267463130691,-22.49590216270031,0 -46.86267683002084,-22.49591727289285,0 -46.86267931542843,-22.49593077277968,0 -46.86268260422761,-22.49594565754812,0 -46.86268600710221,-22.49595895476218,0 -46.86269024393164,-22.49597362455734,0 -46.86269492238498,-22.49598818941754,0 -46.8627005315743,-22.49600409637279,0 -46.86270657559726,-22.49601989235408,0 -46.86271300432112,-22.49603558672758,0 -46.86271851539963,-22.49604835830527,0 -46.86272422316356,-22.49606107284336,0 -46.86273747331956,-22.49608914805103,0 -46.86275056453741,-22.49611562972785,0 -46.86278824175929,-22.49619027736494,0 -46.86280244712214,-22.49621928633474,0 -46.86281635103182,-22.49624834967626,0 -46.86283061287565,-22.49627885127047,0 -46.86284521184634,-22.49631079411835,0 -46.86285951554581,-22.49634278818561,0 -46.86287415134698,-22.49637622259821,0 -46.86288970290422,-22.4964124935881,0 -46.86290613468437,-22.4964516052383,0 -46.86292285130055,-22.49649215971917,0 -46.86293986975659,-22.49653415143312,0 -46.86297382431708,-22.49661961066173,0 -46.86303844178499,-22.49678490932143,0 -46.86306545640687,-22.49685341503614,0 -46.86309404522464,-22.49692455687715,0 -46.86312044247257,-22.49698853337577,0 -46.86313744626093,-22.49702875040632,0 -46.86315472354739,-22.49706887648426,0 -46.86317226378589,-22.49710891817376,0 -46.86319067486847,-22.49715025882247,0 -46.86320934546611,-22.49719152351427,0 -46.86322889925117,-22.49723409165902,0 -46.86324934902385,-22.4972779646267,0 -46.86327005488601,-22.49732177694107,0 -46.86330620237711,-22.49739696332477,0 -46.86334434752689,-22.49747477042923,0 -46.86338516896875,-22.49755660251893,0 -46.86343006494074,-22.49764523952385,0 -46.86348541411023,-22.49775305211856,0 -46.86355142044544,-22.4978802459804,0 -46.86360445674563,-22.49798137371709,0 -46.86365135132633,-22.49806953693655,0 -46.86368685947411,-22.4981352632598,0 -46.8637210218658,-22.49819748974628,0 -46.86375380698625,-22.49825613912076,0 -46.86378447882657,-22.49830993373261,0 -46.86379999204124,-22.49833663044928,0 -46.86381507035345,-22.49836213688769,0 -46.86382901570648,-22.49838528830966,0 -46.86384342505345,-22.49840873978091,0 -46.86386788177788,-22.49844743386387,0 -46.86388216690694,-22.4984694069704,0 -46.86390257477436,-22.49850028632066,0 -46.8639131081324,-22.49851703794505,0 -46.86391943696464,-22.49852804300619,0 -46.86392433325529,-22.49853749913775,0 -46.86392849686936,-22.49854673381205,0 -46.86393180208063,-22.49855568639646,0 -46.86393326749926,-22.4985606500884,0 -46.86393440780694,-22.49856549026694,0 -46.8639352092928,-22.49857019673761,0 -46.86393565995814,-22.49857476037314,0 -46.86393575462998,-22.49857918212825,0 -46.86393548718909,-22.49858346836931,0 -46.86393484878825,-22.49858763096066,0 -46.8639341152607,-22.49859071276503,0 -46.86393315339291,-22.49859380159956,0 -46.86393150902825,-22.49859796518563,0 -46.86392945977963,-22.49860216963257,0 -46.86392701382898,-22.49860640908302,0 -46.86392418146837,-22.49861067348485,0 -46.86392098456173,-22.49861495114028,0 -46.86391744709513,-22.49861923088648,0 -46.86391359305473,-22.49862350156071,0 -46.86390615925031,-22.49863091987219,0 -46.8638967567879,-22.49863925695464,0 -46.86388661768013,-22.49864739682078,0 -46.86387598004266,-22.49865529442935,0 -46.86386371337837,-22.49866384885062,0 -46.86385004004818,-22.49867291777053,0 -46.86383505292644,-22.4986824739731,0 -46.86379609778377,-22.49870681787871,0 -46.86378557561572,-22.49871362811707,0 -46.86377518927253,-22.49872060768069,0 -46.86376369537193,-22.49872874799656,0 -46.86375367728527,-22.49873631637334,0 -46.86374389047041,-22.49874425323361,0 -46.86373439733051,-22.49875252641117,0 -46.86372180000348,-22.4987643947016,0 -46.86370968695328,-22.49877676743218,0 -46.86369696283834,-22.49879076104707,0 -46.86368468076594,-22.49880519373056,0 -46.86367179422954,-22.49882122953309,0 
						</coordinates>
					</LinearRing>
				</outerBoundaryIs>
			</Polygon>
		</Placemark>
		<Placemark>
			<name>2997</name>
			<styleUrl>#falseColor4</styleUrl>
			<Style id="inline">
				<IconStyle>
					<colorMode>random</colorMode>
				</IconStyle>
				<LineStyle>
					<colorMode>random</colorMode>
				</LineStyle>
				<PolyStyle>
					<colorMode>random</colorMode>
				</PolyStyle>
			</Style>
			<ExtendedData>
				<SchemaData schemaUrl="#S_FKA_DSSSSDDSD">
					<SimpleData name="id_0">2997</SimpleData>
					<SimpleData name="chave">FKA_58</SimpleData>
					<SimpleData name="fundo">10835 - FAZENDA KALUNGA</SimpleData>
					<SimpleData name="descricao">FKA - FAZENDA KALUNGA</SimpleData>
					<SimpleData name="regiao">FKA</SimpleData>
					<SimpleData name="area_quadr">51.1116</SimpleData>
					<SimpleData name="area_parci">20.5512</SimpleData>
					<SimpleData name="quadra">58</SimpleData>
					<SimpleData name="quadra_int">58</SimpleData>
				</SchemaData>
			</ExtendedData>
			<Polygon>
				<outerBoundaryIs>
					<LinearRing>
						<coordinates>
							-46.86281866738205,-22.49473833311425,0 -46.86281404603301,-22.49474965250533,0 -46.86280994159514,-22.49476124013605,0 -46.86280632703457,-22.49477307483896,0 -46.86280642938022,-22.49477271364657,0 -46.86280074672829,-22.49475140708276,0 -46.86279570988,-22.49473172065427,0 -46.86278856729711,-22.49470215186405,0 -46.86278162132717,-22.49467088445951,0 -46.86277566056702,-22.49464120021892,0 -46.86277035666141,-22.49461144181014,0 -46.86276576259798,-22.494581596108,0 -46.8627619052991,-22.4945516372521,0 -46.86275870050066,-22.49452154083009,0 -46.86275687607122,-22.49450140693727,0 -46.8627552662856,-22.49448122251466,0 -46.86275237166706,-22.49443733732484,0 -46.86275037236271,-22.49440006811394,0 -46.86274657097723,-22.49432016986568,0 -46.8627442262437,-22.49427422499995,0 -46.86274117878937,-22.49421981960464,0 -46.86273776229311,-22.4941637594248,0 -46.86273443554668,-22.49411283240672,0 -46.86273067660563,-22.49405854549217,0 -46.8627265958452,-22.49400259655797,0 -46.86272206804448,-22.49394329073504,0 -46.86271405002572,-22.49384338456738,0 -46.86270422262297,-22.49372662526207,0 -46.86267856975186,-22.49343064598926,0 -46.86264516599436,-22.49304143777788,0 -46.86262812486575,-22.49284677892157,0 -46.86261360931988,-22.49268598306174,0 -46.86259982525075,-22.49253875493309,0 -46.86258629229352,-22.49240002714046,0 -46.86257301217352,-22.49226980625598,0 -46.86255893601682,-22.49213795818658,0 -46.86254354453245,-22.4919994177219,0 -46.86252628246752,-22.49184912275361,0 -46.86250599404679,-22.49167694351704,0 -46.8625064101581,-22.49167534466767,0 -46.86252708375293,-22.49163693532682,0 -46.86254871804755,-22.49159542973488,0 -46.86256671780291,-22.49155995542197,0 -46.86258594315802,-22.49152123607846,0 -46.86260337736696,-22.49148549731317,0 -46.86262211697328,-22.49144656088827,0 -46.86268658922984,-22.49131089041455,0 -46.86271117161571,-22.49125960575038,0 -46.86274059113313,-22.49119924858539,0 -46.86277045468296,-22.4911391456069,0 -46.8628046324556,-22.49107160864647,0 -46.8628400728428,-22.49100279932497,0 -46.86287836192428,-22.49092965341676,0 -46.86291871623321,-22.49085368687638,0 -46.86294721357324,-22.49080062104741,0 -46.86297671118346,-22.49074611299039,0 -46.86304446976524,-22.49062213411054,0 -46.8632114220698,-22.49031956100395,0 -46.86339183127792,-22.48999163882296,0 -46.86347130721729,-22.48984793929782,0 -46.86353169350202,-22.48973958971402,0 -46.86358805077557,-22.48963936145123,0 -46.86364037803122,-22.48954724642626,0 -46.86374446161471,-22.48936552662548,0 -46.86377555310407,-22.48931041206146,0 -46.86380307715137,-22.48926080403112,0 -46.86381963715704,-22.4892304727672,0 -46.8638360894125,-22.48919990509341,0 -46.8638516070908,-22.4891706200147,0 -46.86386619685779,-22.48914263206145,0 -46.86388146884833,-22.48911280731566,0 -46.86389580529548,-22.48908426275796,0 -46.8639295287349,-22.48901527952178,0 -46.8639359328121,-22.48900286012744,0 -46.86394257862417,-22.48899083589581,0 -46.86394689610081,-22.48898356876969,0 -46.86395045778156,-22.48897791218849,0 -46.86395412668157,-22.48897240863635,0 -46.86395791340363,-22.48896707045214,0 -46.86396182855058,-22.48896190997466,0 -46.86396588231039,-22.48895693926551,0 -46.8639700843652,-22.48895216776304,0 -46.86397444619741,-22.48894760350918,0 -46.86397897942007,-22.4889432545367,0 -46.86398249879802,-22.48894013891798,0 -46.86398736031397,-22.48893618634983,0 -46.86399114269477,-22.48893337558454,0 -46.86399638409334,-22.48892983020645,0 -46.86400047477162,-22.48892732099443,0 -46.86400469720247,-22.48892494379916,0 -46.86401050827811,-22.48892199135273,0 -46.86401650067522,-22.48891930051438,0 -46.86402264610717,-22.4889168856784,0 -46.86402891565495,-22.4889147595561,0 -46.86403368181666,-22.48891336172483,0 -46.86404009850734,-22.4889117703301,0 -46.86404494292836,-22.48891078868127,0 -46.86404981430135,-22.48890998704928,0 -46.86405635591273,-22.48890919144497,0 -46.8640613003484,-22.48890879457957,0 -46.86406794615876,-22.48890852399752,0 -46.8640746422686,-22.48890853820365,0 -46.86408137942636,-22.48890882614528,0 -46.86408645402644,-22.48890921515451,0 -46.86409324195072,-22.48890995588538,0 -46.86410004473192,-22.4889109401959,0 -46.86410685178756,-22.48891215534944,0 -46.86411365271658,-22.48891358842445,0 -46.86412212941696,-22.48891566653523,0 -46.86412887853217,-22.48891754268937,0 -46.86413725755563,-22.48892013376444,0 -46.86414555387363,-22.48892297448754,0 -46.86415374717166,-22.48892603962117,0 -46.86416182935482,-22.48892930923259,0 -46.86416981585392,-22.48893277374115,0 -46.86417771539442,-22.48893642075052,0 -46.86418553656829,-22.48894023780687,0 -46.86419328796753,-22.48894421245638,0 -46.86420250964154,-22.48894917252378,0 -46.86422074784475,-22.48895963331369,0 -46.86424180886392,-22.48897254403597,0 -46.86430939247141,-22.4890159634663,0 -46.86440529104834,-22.48907819618012,0 -46.86449794225357,-22.48913869987529,0 -46.86470982546471,-22.48927757181412,0 -46.86481440538689,-22.48934592998459,0 -46.86495655546212,-22.48943848690346,0 -46.86511538969077,-22.48954152585489,0 -46.86536288885543,-22.48970159075776,0 -46.86557905634285,-22.48984102421648,0 -46.86573393060396,-22.4899404209728,0 -46.86587106612066,-22.49002784381093,0 -46.86596925070283,-22.4900899930102,0 -46.86606160325573,-22.49014804934128,0 -46.86615266884638,-22.49020486473125,0 -46.86623941478493,-22.49025854224719,0 -46.86631264098543,-22.49030350665624,0 -46.86639363637857,-22.4903529481454,0 -46.86667522831178,-22.49052387665105,0 -46.86678371487887,-22.49058996856508,0 -46.86689494955422,-22.49065826895002,0 -46.86699361682807,-22.49071952535447,0 -46.86705411268749,-22.4907574859026,0 -46.86711140240838,-22.49079376814117,0 -46.86716699645266,-22.49082932630386,0 -46.86721939877157,-22.49086319364877,0 -46.86726117987831,-22.49089046322209,0 -46.86730432522746,-22.49091887827564,0 -46.86745280905783,-22.49101752861534,0 -46.86750940922354,-22.49105492180227,0 -46.86756777855953,-22.49109302336933,0 -46.86762050006269,-22.49112685826611,0 -46.86765080535451,-22.49114599681474,0 -46.86767973433922,-22.49116402349645,0 -46.86770881285805,-22.49118188161251,0 -46.86773651145842,-22.49119862862591,0 -46.86776281657922,-22.49121427875286,0 -46.86778927302797,-22.49122975446813,0 -46.86785173202953,-22.49126541609246,0 -46.86786076049552,-22.49127079273797,0 -46.86786956770994,-22.49127629082252,0 -46.8678781138106,-22.49128195943536,0 -46.86788501123536,-22.49128684888441,0 -46.86789298923578,-22.4912929573743,0 -46.86789936516982,-22.49129828201607,0 -46.86790666133413,-22.49130499570531,0 -46.86791242360034,-22.49131089139067,0 -46.86791771803009,-22.49131696277493,0 -46.86792140578081,-22.49132183340762,0 -46.86792445275307,-22.49132663247773,0 -46.86792676180988,-22.49133127789983,0 -46.86792800708835,-22.49133469518541,0 -46.86792912173313,-22.49133939050622,0 -46.86792957016262,-22.49134305102123,0 -46.86792966242048,-22.49134813307049,0 -46.86792918723489,-22.49135345880427,0 -46.86792815532208,-22.4913590072443,0 -46.86792702842624,-22.49136329490634,0 -46.86792560923576,-22.4913676751064,0 -46.86792391237197,-22.49137213013677,0 -46.86792195648014,-22.49137664254693,0 -46.86791734253873,-22.49138577083038,0 -46.86791193048589,-22.49139492779145,0 -46.86790485689289,-22.49140549699826,0 -46.86789725121037,-22.49141577764991,0 -46.86788827126384,-22.4914269671674,0 -46.86787913542076,-22.49143755130869,0 -46.86786750289366,-22.49145012883932,0 -46.86785444078613,-22.49146341214242,0 -46.86779781485604,-22.4915183925403,0 -46.86776533998301,-22.49155015830749,0 -46.86773024172846,-22.49158486479228,0 -46.86769641012623,-22.4916187602721,0 -46.86766770223988,-22.49164792169146,0 -46.86763918434955,-22.49167730951515,0 -46.86761216087637,-22.49170559764747,0 -46.8675866583485,-22.49173273962152,0 -46.86755907969638,-22.49176263928996,0 -46.86753306237339,-22.49179143061017,0 -46.86750741636639,-22.49182043178943,0 -46.8674832979531,-22.49184833084535,0 -46.86745954788131,-22.49187646055353,0 -46.86743728462577,-22.49190348281255,0 -46.86741538142477,-22.491930748388,0 -46.86739385366042,-22.49195827973083,0 -46.86737270892752,-22.49198607822348,0 -46.86735194676076,-22.49201412838497,0 -46.867330517015,-22.49204381348019,0 -46.86730740851424,-22.49207654717203,0 -46.86728756324744,-22.49210515864596,0 -46.86726593729448,-22.49213674529863,0 -46.86719486585309,-22.49224182478087,0 -46.86716849937164,-22.49228055255096,0 -46.8671428859422,-22.49231764916646,0 -46.86711795139815,-22.49235310723492,0 -46.86709273856079,-22.49238839807817,0 -46.86706424066455,-22.49242777981332,0 -46.86696043508684,-22.49256948845908,0 -46.86691849336256,-22.49262729877813,0 -46.86689618391451,-22.49265848874566,0 -46.86687506715379,-22.492688395593,0 -46.86685515309557,-22.49271701448287,0 -46.86683644295949,-22.49274433748805,0 -46.86681699835452,-22.49277325275553,0 -46.86679784229329,-22.49280233723576,0 -46.86677994090018,-22.49283013509907,0 -46.86676235712107,-22.49285810676216,0 -46.8667460200113,-22.49288477912381,0 -46.86672913363344,-22.49291310049286,0 -46.86671344102199,-22.49294002154519,0 -46.86666864221457,-22.49301770488921,0 -46.8666546862565,-22.49304142485628,0 -46.86664139368306,-22.49306352056444,0 -46.86662599295203,-22.4930883535196,0 -46.86661202947875,-22.49311004422503,0 -46.86659764160304,-22.49313149436759,0 -46.86658376800744,-22.49315126922918,0 -46.86657355917427,-22.4931652386988,0 -46.86656308630348,-22.49317905823713,0 -46.86655234364904,-22.49319270151628,0 -46.86654243984606,-22.49320480800571,0 -46.86653116981389,-22.49321804265631,0 -46.86652078753903,-22.49322973257278,0 -46.86651017740381,-22.49324119000136,0 -46.86649933802443,-22.49325239316558,0 -46.86648826801707,-22.49326332028897,0 -46.86647823331409,-22.49327278396779,0 -46.86646672416785,-22.49328313067608,0 -46.8664562972281,-22.49329204470479,0 -46.86644568437929,-22.49330067686648,0 -46.86643488394103,-22.4933090127577,0 -46.86642388322662,-22.49331705132243,0 -46.86641126762297,-22.49332575070644,0 -46.86640128395013,-22.49333227259018,0 -46.86638969453816,-22.49333947246839,0 -46.86637791804376,-22.49334640995955,0 -46.86636595904201,-22.49335309365127,0 -46.86635382210792,-22.49335953213116,0 -46.86634151181652,-22.49336573398683,0 -46.86632903275495,-22.49337170779558,0 -46.86631479914464,-22.49337816541532,0 -46.8663019806683,-22.49338368044221,0 -46.86628738005441,-22.49338964216787,0 -46.86627259681394,-22.49339535809322,0 -46.86625763902557,-22.4934008398018,0 -46.8662425147682,-22.49340609887718,0 -46.86622723212057,-22.49341114690296,0 -46.86621179916144,-22.49341599546273,0 -46.86619448520116,-22.49342116258686,0 -46.86616997345516,-22.49342803655092,0 -46.86614517302434,-22.49343453154202,0 -46.86611831704472,-22.49344112146591,0 -46.86608939000967,-22.49344779149006,0 -46.8660620492662,-22.49345376680998,0 -46.86603085440748,-22.49346028577233,0 -46.86599579480502,-22.49346734961356,0 -46.86589201291258,-22.49348787968984,0 -46.86585876025416,-22.49349471843377,0 -46.8658256628687,-22.49350177136819,0 -46.86578359716373,-22.4935110884686,0 -46.8657417798895,-22.49352074849514,0 -46.86570020624594,-22.4935307522093,0 -46.86565707961199,-22.49354155811585,0 -46.86561064622879,-22.4935536887506,0 -46.86556450471724,-22.4935662616549,0 -46.86551864815252,-22.49357927790288,0 -46.86547132204714,-22.4935932651753,0 -46.86542602489013,-22.49360718848553,0 -46.86538099163921,-22.49362155839992,0 -46.86533621536997,-22.49363637599066,0 -46.86528998151323,-22.49365223845576,0 -46.86525250348051,-22.4936655220292,0 -46.86521519513452,-22.49367912829264,0 -46.86517805227697,-22.49369305787814,0 -46.86513939349361,-22.49370796701365,0 -46.86510257605892,-22.49372255990846,0 -46.86506591132213,-22.49373747804185,0 -46.86502939507702,-22.4937527220346,0 -46.86499137320697,-22.49376900802469,0 -46.8649584351606,-22.49378346036162,0 -46.86492560955816,-22.49379818351699,0 -46.86489452636886,-22.49381242210101,0 -46.86486190940263,-22.49382767907577,0 -46.8648083344996,-22.49385339871049,0 -46.86471462020639,-22.49389933271016,0 -46.86467904766938,-22.49391662157652,0 -46.86464337312604,-22.49393365180222,0 -46.86461080547658,-22.49394880895816,0 -46.86457477243107,-22.49396500845722,0 -46.86454012167233,-22.49397996111435,0 -46.86450352415135,-22.49399510707648,0 -46.86446496561883,-22.49401042188947,0 -46.86442105025139,-22.49402715636592,0 -46.86437512134055,-22.49404395762218,0 -46.86432719204356,-22.49406084351185,0 -46.86427383490753,-22.49407900495462,0 -46.86422889717168,-22.49409388860285,0 -46.86417689310247,-22.49411076504873,0 -46.86401185321059,-22.4941633162519,0 -46.86395293321859,-22.49418226498071,0 -46.86389596404803,-22.49420096931885,0 -46.86384614676869,-22.49421777860096,0 -46.8637966216495,-22.49423504023713,0 -46.86375082642795,-22.49425160577951,0 -46.86370705945418,-22.49426808568359,0 -46.86366698451144,-22.49428382266979,0 -46.86362890691959,-22.49429942785405,0 -46.86359281978397,-22.49431486077765,0 -46.8635554262674,-22.49433148186748,0 -46.86351509578981,-22.49435003866525,0 -46.86347501249335,-22.49436902902954,0 -46.86343031017428,-22.49439071583737,0 -46.86338251085694,-22.49441432030443,0 -46.86324638039919,-22.49448210491135,0 -46.86320254205485,-22.4945035613764,0 -46.86316318538082,-22.49452246669361,0 -46.86311670415355,-22.49454422997692,0 -46.86307120247375,-22.4945648213127,0 -46.86303528274732,-22.49458050538584,0 -46.86297953265323,-22.4946041019067,0 -46.86295865091081,-22.49461332355257,0 -46.86294663216029,-22.49461892268391,0 -46.86293479378501,-22.49462473485647,0 -46.86292482740868,-22.49462991757354,0 -46.86291506058225,-22.4946353131354,0 -46.86290395955729,-22.49464191286508,0 -46.86289473418435,-22.49464786458932,0 -46.86288435849086,-22.49465519291658,0 -46.86287583686752,-22.49466183754503,0 -46.86286769550734,-22.49466885459251,0 -46.86285998787192,-22.49467624790404,0 -46.86285276804079,-22.49468400420553,0 -46.86284604459204,-22.49469208954547,0 -46.86283980410922,-22.49470048188544,0 -46.86283403288788,-22.4947091606752,0 -46.86282871487419,-22.49471810775054,0 -46.86282306096165,-22.49472886259454,0 -46.86281866738205,-22.49473833311425,0 
						</coordinates>
					</LinearRing>
				</outerBoundaryIs>
			</Polygon>
		</Placemark>
		<Placemark>
			<name>2998</name>
			<styleUrl>#falseColor4</styleUrl>
			<Style id="inline">
				<IconStyle>
					<colorMode>random</colorMode>
				</IconStyle>
				<LineStyle>
					<colorMode>random</colorMode>
				</LineStyle>
				<PolyStyle>
					<colorMode>random</colorMode>
				</PolyStyle>
			</Style>
			<ExtendedData>
				<SchemaData schemaUrl="#S_FKA_DSSSSDDSD">
					<SimpleData name="id_0">2998</SimpleData>
					<SimpleData name="chave">FKA_108</SimpleData>
					<SimpleData name="fundo">10835 - FAZENDA KALUNGA</SimpleData>
					<SimpleData name="descricao">FKA - FAZENDA KALUNGA</SimpleData>
					<SimpleData name="regiao">FKA</SimpleData>
					<SimpleData name="area_quadr">13.4812</SimpleData>
					<SimpleData name="area_parci">13.4812</SimpleData>
					<SimpleData name="quadra">108</SimpleData>
					<SimpleData name="quadra_int">108</SimpleData>
				</SchemaData>
			</ExtendedData>
			<Polygon>
				<outerBoundaryIs>
					<LinearRing>
						<coordinates>
							-46.8672229119294,-22.49734452328354,0 -46.86727490568801,-22.49730068867234,0 -46.86741950439426,-22.49723192842583,0 -46.86749329464342,-22.4972006616031,0 -46.86756817025685,-22.49717165755055,0 -46.86772017245545,-22.49711831734044,0 -46.8680261833698,-22.4970155481642,0 -46.86817754785884,-22.49696055318822,0 -46.86832783556516,-22.49690321076337,0 -46.86855185308192,-22.49681411472207,0 -46.8700399968434,-22.49620859514867,0 -46.87011553390233,-22.4961792602524,0 -46.8701929063005,-22.49615628074372,0 -46.87027176446795,-22.4961489838816,0 -46.87035188176691,-22.49615765195994,0 -46.87043237141,-22.49617701175933,0 -46.87059119459452,-22.49622671587699,0 -46.87066951675408,-22.49624773983836,0 -46.87074817422062,-22.49626080404236,0 -46.8708279254243,-22.49626266461413,0 -46.8709086975855,-22.49625583763955,0 -46.87107148494237,-22.49623677920913,0 -46.87115258885768,-22.49623486996675,0 -46.87123304044854,-22.49624237887019,0 -46.87131279533244,-22.49625741684216,0 -46.8713918363915,-22.49627762729758,0 -46.8715477282227,-22.49632412590339,0 -46.8716253911265,-22.49634512405067,0 -46.87170501790384,-22.49635999673576,0 -46.87178849135116,-22.49636518978545,0 -46.87195987978412,-22.49636148070602,0 -46.87203870628075,-22.49637109161377,0 -46.87210675904208,-22.49640096033901,0 -46.87216278182803,-22.49645388310234,0 -46.87220743656706,-22.4965195063622,0 -46.87237688896743,-22.49718028830718,0 -46.8725045755459,-22.49769515354385,0 -46.87259178758051,-22.4980638117379,0 -46.87277779890068,-22.49887612882076,0 -46.87283068406159,-22.49909715553067,0 -46.87288590778838,-22.49931763634718,0 -46.87294421924584,-22.49953739895893,0 -46.87302740812467,-22.49982915275327,0 -46.87311536475551,-22.50011979994776,0 -46.87322897421893,-22.50048225860359,0 -46.87324320935753,-22.50055699225186,0 -46.87323540808507,-22.50063146623143,0 -46.8731993679642,-22.50069814269499,0 -46.87310017028917,-22.50082202418348,0 -46.87270886779134,-22.50130078119756,0 -46.87244585736947,-22.50163071809803,0 -46.87243673736582,-22.50158677518027,0 -46.87238245853806,-22.5012885547432,0 -46.87235112572273,-22.50114041311938,0 -46.87233378388527,-22.5010667292981,0 -46.87229485352689,-22.50092034255261,0 -46.87227291227044,-22.50084772201081,0 -46.87222375607112,-22.5007037941271,0 -46.87216784731239,-22.50056179203505,0 -46.8721374691512,-22.50049157847255,0 -46.87207208211973,-22.50035285693759,0 -46.87200080994715,-22.50021658368706,0 -46.87196307535899,-22.50014943048013,0 -46.87188362537274,-22.50001721975412,0 -46.87184198942031,-22.49995219480987,0 -46.87175506645363,-22.49982431232723,0 -46.87170984645604,-22.49976145384046,0 -46.87161605697344,-22.49963790000515,0 -46.87156755450456,-22.4995772037084,0 -46.8714675016513,-22.49945796998625,0 -46.87141601828253,-22.49939943161274,0 -46.87131030519916,-22.4992845094709,0 -46.87125613980583,-22.49922812536169,0 -46.8711452895385,-22.49911752431665,0 -46.87108863250728,-22.49906331526023,0 -46.87097292425418,-22.4989570997783,0 -46.87091390087394,-22.49890510123239,0 -46.87079358520996,-22.49880334222985,0 -46.87073232076751,-22.49875358965289,0 -46.87060764826474,-22.49865635804668,0 -46.87054426804547,-22.49860888689727,0 -46.8704154888081,-22.49851625478061,0 -46.87028407840702,-22.49842681058866,0 -46.87021739526825,-22.49838335961608,0 -46.87008208703497,-22.49829916024992,0 -46.87001346750851,-22.49825847598928,0 -46.86987431155527,-22.49818009864507,0 -46.86980378069595,-22.49814246969447,0 -46.86966082712985,-22.49807049156855,0 -46.86958840998994,-22.49803620652617,0 -46.8694417125346,-22.49797119941135,0 -46.86936745475875,-22.49794051614834,0 -46.86921720842696,-22.49788284103152,0 -46.86914125545315,-22.49785586852755,0 -46.86898777884483,-22.4978057020031,0 -46.86883232662811,-22.4977606379565,0 -46.86875390414366,-22.49774004355004,0 -46.86859575720268,-22.4977027825729,0 -46.86851608718154,-22.4976861789807,0 -46.86835575834639,-22.49765734089857,0 -46.86827518435842,-22.49764523971362,0 -46.86811342930559,-22.4976260063191,0 -46.86803233306573,-22.49761900741512,0 -46.86795114756671,-22.49761384257721,0 -46.86786991522058,-22.49761057845837,0 -46.86778867843929,-22.4976092817117,0 -46.86770747963462,-22.49761001899046,0 -46.86754530761473,-22.49761737965438,0 -46.86730242334313,-22.49763725818906,0 -46.8672229119294,-22.49734452328354,0 
						</coordinates>
					</LinearRing>
				</outerBoundaryIs>
			</Polygon>
		</Placemark>
		<Placemark>
			<name>2999</name>
			<styleUrl>#falseColor4</styleUrl>
			<Style id="inline">
				<IconStyle>
					<colorMode>random</colorMode>
				</IconStyle>
				<LineStyle>
					<colorMode>random</colorMode>
				</LineStyle>
				<PolyStyle>
					<colorMode>random</colorMode>
				</PolyStyle>
			</Style>
			<ExtendedData>
				<SchemaData schemaUrl="#S_FKA_DSSSSDDSD">
					<SimpleData name="id_0">2999</SimpleData>
					<SimpleData name="chave">FKA_109</SimpleData>
					<SimpleData name="fundo">10835 - FAZENDA KALUNGA</SimpleData>
					<SimpleData name="descricao">FKA - FAZENDA KALUNGA</SimpleData>
					<SimpleData name="regiao">FKA</SimpleData>
					<SimpleData name="area_quadr">45.7017</SimpleData>
					<SimpleData name="area_parci">18.9161</SimpleData>
					<SimpleData name="quadra">109</SimpleData>
					<SimpleData name="quadra_int">109</SimpleData>
				</SchemaData>
			</ExtendedData>
			<Polygon>
				<outerBoundaryIs>
					<LinearRing>
						<coordinates>
							-46.86778413595896,-22.49928693383716,0 -46.86775455662664,-22.49919163712542,0 -46.86772589617561,-22.49910024369612,0 -46.8676961848891,-22.4990064784432,0 -46.8676640547098,-22.49890598509581,0 -46.86762831703234,-22.4987950474814,0 -46.86748290837855,-22.49834707554515,0 -46.86742012929102,-22.49815223951756,0 -46.86738448406137,-22.49804040527198,0 -46.86734746433646,-22.4979232871889,0 -46.86730850700898,-22.49779910406574,0 -46.86726663443336,-22.49766474153679,0 -46.86731124363351,-22.49766015807083,0 -46.86735123425273,-22.49765625581159,0 -46.86738715473337,-22.49765298120996,0 -46.86742093446305,-22.49765015670561,0 -46.86745537726679,-22.49764756292097,0 -46.86749051461135,-22.49764520862325,0 -46.86752484280671,-22.49764319724926,0 -46.86755859542659,-22.49764150950484,0 -46.867592368888,-22.49764011990414,0 -46.8676258057781,-22.49763905005963,0 -46.86765878678762,-22.49763830363253,0 -46.86769166782877,-22.49763787178719,0 -46.86772480289724,-22.49763775129713,0 -46.86775794950546,-22.49763794561208,0 -46.86779110423862,-22.49763845389949,0 -46.86782450323793,-22.49763928100387,0 -46.86785886202394,-22.49764045678716,0 -46.86789321992307,-22.49764195895605,0 -46.86792781325846,-22.49764379823432,0 -46.86796239945391,-22.49764596210233,0 -46.86799709498528,-22.49764845652072,0 -46.86803189655367,-22.49765128159422,0 -46.86806680079388,-22.49765443737191,0 -46.86810180427358,-22.49765792384684,0 -46.86813690349309,-22.49766174095527,0 -46.86817209488441,-22.49766588857616,0 -46.86820737481103,-22.49767036653075,0 -46.86824262055529,-22.49767515786736,0 -46.86827806649848,-22.4976802946698,0 -46.86831347092822,-22.49768574212532,0 -46.86834906755129,-22.49769153638442,0 -46.86838461509478,-22.49769763836064,0 -46.86842081938181,-22.4977041756824,0 -46.86845708324249,-22.49771104854051,0 -46.86849340231635,-22.49771825616364,0 -46.86852977216703,-22.49772579771527,0 -46.86856618828173,-22.49773367229326,0 -46.86860264611764,-22.4977418789955,0 -46.86863914109204,-22.49775041696913,0 -46.86867566834061,-22.49775928507609,0 -46.86871222290504,-22.49776848209362,0 -46.86874879974495,-22.49777800672908,0 -46.86878539373719,-22.49778785761927,0 -46.86882199967548,-22.49779803332998,0 -46.86885861226929,-22.49780853235515,0 -46.86889522614374,-22.49781935311627,0 -46.86893183588554,-22.4978304939901,0 -46.86896832437093,-22.49784191848429,0 -46.86900480444002,-22.49785366159099,0 -46.86904116097758,-22.49786568584845,0 -46.86907750576237,-22.49787802781417,0 -46.86911372443372,-22.49789064824308,0 -46.86914992797177,-22.49790358539037,0 -46.86918611426963,-22.49791683958201,0 -46.8692222811998,-22.49793041111,0 -46.86925831594263,-22.49794425720739,0 -46.86929432846182,-22.49795841986074,0 -46.86933020779016,-22.49797285526467,0 -46.86936606287844,-22.49798760692258,0 -46.86940178296388,-22.49800262893114,0 -46.86943747616103,-22.4980179664176,0 -46.8694731407177,-22.49803361978127,0 -46.86950866709686,-22.49804954059404,0 -46.8695441621403,-22.49806577637715,0 -46.86957973098677,-22.49808237785484,0 -46.86961526405837,-22.49809929650882,0 -46.86965065347931,-22.49811648058261,0 -46.86968600434712,-22.49813398070881,0 -46.86972131482549,-22.49815179708117,0 -46.86975647831958,-22.49816987550551,0 -46.86979159859732,-22.49818826891471,0 -46.86982667379056,-22.49820697741813,0 -46.86986159860732,-22.49822594442793,0 -46.8698964754635,-22.49824522513101,0 -46.86993130251506,-22.49826481950919,0 -46.86996597599087,-22.49828466847546,0 -46.87000059690059,-22.49830482943366,0 -46.87003506211721,-22.49832524194193,0 -46.87006947170034,-22.49834596486998,0 -46.87010382364077,-22.4983669981279,0 -46.87013801617018,-22.49838827900625,0 -46.87017214793479,-22.49840986849865,0 -46.87020621688951,-22.49843176642674,0 -46.87024012264922,-22.49845390786027,0 -46.87027396242163,-22.49847635586762,0 -46.87030773412544,-22.49849911018041,0 -46.8703413387834,-22.4985221036955,0 -46.87037487213931,-22.49854540150571,0 -46.87040833207527,-22.4985690032511,0 -46.87044171645783,-22.4985929085361,0 -46.87047492822375,-22.49861704742952,0 -46.87050806112138,-22.49864148763891,0 -46.8705411131875,-22.49866622886228,0 -46.87057389424956,-22.49869112860106,0 -46.87060649575542,-22.49871625568597,0 -46.87063882237248,-22.49874153602969,0 -46.87067087272897,-22.49876696638827,0 -46.8707027367928,-22.4987926175713,0 -46.87073432089893,-22.49881841361784,0 -46.87076571398496,-22.49884442662715,0 -46.87079691315677,-22.49887065530394,0 -46.87082782646178,-22.49889702184135,0 -46.87085854122206,-22.49892360023298,0 -46.87088905456832,-22.49895038919473,0 -46.87091927633014,-22.49897730911243,0 -46.87094929214357,-22.49900443583507,0 -46.8709790991642,-22.49903176808957,0 -46.87100860907254,-22.499059224493,0 -46.87103790574907,-22.49908688271092,0 -46.87106690215325,-22.49911466020706,0 -46.87109568096492,-22.49914263584037,0 -46.87112423938893,-22.49917080835979,0 -46.87115249234711,-22.49919909352524,0 -46.87118052065097,-22.49922757194662,0 -46.87120824057473,-22.49925615827349,0 -46.87123573165469,-22.49928493426572,0 -46.87126291154564,-22.49931381348005,0 -46.87128985847995,-22.4993428788085,0 -46.87131656973499,-22.4993721290325,0 -46.87134296507914,-22.49940147609524,0 -46.87136904392307,-22.49943091717835,0 -46.87139488180412,-22.49946053738634,0 -46.87142047604754,-22.49949033552206,0 -46.87144574935053,-22.49952022144603,0 -46.87147077514521,-22.49955028186996,0 -46.87149547763489,-22.49958042563787,0 -46.87151992881989,-22.49961074051629,0 -46.87154405443629,-22.49964113434972,0 -46.87156650716341,-22.49966986666771,0 -46.87158873234558,-22.49969874630091,0 -46.87161065835027,-22.49972767989516,0 -46.87163235394306,-22.49975675793113,0 -46.87165374899007,-22.49978588615175,0 -46.87167491082118,-22.49981515597459,0 -46.87169583730514,-22.49984456644074,0 -46.8717164605921,-22.4998740219604,0 -46.87173684580478,-22.49990361532348,0 -46.87175692665085,-22.49993325007333,0 -46.87177676675832,-22.49996301990002,0 -46.87179630141416,-22.49999282749477,0 -46.87181559272924,-22.50002276743286,0 -46.87183457759139,-22.50005274156811,0 -46.87185331657235,-22.50008284534602,0 -46.87187174818211,-22.50011297979748,0 -46.8718899314315,-22.50014324122352,0 -46.87190780647348,-22.50017352984667,0 -46.87192543073661,-22.50020394280856,0 -46.87194280220973,-22.50023447920437,0 -46.87195986354869,-22.50026503806911,0 -46.87197661525963,-22.50029561732014,0 -46.87199311154035,-22.50032631573557,0 -46.87200935041929,-22.50035713242571,0 -46.87202527795896,-22.50038796488684,0 -46.87204094587099,-22.50041891308354,0 -46.87205630195541,-22.50044987376638,0 -46.87207139624497,-22.50048094767707,0 -46.87208617829669,-22.50051203083453,0 -46.87210069644447,-22.50054322474345,0 -46.872114901816,-22.50057442492868,0 -46.87212884069837,-22.50060573398947,0 -46.87214237639237,-22.50063683726671,0 -46.87215564742826,-22.50066804528907,0 -46.87216865209268,-22.50069935707015,0 -46.87218134638235,-22.50073066603485,0 -46.87219377268729,-22.50076207610686,0 -46.87220588883434,-22.50079348004777,0 -46.87221773543442,-22.50082498247977,0 -46.87222931080851,-22.50085658243614,0 -46.87224053775812,-22.50088806446433,0 -46.87225153053915,-22.50091974789257,0 -46.87226225024298,-22.50095152349366,0 -46.87227269682199,-22.50098338887955,0 -46.87228287022853,-22.50101534166223,0 -46.87229280351025,-22.50104748819812,0 -46.87230246166828,-22.5010797179076,0 -46.87231184465451,-22.5011120283782,0 -46.87232098272376,-22.50114452674924,0 -46.87232987302838,-22.50117721136817,0 -46.87233845585314,-22.50120986043134,0 -46.87234678917927,-22.5012426911325,0 -46.87235484392743,-22.50127559090289,0 -46.87236264581087,-22.50130866789521,0 -46.87237016741923,-22.50134180921505,0 -46.87237740884049,-22.50137501225502,0 -46.87238437016257,-22.50140827440783,0 -46.8723910733492,-22.50144170459159,0 -46.87239747380072,-22.50147507732379,0 -46.87240361441808,-22.50150861320714,0 -46.87240947341429,-22.50154219808246,0 -46.87241506899903,-22.50157594149488,0 -46.87242036408146,-22.50160961659471,0 -46.8724253940515,-22.50164344522994,0 -46.87228650029351,-22.50181362693993,0 -46.87221061050085,-22.50190689197776,0 -46.87213867004954,-22.50199579375552,0 -46.87207326758175,-22.5020772285657,0 -46.87201437114255,-22.5021512084976,0 -46.87195089672883,-22.50223156683834,0 -46.87188528811392,-22.50231511505227,0 -46.8717107048526,-22.50253805319877,0 -46.87165722619927,-22.50260601670727,0 -46.87160966678786,-22.50266614450533,0 -46.87155578804197,-22.50273379284872,0 -46.87150407138062,-22.50279815205175,0 -46.87145451302405,-22.50285919675847,0 -46.87140459768588,-22.50292005651832,0 -46.8714029605481,-22.50292046004336,0 -46.8712794197514,-22.50288337403455,0 -46.8711675353569,-22.50285004116259,0 -46.87106145788175,-22.50281871653716,0 -46.87095923272981,-22.50278883310995,0 -46.87087852210217,-22.50276547890044,0 -46.87080167651903,-22.50274346122378,0 -46.87072674034872,-22.5027222134179,0 -46.87065371402627,-22.50270173503509,0 -46.87053112273941,-22.50266790608226,0 -46.87041228828276,-22.50263582386315,0 -46.87029924649966,-22.50260582046457,0 -46.87002159220663,-22.50253275288468,0 -46.86994830161069,-22.50251327019444,0 -46.86988103895161,-22.50249520443251,0 -46.86980994091555,-22.50247585490251,0 -46.86974483799775,-22.50245785510236,0 -46.86968183037396,-22.50244012990024,0 -46.8696228724914,-22.50242323162788,0 -46.86956792979649,-22.50240717641478,0 -46.86951117965813,-22.50239024662289,0 -46.86945256787493,-22.50237240991576,0 -46.86939208092728,-22.50235366963933,0 -46.86927716432604,-22.50231739202701,0 -46.86901617740847,-22.50223396085288,0 -46.8689498295665,-22.50221302440843,0 -46.86889113920574,-22.50219474374916,0 -46.86883432760003,-22.50217732285455,0 -46.86878129395368,-22.50216135309688,0 -46.86873011467819,-22.50214625167309,0 -46.86868076622682,-22.5021320151372,0 -46.86862534796136,-22.50211644962456,0 -46.86857174378786,-22.50210186037958,0 -46.8685199339618,-22.50208823418834,0 -46.86846994417832,-22.50207555738344,0 -46.86843770911084,-22.50206775353677,0 -46.86840929310916,-22.50206138553181,0 -46.86838474408989,-22.50205646631188,0 -46.8683723938555,-22.50205424586305,0 -46.86835972270617,-22.50205216373101,0 -46.86835702198065,-22.50205159680804,0 -46.86835562830493,-22.50200076438739,0 -46.86835385255029,-22.50194599094458,0 -46.86835194421036,-22.50189510299353,0 -46.86834983694256,-22.50184599472172,0 -46.86834753870136,-22.50179877761414,0 -46.86834503123251,-22.50175300812236,0 -46.86834228247795,-22.50170813232297,0 -46.86833929216073,-22.5016641522827,0 -46.86833606180334,-22.5016210698204,0 -46.86833257550898,-22.50157866508206,0 -46.86832880357929,-22.50153660787849,0 -46.86832470119194,-22.50149434882696,0 -46.86832025454314,-22.50145178048353,0 -46.86831549593406,-22.50140923727843,0 -46.86831042667217,-22.50136672168273,0 -46.86830503369277,-22.50132412585668,0 -46.86829914884405,-22.50128024010393,0 -46.86829293624937,-22.50123639187376,0 -46.86828639735166,-22.5011925838954,0 -46.86827951594012,-22.50114870899223,0 -46.86827230948763,-22.50110488003628,0 -46.86826476015483,-22.50106099007746,0 -46.8682568870488,-22.50101715176715,0 -46.86824869165424,-22.50097336792968,0 -46.86824026220112,-22.50093007836253,0 -46.86823149729736,-22.50088673860267,0 -46.86822241928381,-22.50084346080134,0 -46.86821300668322,-22.50080013940385,0 -46.86820307043273,-22.50075590777455,0 -46.86819265749878,-22.50071098435765,0 -46.86818174353072,-22.50066526094451,0 -46.86817030303027,-22.50061862964583,0 -46.86815833726043,-22.50057109078662,0 -46.86814579336567,-22.5005224286306,0 -46.86813261619835,-22.50047242808969,0 -46.86811874921815,-22.50042087455763,0 -46.86810416522501,-22.50036766116203,0 -46.86808868888131,-22.50031214400726,0 -46.86807220144317,-22.50025389519513,0 -46.86805436978624,-22.50019173707851,0 -46.8680307981433,-22.50011058079286,0 -46.86800189206008,-22.50001206288379,0 -46.86796441454492,-22.49988506785416,0 -46.86792722674455,-22.49975974116783,0 -46.86786872826185,-22.49956435654305,0 -46.86784117116702,-22.49947324847744,0 -46.86781439803872,-22.49938539054006,0 -46.86778413595896,-22.49928693383716,0 
						</coordinates>
					</LinearRing>
				</outerBoundaryIs>
			</Polygon>
		</Placemark>
		<Placemark>
			<name>3000</name>
			<styleUrl>#falseColor4</styleUrl>
			<Style id="inline">
				<IconStyle>
					<colorMode>random</colorMode>
				</IconStyle>
				<LineStyle>
					<colorMode>random</colorMode>
				</LineStyle>
				<PolyStyle>
					<colorMode>random</colorMode>
				</PolyStyle>
			</Style>
			<ExtendedData>
				<SchemaData schemaUrl="#S_FKA_DSSSSDDSD">
					<SimpleData name="id_0">3000</SimpleData>
					<SimpleData name="chave">FKA_109</SimpleData>
					<SimpleData name="fundo">10835 - FAZENDA KALUNGA</SimpleData>
					<SimpleData name="descricao">FKA - FAZENDA KALUNGA</SimpleData>
					<SimpleData name="regiao">FKA</SimpleData>
					<SimpleData name="area_quadr">45.7017</SimpleData>
					<SimpleData name="area_parci">9.55778</SimpleData>
					<SimpleData name="quadra">109</SimpleData>
					<SimpleData name="quadra_int">109</SimpleData>
				</SchemaData>
			</ExtendedData>
			<Polygon>
				<outerBoundaryIs>
					<LinearRing>
						<coordinates>
							-46.87032203718576,-22.50272529368115,0 -46.87043869643088,-22.50275629939441,0 -46.87055168665392,-22.50278686100095,0 -46.87066881374213,-22.50281921008846,0 -46.8707493922671,-22.5028418277489,0 -46.87083248510002,-22.50286543554838,0 -46.8709180919879,-22.50289003542553,0 -46.8710070774684,-22.50291587782849,0 -46.87109857891244,-22.50294270953745,0 -46.87119432487114,-22.50297103243042,0 -46.87129604131822,-22.5030013572129,0 -46.87140631495809,-22.50303445702036,0 -46.87134899632117,-22.50310350004445,0 -46.8712830798612,-22.50318217909493,0 -46.87120833666884,-22.50327081547552,0 -46.87099243008225,-22.5035260691845,0 -46.87091994741842,-22.503612331233,0 -46.87084605681151,-22.50370076862691,0 -46.87074091223952,-22.50382738428572,0 -46.87062680924595,-22.50396562286277,0 -46.87050592112829,-22.50411277879497,0 -46.87030030024935,-22.50436379955229,0 -46.87021447346913,-22.50446793973884,0 -46.87015914810048,-22.50453445771509,0 -46.87010794754401,-22.50459543046128,0 -46.87005863913745,-22.50465350887626,0 -46.87001177940771,-22.50470803348703,0 -46.86997538084972,-22.50474988702902,0 -46.86993930074112,-22.50479090931499,0 -46.86990410621099,-22.50483044904911,0 -46.8698692265422,-22.50486915340821,0 -46.86983466679885,-22.50490701710149,0 -46.86979984007143,-22.50494467255561,0 -46.86976593308625,-22.50498084044082,0 -46.86973176292712,-22.50501678780968,0 -46.86969793109697,-22.50505187664803,0 -46.86966383507308,-22.50508672692268,0 -46.86963008534402,-22.50512071053598,0 -46.86959607009488,-22.50515444007316,0 -46.86956240986622,-22.50518729767882,0 -46.86952911429032,-22.50521928666726,0 -46.86949555768822,-22.50525100726457,0 -46.869462375979,-22.50528185827491,0 -46.8693534529529,-22.50531844757864,0 -46.86924961311163,-22.50535278587009,0 -46.86915166812895,-22.50538460089196,0 -46.86905789901419,-22.50541445143023,0 -46.86896658917834,-22.50544287163294,0 -46.86887858268079,-22.50546958929656,0 -46.86878959116228,-22.50549588092216,0 -46.86874992297653,-22.50550732566665,0 -46.86871382420981,-22.5055175410092,0 -46.86868293901057,-22.50552609309246,0 -46.86865387565525,-22.50553395145407,0 -46.86862577408298,-22.50554134928123,0 -46.86859861976632,-22.50554828786506,0 -46.86857239963764,-22.50555477116566,0 -46.86854628682456,-22.50556099627637,0 -46.86852108984504,-22.50556676581229,0 -46.86849679708845,-22.50557209148326,0 -46.86847259224771,-22.50557715097239,0 -46.86844927594212,-22.50558177702507,0 -46.86842604011309,-22.50558613044353,0 -46.86840287927119,-22.50559020108687,0 -46.86838057615422,-22.50559385637181,0 -46.86835831930148,-22.50559723502839,0 -46.86833609707697,-22.50560033067115,0 -46.8683146966128,-22.5056030418566,0 -46.86829254373952,-22.50560556350857,0 -46.86827043653171,-22.50560778372372,0 -46.86824837963625,-22.50560969621207,0 -46.86822716636295,-22.5056112432573,0 -46.8682052286572,-22.50561253403589,0 -46.86818416375751,-22.50561346975499,0 -46.86816320945126,-22.50561409361226,0 -46.86814221152004,-22.50561440886923,0 -46.86812112366039,-22.50561442024088,0 -46.86809985179142,-22.50561413817793,0 -46.86807752023795,-22.50561354828349,0 -46.86805412699359,-22.50561263779908,0 -46.86802964963434,-22.5056113990081,0 -46.86800489128077,-22.50560988299971,0 -46.86797817397332,-22.50560798854071,0 -46.86795028980169,-22.50560576643806,0 -46.86791086156585,-22.50560227651198,0 -46.86786551521112,-22.50559789682768,0 -46.86776903324652,-22.50558802329883,0 -46.86770787830184,-22.5055815949658,0 -46.86766514336873,-22.50557688458803,0 -46.86762726468979,-22.50557246445923,0 -46.86759154616993,-22.50556801622059,0 -46.8675587630654,-22.50556363730714,0 -46.86752387281835,-22.50555860502909,0 -46.86749103476075,-22.50555346072792,0 -46.86745859939668,-22.50554793774157,0 -46.8674295058133,-22.50554252925863,0 -46.86740504017035,-22.50553749571433,0 -46.86738338877047,-22.50553252346086,0 -46.86736308091469,-22.50552726750865,0 -46.86734473464523,-22.5055218791132,0 -46.86733492883179,-22.50551869503386,0 -46.8673255510399,-22.50551541479803,0 -46.86731655807646,-22.50551202297012,0 -46.86730739268449,-22.50550828845448,0 -46.86729904675835,-22.50550461722552,0 -46.86729096730007,-22.5055007915985,0 -46.8672829711202,-22.50549672313412,0 -46.8672746749529,-22.50549219259772,0 -46.86726660281533,-22.50548746120166,0 -46.86725921979353,-22.50548282878015,0 -46.86725168406445,-22.50547776919993,0 -46.86724446366481,-22.50547257578074,0 -46.86723758500181,-22.50546727472724,0 -46.86723107469148,-22.50546189296363,0 -46.86722495247495,-22.50545645765427,0 -46.86721892558782,-22.5054506904144,0 -46.86721449901615,-22.50544614288661,0 -46.86721016289709,-22.50544139243963,0 -46.86720150898224,-22.50543102424033,0 -46.8671924422631,-22.50541894449984,0 -46.8671832799423,-22.50540556983219,0 -46.86717371356857,-22.50539051290323,0 -46.86716336138312,-22.50537316566139,0 -46.86715213476456,-22.50535343831017,0 -46.86713034734192,-22.5053140141658,0 -46.86712101178123,-22.50529743998575,0 -46.86711071312724,-22.50527980767242,0 -46.86710055607319,-22.50526324228133,0 -46.86708864990488,-22.50524495789562,0 -46.86708217516887,-22.50523554216834,0 -46.86707609402303,-22.50522702959674,0 -46.86706968715257,-22.50521840354588,0 -46.86706293600483,-22.50520968281834,0 -46.86705672780462,-22.50520198482288,0 -46.86705021636081,-22.50519422972146,0 -46.86704238831847,-22.50518531947042,0 -46.86703409420176,-22.50517635015012,0 -46.8670253552251,-22.50516739448722,0 -46.86701739203306,-22.50515964886912,0 -46.86700915968157,-22.50515203165096,0 -46.86699964534438,-22.50514368317777,0 -46.86699123962046,-22.5051366794143,0 -46.86698155215213,-22.50512900424252,0 -46.86697180141547,-22.50512167351178,0 -46.86696200470431,-22.50511467612226,0 -46.86695217862974,-22.50510800059256,0 -46.8669411098802,-22.50510086104887,0 -46.86693127641858,-22.50509483119371,0 -46.86692023649199,-22.50508838530115,0 -46.86690923565424,-22.5050822792561,0 -46.86689707792846,-22.50507587224724,0 -46.86687901751235,-22.50506695616451,0 -46.86686122702523,-22.50505879864247,0 -46.86684141611082,-22.50505036143338,0 -46.86682086647917,-22.50504223316458,0 -46.86679971591361,-22.50503443126635,0 -46.86677703969504,-22.5050266008235,0 -46.86675208963383,-22.50501847643613,0 -46.86672244280024,-22.50500927849508,0 -46.86671133573969,-22.50500291670483,0 -46.86670169050124,-22.50499766082068,0 -46.8666910872829,-22.50499219743272,0 -46.8666803289845,-22.50498696929366,0 -46.86666942104377,-22.50498197182907,0 -46.86665751291627,-22.50497684267038,0 -46.86664631155481,-22.50497230968242,0 -46.86663409990616,-22.50496767000993,0 -46.86662085163124,-22.50496297069251,0 -46.86660654109326,-22.50495825995148,0 -46.86659296515433,-22.50495411897509,0 -46.86657832203534,-22.50494998568105,0 -46.86656351862498,-22.5049461351644,0 -46.86654856312028,-22.50494256824926,0 -46.86653346385391,-22.504939286612,0 -46.86651823319491,-22.50493629623463,0 -46.86649808477198,-22.50493284479663,0 -46.86647877029966,-22.50493008690995,0 -46.86645937622365,-22.50492787571323,0 -46.86643994467529,-22.50492624110814,0 -46.86642051777338,-22.50492521299151,0 -46.86640210450185,-22.50492482558716,0 -46.86638376952204,-22.50492504041903,0 -46.86636650515552,-22.50492582481574,0 -46.86634842838993,-22.50492729268696,0 -46.86633147484155,-22.50492931441377,0 -46.86631472023101,-22.50493197449858,0 -46.86629909962056,-22.50493509886093,0 -46.86628368541486,-22.50493884854745,0 -46.86626937382496,-22.50494297622429,0 -46.86625525917947,-22.50494771029471,0 -46.86624740880686,-22.50495064924069,0 -46.86623962413051,-22.50495379263128,0 -46.86623884795084,-22.50495394884604,0 -46.86615250454483,-22.50479087784854,0 -46.86608107845712,-22.50465479502349,0 -46.86601623456091,-22.50452981486489,0 -46.86598584339149,-22.50447063276053,0 -46.8659571921682,-22.50441441244249,0 -46.86590229291198,-22.50430556737507,0 -46.86584181232637,-22.50418428318494,0 -46.86579265636879,-22.50408496431493,0 -46.8656735022663,-22.50384321815078,0 -46.86561871794284,-22.50373245720957,0 -46.86561958495611,-22.50373107776221,0 -46.86563711250846,-22.5037233411253,0 -46.86565829941765,-22.503714484956,0 -46.86567068211168,-22.50370955192034,0 -46.86568674556812,-22.50370341184777,0 -46.8657134437981,-22.50369383096782,0 -46.86572777172787,-22.50368899777401,0 -46.86574146347255,-22.50368457211164,0 -46.86576733435854,-22.50367670477651,0 -46.86579639350021,-22.50366860099663,0 -46.86582532066382,-22.50366123806788,0 -46.86585813832664,-22.50365360929827,0 -46.86589472768845,-22.50364584430432,0 -46.8659288026187,-22.50363923825103,0 -46.86596353592663,-22.50363314620642,0 -46.86599718761545,-22.50362786858682,0 -46.86603137335419,-22.50362314255849,0 -46.86606606769609,-22.50361900650388,0 -46.86609947487693,-22.50361565633739,0 -46.86613152930488,-22.50361302986012,0 -46.8661622100855,-22.50361105968079,0 -46.86619323057096,-22.50360961090184,0 -46.86622595319299,-22.50360867477884,0 -46.86625835579954,-22.50360834008166,0 -46.86629044411399,-22.50360858169944,0 -46.86632221254771,-22.50360937674522,0 -46.86635362457056,-22.50361070070099,0 -46.86638630611037,-22.50361263982065,0 -46.86641851665356,-22.50361510576261,0 -46.86645028005902,-22.50361806937422,0 -46.86648323112491,-22.50362169675072,0 -46.86651568794885,-22.50362581474445,0 -46.86654769181036,-22.5036304009011,0 -46.86658085460209,-22.50363570192668,0 -46.86661358611087,-22.50364147916906,0 -46.86664129179106,-22.50364679148667,0 -46.86667018161734,-22.50365274179438,0 -46.86669870234385,-22.50365902645569,0 -46.86672685230028,-22.50366562825142,0 -46.86675463016715,-22.50367253006402,0 -46.86678346659608,-22.50368010043087,0 -46.86681188587194,-22.50368796360263,0 -46.86683988917119,-22.50369610035552,0 -46.86686754288389,-22.50370451512524,0 -46.86689627656188,-22.50371365695995,0 -46.86692470837303,-22.50372310480422,0 -46.86695283609988,-22.50373284719405,0 -46.86698065837364,-22.50374287268794,0 -46.86700947757222,-22.50375366720496,0 -46.8670379615977,-22.50376474791813,0 -46.86706611085517,-22.50377610243536,0 -46.86710270734883,-22.50379146768719,0 -46.86713874476447,-22.5038072677576,0 -46.86717423289673,-22.50382348158434,0 -46.86721037148891,-22.5038406657656,0 -46.8672459319837,-22.50385824333986,0 -46.86728207575516,-22.50387679343785,0 -46.86731761297838,-22.50389570906642,0 -46.86735254910695,-22.50391496251589,0 -46.86738139264157,-22.50393135192794,0 -46.86740984429474,-22.50394795893495,0 -46.86743791641603,-22.5039647761828,0 -46.86746658710705,-22.50398239855538,0 -46.86749492327242,-22.50400023876679,0 -46.86752518801978,-22.50401970100409,0 -46.86755465399861,-22.50403895864096,0 -46.86761977560368,-22.50408188140177,0 -46.8676506389026,-22.50410186607234,0 -46.86766722393414,-22.50411230342269,0 -46.86768153240406,-22.50412101671402,0 -46.8676956029535,-22.50412918564505,0 -46.86770229460961,-22.50413266432599,0 -46.86770750007486,-22.50413495640046,0 -46.86771274261565,-22.50413690058108,0 -46.86771906494067,-22.50413885926949,0 -46.86772513141765,-22.50414040267645,0 -46.86773053621113,-22.50414146242496,0 -46.86773666672166,-22.50414235318215,0 -46.86774440397082,-22.50414318630362,0 -46.8677521080341,-22.50414380805591,0 -46.86776165848834,-22.50414429125647,0 -46.86777097258038,-22.50414453169708,0 -46.86778074283257,-22.50414454531768,0 -46.86779059479903,-22.50414432496043,0 -46.86780078069012,-22.50414386272956,0 -46.86781092090285,-22.50414317695698,0 -46.86782123454361,-22.50414225671829,0 -46.86783135849089,-22.50414113830911,0 -46.86784300309407,-22.50413959257089,0 -46.86785457803975,-22.50413779085022,0 -46.86786648757927,-22.50413567316011,0 -46.86787883440467,-22.50413321041898,0 -46.86789125388611,-22.50413047381556,0 -46.8679036990895,-22.50412748417762,0 -46.86791655091739,-22.5041241505284,0 -46.86792982495293,-22.50412045889854,0 -46.86794309527204,-22.5041165294171,0 -46.86795676742599,-22.50411224506183,0 -46.86797083627453,-22.50410760070813,0 -46.86798482420247,-22.50410275859064,0 -46.86799917548213,-22.50409756955844,0 -46.86801389360438,-22.50409202770772,0 -46.86802898153604,-22.50408612862014,0 -46.86804439343006,-22.50407988735876,0 -46.86806006576473,-22.50407332745939,0 -46.86807596964051,-22.50406645934715,0 -46.86810774642669,-22.5040521286064,0 -46.86812405574224,-22.50404446828412,0 -46.86814046264197,-22.50403655813834,0 -46.86817302029706,-22.50402026883646,0 -46.86820596525564,-22.50400301107771,0 -46.86823985838714,-22.50398447957252,0 -46.8682741218141,-22.50396498274623,0 -46.86830873435859,-22.50394454300207,0 -46.86833899560202,-22.50392608789243,0 -46.86837006821622,-22.50390659716667,0 -46.86840197551806,-22.50388603941022,0 -46.86843423097932,-22.50386473360166,0 -46.86846752747017,-22.50384223206061,0 -46.86850190044489,-22.50381851512526,0 -46.86853802337964,-22.50379311687152,0 -46.86857597334728,-22.5037659749346,0 -46.86861519745065,-22.50373750620333,0 -46.86865709267051,-22.50370672437904,0 -46.86870316826804,-22.50367253223566,0 -46.86875922915809,-22.503630618323,0 -46.86891714748622,-22.50351224049484,0 -46.8689641566846,-22.50347684933971,0 -46.86901678736015,-22.50343676614189,0 -46.86906248174739,-22.50340131737237,0 -46.86910516751983,-22.50336740290646,0 -46.86912505765131,-22.50335125879405,0 -46.86914435431783,-22.50333534696849,0 -46.86916253549374,-22.50332009836389,0 -46.86918013654121,-22.50330506656493,0 -46.8691971530936,-22.50329024986616,0 -46.86921358158799,-22.50327564628382,0 -46.8692289742219,-22.503261662135,0 -46.86924338046898,-22.50324827581946,0 -46.86925767960019,-22.50323467061478,0 -46.86927139821166,-22.50322128254391,0 -46.86928486897197,-22.50320778386254,0 -46.86929814935298,-22.5031941332163,0 -46.86931176975111,-22.50317980371458,0 -46.86932613805178,-22.50316435279401,0 -46.86934790805204,-22.50314035346737,0 -46.86937042820389,-22.50311487196722,0 -46.86939514117941,-22.50308627299513,0 -46.86942174340907,-22.50305489417361,0 -46.86946068934765,-22.50300818305136,0 -46.86954352985254,-22.50290772440991,0 -46.86958821629796,-22.50285386751125,0 -46.86963526890464,-22.50279759352356,0 -46.86974346627876,-22.50266868595068,0 -46.869809829609,-22.50258914239686,0 -46.8698985260262,-22.50261330504906,0 -46.86999779108013,-22.50263988142344,0 -46.87009278586012,-22.50266500545328,0 -46.87032203718576,-22.50272529368115,0 
						</coordinates>
					</LinearRing>
				</outerBoundaryIs>
			</Polygon>
		</Placemark>
		<Placemark>
			<name>3001</name>
			<styleUrl>#falseColor4</styleUrl>
			<Style id="inline">
				<IconStyle>
					<colorMode>random</colorMode>
				</IconStyle>
				<LineStyle>
					<colorMode>random</colorMode>
				</LineStyle>
				<PolyStyle>
					<colorMode>random</colorMode>
				</PolyStyle>
			</Style>
			<ExtendedData>
				<SchemaData schemaUrl="#S_FKA_DSSSSDDSD">
					<SimpleData name="id_0">3001</SimpleData>
					<SimpleData name="chave">FKA_109</SimpleData>
					<SimpleData name="fundo">10835 - FAZENDA KALUNGA</SimpleData>
					<SimpleData name="descricao">FKA - FAZENDA KALUNGA</SimpleData>
					<SimpleData name="regiao">FKA</SimpleData>
					<SimpleData name="area_quadr">45.7017</SimpleData>
					<SimpleData name="area_parci">1.74966</SimpleData>
					<SimpleData name="quadra">109</SimpleData>
					<SimpleData name="quadra_int">109</SimpleData>
				</SchemaData>
			</ExtendedData>
			<Polygon>
				<outerBoundaryIs>
					<LinearRing>
						<coordinates>
							-46.86864323881426,-22.50555821058371,0 -46.86869078073494,-22.5055453891161,0 -46.86874264263579,-22.50553086715723,0 -46.8688004771339,-22.5055141844613,0 -46.86886980987384,-22.5054937053725,0 -46.86893901968144,-22.50547282091114,0 -46.86901057430541,-22.50545078521803,0 -46.8690836689797,-22.50542784577686,0 -46.86915911470954,-22.50540375204323,0 -46.8692377248706,-22.50537824139358,0 -46.86931951257353,-22.50535130925564,0 -46.86940529700519,-22.5053226909933,0 -46.86936638851277,-22.50535728588293,0 -46.86932712108302,-22.50539148990439,0 -46.86928686235614,-22.50542584949438,0 -46.86924372811029,-22.50546200243772,0 -46.869203490752,-22.50549524273679,0 -46.86915917971648,-22.50553144577042,0 -46.86900272970612,-22.5056579432935,0 -46.86894066893299,-22.50570848469101,0 -46.86890779919668,-22.50573554306957,0 -46.86887759958871,-22.50576064555581,0 -46.86884878824421,-22.50578485482958,0 -46.86882073306801,-22.50580871453393,0 -46.86877701065393,-22.50584655901918,0 -46.86873555759806,-22.50588331720024,0 -46.86869267271641,-22.50592234998162,0 -46.8686047028724,-22.50600390821797,0 -46.86856649743563,-22.50603891200942,0 -46.86854543043838,-22.5060578746697,0 -46.86852549394087,-22.50607552242134,0 -46.86850668531059,-22.50609185935278,0 -46.86848837540218,-22.5061074324761,0 -46.86846928171251,-22.50612328741596,0 -46.86845065853603,-22.50613834023704,0 -46.86843250560685,-22.50615259420022,0 -46.86841416726299,-22.50616654972239,0 -46.86839629300136,-22.50617970240663,0 -46.86837821655047,-22.50619253507029,0 -46.86836060484561,-22.50620457061677,0 -46.86834346866804,-22.50621582825704,0 -46.8683296092566,-22.50622460094524,0 -46.86831561019261,-22.50623315497667,0 -46.86830146512499,-22.50624148109338,0 -46.86828788264367,-22.5062491823426,0 -46.86827414999587,-22.50625668337857,0 -46.86825952794596,-22.50626437256929,0 -46.86824400419068,-22.50627224313338,0 -46.86822831932147,-22.50627992605032,0 -46.86819880972223,-22.50629376637307,0 -46.86816579092574,-22.50630851578614,0 -46.86813004129106,-22.50632389942134,0 -46.86805858910288,-22.50635397950473,0 -46.86802868358717,-22.50636672846148,0 -46.86799729601643,-22.50638047267744,0 -46.86796920810537,-22.50639324844627,0 -46.86794288665769,-22.50640577385332,0 -46.86791684935172,-22.5064188155985,0 -46.8678926891757,-22.50643145372823,0 -46.86783384575846,-22.50646283707209,0 -46.86781748896373,-22.50647132696547,0 -46.86780257193055,-22.50647885057126,0 -46.86778532488834,-22.50648721074169,0 -46.86776945768245,-22.50649451470103,0 -46.86775420955178,-22.50650112946988,0 -46.86773957489385,-22.50650706327435,0 -46.86772555310511,-22.50651233134647,0 -46.86771135641717,-22.50651722740834,0 -46.86769776951849,-22.50652148927478,0 -46.86768399176635,-22.50652537980536,0 -46.86767003378849,-22.50652888844376,0 -46.86765592549542,-22.50653200768576,0 -46.86764169192352,-22.50653472756725,0 -46.86762735811666,-22.50653703812867,0 -46.86761294910743,-22.50653892969333,0 -46.8675984898447,-22.5065403929317,0 -46.86758400527,-22.50654141853221,0 -46.86757037194797,-22.50654197568209,0 -46.86755590960371,-22.50654212521628,0 -46.8675423412289,-22.50654184200033,0 -46.86752799388228,-22.50654108264057,0 -46.86751457679847,-22.50653992910225,0 -46.86750458135941,-22.50653878037451,0 -46.86749547773224,-22.50653751103846,0 -46.86748643718216,-22.50653603242844,0 -46.86747746623325,-22.50653434231549,0 -46.86746857108567,-22.50653243865165,0 -46.86745975790111,-22.50653031930807,0 -46.86745103285003,-22.5065279821438,0 -46.86744240210285,-22.50652542501777,0 -46.86743464110355,-22.50652290603309,0 -46.86742619375907,-22.50651991902313,0 -46.8674178368214,-22.50651671077537,0 -46.86740956665059,-22.50651328682192,0 -46.86740137960651,-22.50650965269481,0 -46.86739327414833,-22.50650581522243,0 -46.86738525185404,-22.50650178323934,0 -46.86737659490654,-22.50649717204891,0 -46.86736803647272,-22.50649234878592,0 -46.86735957629804,-22.50648732356854,0 -46.86735121412794,-22.50648210651497,0 -46.86734294983725,-22.5064767078683,0 -46.86733410723604,-22.50647066670803,0 -46.86732537926144,-22.50646443842242,0 -46.86731676574002,-22.50645803656516,0 -46.86730826649833,-22.50645147468989,0 -46.86729988136298,-22.50644476635029,0 -46.86729097838737,-22.50643739559678,0 -46.86728220708588,-22.50642988999362,0 -46.86727295554119,-22.50642171553483,0 -46.86725490710194,-22.50640502662907,0 -46.86723688177012,-22.50638739703783,0 -46.86722165734674,-22.50637173454396,0 -46.8672068358925,-22.50635579832019,0 -46.86719185132111,-22.5063389958089,0 -46.86717670226792,-22.5063213122329,0 -46.86716137959905,-22.50630273592131,0 -46.86714586556337,-22.50628325788799,0 -46.86713013294838,-22.50626287214545,0 -46.86711318141232,-22.50624027698135,0 -46.86709880526485,-22.50622068367295,0 -46.86708261649283,-22.50619825075335,0 -46.86702577866035,-22.50611824518652,0 -46.8670022647443,-22.50608551884363,0 -46.86698166466693,-22.50605745956247,0 -46.86693827355708,-22.50599940770523,0 -46.86692683579427,-22.50598372457245,0 -46.86691666119302,-22.50596939832075,0 -46.86690912733357,-22.50595847422104,0 -46.86690181745575,-22.50594753905185,0 -46.86689519626649,-22.50593727462067,0 -46.86688924231731,-22.50592768208606,0 -46.86688352724292,-22.50591807639598,0 -46.86687807130326,-22.50590845627158,0 -46.86687289475821,-22.50589882043406,0 -46.86686835584752,-22.50588985768317,0 -46.86686377535086,-22.50588018794412,0 -46.86685982479895,-22.50587119272092,0 -46.86685618101648,-22.50586218048116,0 -46.86685285837519,-22.50585314848727,0 -46.86684987124675,-22.50584409400167,0 -46.86684742411875,-22.50583571368453,0 -46.86684512260116,-22.5058266082514,0 -46.86684333256968,-22.50581817535676,0 -46.86684186139579,-22.50580969030631,0 -46.86684061302622,-22.50580042695839,0 -46.86683971021761,-22.50579108935498,0 -46.86683913922576,-22.50578167710867,0 -46.86683888649554,-22.50577219067787,0 -46.86683895379309,-22.50576189373208,0 -46.86683931619033,-22.50575225932371,0 -46.86684001253639,-22.50574180751019,0 -46.86684084876307,-22.50573278762311,0 -46.86684189399909,-22.50572371285903,0 -46.86684456626364,-22.5057054047852,0 -46.8668480919012,-22.50568612279719,0 -46.86685262432702,-22.50566507819195,0 -46.86685737203948,-22.50564540656784,0 -46.8668631761308,-22.50562318334762,0 -46.866885287435,-22.5055441330104,0 -46.86689397835176,-22.50551143367804,0 -46.8668984012601,-22.50549337317569,0 -46.86690230855795,-22.50547610237294,0 -46.86690569279981,-22.50545963941033,0 -46.86690857252949,-22.50544399222384,0 -46.86691158366309,-22.50542504695187,0 -46.86691393219268,-22.50540692952099,0 -46.86691571475659,-22.50538882449721,0 -46.86691684661615,-22.5053715615736,0 -46.86691738192554,-22.50535432463021,0 -46.86691730099421,-22.50533793920511,0 -46.8669166090375,-22.50532159003675,0 -46.86691535464366,-22.50530609754858,0 -46.8669143506607,-22.50529714806151,0 -46.86691313554753,-22.50528821537986,0 -46.86691170359563,-22.50527930111867,0 -46.86691020886472,-22.50527121457012,0 -46.86690834713886,-22.50526233989906,0 -46.86690645227281,-22.50525429198078,0 -46.86690435989295,-22.50524626562621,0 -46.86690182894048,-22.50523746864086,0 -46.86689932293098,-22.50522950564686,0 -46.8668963445626,-22.50522078982298,0 -46.86689343879166,-22.50521291095268,0 -46.86689002836406,-22.50520429903954,0 -46.86688673748611,-22.50519652519247,0 -46.86688291975492,-22.5051880476254,0 -46.86687891094016,-22.50517966697698,0 -46.86687472766459,-22.50517140373564,0 -46.8668663171051,-22.50515602861378,0 -46.86686172082377,-22.50514822341683,0 -46.86685701506179,-22.50514061571832,0 -46.86685221644183,-22.50513322600674,0 -46.86684734158677,-22.5051260747706,0 -46.86684240711931,-22.50511918249836,0 -46.86683742966229,-22.50511256967854,0 -46.86683197021241,-22.50510569848277,0 -46.86682482515801,-22.50509714067783,0 -46.86681800966144,-22.50508925084535,0 -46.8668110633765,-22.50508151471977,0 -46.86680473912261,-22.50507476205126,0 -46.86679855938797,-22.50506844381537,0 -46.86678537917123,-22.50505583273569,0 -46.86680179103026,-22.50506190013023,0 -46.86681848069247,-22.50506843672986,0 -46.86683328959806,-22.50507458602303,0 -46.86684827563059,-22.50508118497589,0 -46.86686233422902,-22.50508776408281,0 -46.86687651507579,-22.50509482428172,0 -46.86688969245353,-22.50510180518395,0 -46.86690291900458,-22.50510926376339,0 -46.86691616063846,-22.50511723248986,0 -46.86692828303118,-22.50512501310858,0 -46.86694036819869,-22.50513327942657,0 -46.86695129362437,-22.50514123507127,0 -46.86696212853412,-22.50514962448587,0 -46.86697284163628,-22.50515846117108,0 -46.86698341212007,-22.50516776857764,0 -46.86699274627472,-22.50517652979891,0 -46.86700070836423,-22.50518444221257,0 -46.86700928163416,-22.50519344763432,0 -46.8670173585005,-22.5052024206963,0 -46.86702582463153,-22.50521236384904,0 -46.86703378339389,-22.50522223922757,0 -46.86704200325865,-22.50523300307557,0 -46.86704970887076,-22.50524363643132,0 -46.86705757285185,-22.50525504701724,0 -46.86706432678102,-22.50526529916823,0 -46.86707069716738,-22.50527534857861,0 -46.86708393936494,-22.50529737380955,0 -46.86709574184022,-22.50531809921117,0 -46.86712381422655,-22.50536873157624,0 -46.86713206203397,-22.50538308300611,0 -46.86713975652663,-22.5053960038058,0 -46.86714795801038,-22.50540915373063,0 -46.86715598268992,-22.5054213005952,0 -46.86716383967373,-22.50543243096791,0 -46.86717122451743,-22.50544214452227,0 -46.86718005096881,-22.50545276489765,0 -46.86718472264658,-22.50545794282555,0 -46.86718913079653,-22.50546255071816,0 -46.86719410122402,-22.50546745291845,0 -46.86719897711384,-22.50547199739674,0 -46.86720938546333,-22.5054809518976,0 -46.86721530571976,-22.50548565335898,0 -46.8672210338509,-22.50548996673454,0 -46.86723303446035,-22.5054983395969,0 -46.86724569182854,-22.50550631289017,0 -46.86725938892037,-22.50551407829706,0 -46.86726813827106,-22.50551861606027,0 -46.86727649803391,-22.50552266216718,0 -46.86728503145833,-22.50552651419376,0 -46.86729434372228,-22.50553042475241,0 -46.86730340988561,-22.50553396410027,0 -46.86731332651799,-22.50553756091176,0 -46.86732361890301,-22.50554102326254,0 -46.86733431327263,-22.50554436456849,0 -46.86734538570332,-22.50554758190491,0 -46.86735683255123,-22.50555067927581,0 -46.8673686480586,-22.50555366254466,0 -46.86738151174014,-22.50555669778514,0 -46.86739476925816,-22.50555962700895,0 -46.86740914049417,-22.50556260797982,0 -46.8674406722817,-22.50556859960409,0 -46.86747645550969,-22.50557476129603,0 -46.86751425960262,-22.50558069073485,0 -46.86755410859643,-22.50558638402291,0 -46.86759606438745,-22.50559186261079,0 -46.86763854040601,-22.50559697657914,0 -46.8676865281174,-22.50560236082072,0 -46.86773937926881,-22.50560797657797,0 -46.86783033602172,-22.50561735077911,0 -46.86788638360835,-22.50562290672162,0 -46.86793323366968,-22.50562716905616,0 -46.86797529897073,-22.50563053002023,0 -46.86801434194502,-22.50563312449273,0 -46.86805124514879,-22.5056349983177,0 -46.8680860759221,-22.50563615113234,0 -46.86811962387611,-22.50563660357201,0 -46.86815207599824,-22.50563634664713,0 -46.86816862930613,-22.50563593935667,0 -46.86818595076961,-22.50563531021541,0 -46.86820260341207,-22.50563451533137,0 -46.86822004270094,-22.50563348824909,0 -46.86823751609746,-22.50563226340337,0 -46.86825502029135,-22.50563084377743,0 -46.86827255077807,-22.50562923247869,0 -46.86829010360173,-22.50562743261875,0 -46.86830767733559,-22.50562544729884,0 -46.86832603446885,-22.50562318153249,0 -46.86836202780942,-22.50561818453615,0 -46.86839807911576,-22.5056124668387,0 -46.86843577572483,-22.50560576767463,0 -46.86847438912076,-22.50559819923928,0 -46.86851395181166,-22.50558976588908,0 -46.86855525886241,-22.50558029742013,0 -46.86859834255327,-22.50556977948227,0 -46.86864323881426,-22.50555821058371,0 
						</coordinates>
					</LinearRing>
				</outerBoundaryIs>
			</Polygon>
		</Placemark>
		<Placemark>
			<name>3002</name>
			<styleUrl>#falseColor4</styleUrl>
			<Style id="inline">
				<IconStyle>
					<colorMode>random</colorMode>
				</IconStyle>
				<LineStyle>
					<colorMode>random</colorMode>
				</LineStyle>
				<PolyStyle>
					<colorMode>random</colorMode>
				</PolyStyle>
			</Style>
			<ExtendedData>
				<SchemaData schemaUrl="#S_FKA_DSSSSDDSD">
					<SimpleData name="id_0">3002</SimpleData>
					<SimpleData name="chave">FKA_109</SimpleData>
					<SimpleData name="fundo">10835 - FAZENDA KALUNGA</SimpleData>
					<SimpleData name="descricao">FKA - FAZENDA KALUNGA</SimpleData>
					<SimpleData name="regiao">FKA</SimpleData>
					<SimpleData name="area_quadr">45.7017</SimpleData>
					<SimpleData name="area_parci">6.2142</SimpleData>
					<SimpleData name="quadra">109</SimpleData>
					<SimpleData name="quadra_int">109</SimpleData>
				</SchemaData>
			</ExtendedData>
			<Polygon>
				<outerBoundaryIs>
					<LinearRing>
						<coordinates>
							-46.86880855238457,-22.5022825176801,0 -46.86888613648893,-22.50230610004658,0 -46.86895285408678,-22.50232681413173,0 -46.86902769851122,-22.50235041160387,0 -46.86926840797608,-22.50242737701149,0 -46.86935230031261,-22.50245401516242,0 -46.86943139629015,-22.50247876990739,0 -46.86950406598358,-22.50250107094757,0 -46.86956863420838,-22.50252044019739,0 -46.86963584171399,-22.50254011671251,0 -46.86970567990187,-22.50256009656834,0 -46.86977981100055,-22.50258085309887,0 -46.86972131261945,-22.50265102818721,0 -46.86961214937723,-22.50278108893664,0 -46.86956471263503,-22.50283782467721,0 -46.86952062830287,-22.50289095704365,0 -46.86943643669736,-22.50299304861307,0 -46.86939637138315,-22.50304106545136,0 -46.86936833795375,-22.50307406273686,0 -46.86934231938585,-22.50310404677468,0 -46.86931858019985,-22.50313072339717,0 -46.86929575689884,-22.50315562959935,0 -46.86928157086004,-22.5031706904684,0 -46.86926738383051,-22.50318539527421,0 -46.86925356411576,-22.50319934604468,0 -46.86924000043532,-22.50321267032453,0 -46.86922545589425,-22.50322658433941,0 -46.86921029516022,-22.50324072486055,0 -46.86919408383296,-22.50325548244586,0 -46.86917766452918,-22.50327009042714,0 -46.86916015360975,-22.5032853382819,0 -46.86914199438422,-22.50330083544901,0 -46.86912269172355,-22.50331700096753,0 -46.86910272360586,-22.50333343172013,0 -46.86908209885457,-22.50335012903718,0 -46.86906028101658,-22.50336752921536,0 -46.86901231990823,-22.50340501963301,0 -46.86897141031961,-22.50343637684162,0 -46.86892296703411,-22.5034730274648,0 -46.86869261800218,-22.50364566572862,0 -46.86864702467732,-22.50367955227265,0 -46.86860613562754,-22.50370966314107,0 -46.8685684600984,-22.50373709465373,0 -46.86853322191097,-22.50376241465269,0 -46.86849556310122,-22.50378904862254,0 -46.8684596878232,-22.50381394710723,0 -46.86842494197531,-22.50383755879,0 -46.86839128558199,-22.5038599035557,0 -46.86835863524485,-22.50388103525059,0 -46.86832683107388,-22.50390106438596,0 -46.8682952961442,-22.50392035511993,0 -46.86826405413844,-22.50393887883899,0 -46.86822880684912,-22.50395904187891,0 -46.86819399112113,-22.50397815455599,0 -46.86817648898821,-22.50398744814981,0 -46.86815963129812,-22.50399619377529,0 -46.86814236629288,-22.50400493589274,0 -46.86812574082412,-22.50401314364762,0 -46.86810922658528,-22.5040210884606,0 -46.868092310808,-22.50402900743707,0 -46.86807601241633,-22.50403642371023,0 -46.86805937257001,-22.50404377469318,0 -46.8680434683836,-22.50405058489526,0 -46.86802734429353,-22.50405726498004,0 -46.86801154278535,-22.50406358237259,0 -46.86799615482457,-22.50406950437015,0 -46.86798119787419,-22.50407502860728,0 -46.8679666666381,-22.50408016223532,0 -46.86795256226379,-22.50408491245795,0 -46.86793848289,-22.50408941222947,0 -46.86792486877606,-22.50409351849212,0 -46.86791134599591,-22.50409734300147,0 -46.86789831454547,-22.5041007738348,0 -46.86788540560394,-22.50410391000241,0 -46.86787298171475,-22.50410666622372,0 -46.86786072642034,-22.50410911754599,0 -46.86784865654348,-22.5041112553411,0 -46.86783699587756,-22.50411304275686,0 -46.86782535350995,-22.50411454085846,0 -46.86781396363839,-22.5041157183849,0 -46.86780249207024,-22.50411661133483,0 -46.8677910894063,-22.5041171975673,0 -46.86777785422543,-22.50411747586846,0 -46.86776473406769,-22.5041172915213,0 -46.86775258648833,-22.50411667633486,0 -46.86774077353414,-22.50411553310409,0 -46.86773339059231,-22.5041143728966,0 -46.86772657902415,-22.50411266183401,0 -46.86771971983279,-22.50411035170679,0 -46.86771335200525,-22.50410744365658,0 -46.86770414677441,-22.50410226295983,0 -46.86769199761753,-22.50409504060222,0 -46.86767850243933,-22.50408671450194,0 -46.86766314152056,-22.50407697719431,0 -46.86763431386311,-22.5040582590125,0 -46.86754660640616,-22.50400056209026,0 -46.86751780774153,-22.50398197800131,0 -46.86749173321197,-22.50396546447245,0 -46.86746535372266,-22.50394910609552,0 -46.86743825675629,-22.50393269477371,0 -46.86741083564717,-22.50391649143646,0 -46.86738412889769,-22.50390109818227,0 -46.86735052120139,-22.50388226693645,0 -46.86731746102157,-22.50386432634443,0 -46.86728386798071,-22.50384668706736,0 -46.86725088349442,-22.50382994334505,0 -46.86721739189135,-22.50381352255812,0 -46.86718338865546,-22.50379744504264,0 -46.86715006823576,-22.50378226671872,0 -46.867116262585,-22.50376744566224,0 -46.86708566512596,-22.5037545292493,0 -46.86705466433785,-22.5037419230309,0 -46.86702451938275,-22.50373012669852,0 -46.86699399747986,-22.50371864447585,0 -46.86696309812154,-22.50370749090276,0 -46.86693313295524,-22.50369712446875,0 -46.86690149893673,-22.50368665881702,0 -46.86687083910017,-22.50367698129125,0 -46.86683980408055,-22.5036676510311,0 -46.86680967700885,-22.50365904065825,0 -46.86677907622516,-22.50365074732535,0 -46.86674799645639,-22.5036427926033,0 -46.86671644207558,-22.50363520130963,0 -46.86668588094344,-22.50362831624859,0 -46.86665489091399,-22.50362180549609,0 -46.86662498274517,-22.50361597294195,0 -46.86659164732706,-22.50360999530461,0 -46.86655786294645,-22.50360450155685,0 -46.86652517524976,-22.5035997294454,0 -46.8664920264273,-22.50359543692185,0 -46.86645836070603,-22.5035916455426,0 -46.86642581521486,-22.50358852919112,0 -46.86639279831618,-22.50358592433637,0 -46.8663592862027,-22.50358386172377,0 -46.86632697164805,-22.5035824331632,0 -46.86629426813639,-22.50358155333889,0 -46.86626122009583,-22.50358124890169,0 -46.86622960288594,-22.50358151338892,0 -46.86619768140378,-22.50358233875837,0 -46.86616557194804,-22.50358374256471,0 -46.86613376370095,-22.50358569968739,0 -46.86610065665491,-22.50358833415601,0 -46.86606626369463,-22.50359171109312,0 -46.86603233309269,-22.50359567686495,0 -46.86599722357401,-22.50360043937664,0 -46.86596267084641,-22.50360577604167,0 -46.86592870387161,-22.5036116447432,0 -46.86589371598143,-22.50361832854369,0 -46.86585839604368,-22.50362571329418,0 -46.86582420739766,-22.50363351771978,0 -46.86579496092088,-22.50364082079165,0 -46.86576742014768,-22.50364831923683,0 -46.86573954123386,-22.50365658881314,0 -46.86571261045214,-22.50366526806758,0 -46.86568703772586,-22.50367417501172,0 -46.86567158875476,-22.50367988564642,0 -46.86565965129842,-22.50368447444943,0 -46.86563498547667,-22.50369445948838,0 -46.86560935510732,-22.50370558010616,0 -46.86560600494807,-22.50370685254158,0 -46.86550436037037,-22.50350282706267,0 -46.86547551741259,-22.50344403325179,0 -46.86544995445806,-22.50339100975134,0 -46.86542419695427,-22.50333636450273,0 -46.86540042393789,-22.50328449748007,0 -46.86537863275553,-22.50323540624603,0 -46.86535816709361,-22.50318760122767,0 -46.86534789615089,-22.5031628650101,0 -46.86533812864173,-22.50313881568173,0 -46.86532855633659,-22.50311469999123,0 -46.86531917316373,-22.50309051697559,0 -46.86530968550942,-22.50306551025818,0 -46.86530010261736,-22.50303967631601,0 -46.86529070639413,-22.50301377474145,0 -46.86528121977909,-22.50298704374744,0 -46.86526225824269,-22.50293185194736,0 -46.86524322623061,-22.50287409562297,0 -46.8652233948515,-22.50281146117305,0 -46.86521129924335,-22.50277212873962,0 -46.86520564380164,-22.50275311043984,0 -46.86526893764438,-22.50273566426726,0 -46.86532728526967,-22.50271983042746,0 -46.86538235631068,-22.50270515483316,0 -46.86543498764963,-22.50269141642545,0 -46.86548602204576,-22.50267840525687,0 -46.86553797300713,-22.50266547734714,0 -46.86559000611547,-22.50265284063658,0 -46.86564296416915,-22.50264029028462,0 -46.86569853259784,-22.50262744109479,0 -46.86575587296499,-22.50261450376581,0 -46.86581414292795,-22.50260167119692,0 -46.86587334103528,-22.50258893795394,0 -46.86593431280795,-22.5025761210358,0 -46.86599705912067,-22.50256322282501,0 -46.86606158002612,-22.50255024280873,0 -46.86612872508547,-22.5025370114061,0 -46.86619764383767,-22.50252369334362,0 -46.86626918526755,-22.50251011671644,0 -46.86634420003639,-22.50249611493471,0 -46.86642524627413,-22.50248121120004,0 -46.86657040172383,-22.50245494491132,0 -46.86688398657873,-22.50239887922163,0 -46.86702578534129,-22.50237336820728,0 -46.86717432760096,-22.50234632495645,0 -46.86730910132186,-22.5023213930826,0 -46.86742841032652,-22.50229891943628,0 -46.86754078779868,-22.50227733560394,0 -46.86766153593845,-22.50225362083587,0 -46.86784738466394,-22.50221636796116,0 -46.8678991426431,-22.50220640720146,0 -46.86794502595581,-22.50219799838892,0 -46.86798759463489,-22.50219066206685,0 -46.86802770694329,-22.50218424611136,0 -46.86806622208309,-22.50217861239559,0 -46.86810400998951,-22.50217364817669,0 -46.86814018844968,-22.50216948468514,0 -46.86817296944668,-22.50216630363152,0 -46.86820314287215,-22.50216401780617,0 -46.86821777897999,-22.50216317135874,0 -46.8682323958858,-22.50216251791548,0 -46.86825298968341,-22.50216195292312,0 -46.86827266859379,-22.50216183909072,0 -46.8682922802949,-22.50216218109437,0 -46.86831096600883,-22.50216296853306,0 -46.86832957058679,-22.50216423823591,0 -46.86834724557554,-22.5021659295448,0 -46.86836485046971,-22.50216811828031,0 -46.86838242582695,-22.50217078204556,0 -46.86840000155157,-22.50217387567074,0 -46.86841841477314,-22.50217751172681,0 -46.86843850920162,-22.50218186216888,0 -46.8684602955509,-22.50218692825293,0 -46.86849050728338,-22.50219434259247,0 -46.86852742272225,-22.50220370346205,0 -46.86856342976983,-22.50221308571192,0 -46.8686001867322,-22.5022229031587,0 -46.86866682337637,-22.50224128004222,0 -46.86873572434997,-22.50226099369473,0 -46.86880855238457,-22.5022825176801,0 
						</coordinates>
					</LinearRing>
				</outerBoundaryIs>
			</Polygon>
		</Placemark>
		<Placemark>
			<name>3003</name>
			<styleUrl>#falseColor4</styleUrl>
			<Style id="inline">
				<IconStyle>
					<colorMode>random</colorMode>
				</IconStyle>
				<LineStyle>
					<colorMode>random</colorMode>
				</LineStyle>
				<PolyStyle>
					<colorMode>random</colorMode>
				</PolyStyle>
			</Style>
			<ExtendedData>
				<SchemaData schemaUrl="#S_FKA_DSSSSDDSD">
					<SimpleData name="id_0">3003</SimpleData>
					<SimpleData name="chave">FKA_109</SimpleData>
					<SimpleData name="fundo">10835 - FAZENDA KALUNGA</SimpleData>
					<SimpleData name="descricao">FKA - FAZENDA KALUNGA</SimpleData>
					<SimpleData name="regiao">FKA</SimpleData>
					<SimpleData name="area_quadr">45.7017</SimpleData>
					<SimpleData name="area_parci">4.22033</SimpleData>
					<SimpleData name="quadra">109</SimpleData>
					<SimpleData name="quadra_int">109</SimpleData>
				</SchemaData>
			</ExtendedData>
			<Polygon>
				<outerBoundaryIs>
					<LinearRing>
						<coordinates>
							-46.86533070239082,-22.50657612268592,0 -46.86532846001959,-22.50659542905013,0 -46.86532591750012,-22.50661459531736,0 -46.86532319915469,-22.50663275756736,0 -46.86532018563657,-22.50665078321344,0 -46.86531702003227,-22.5066679126864,0 -46.86531337228291,-22.50668598313453,0 -46.86530921433103,-22.50670502629271,0 -46.86530473570917,-22.5067241892358,0 -46.86529973607631,-22.50674435646175,0 -46.86529420393716,-22.50676555016138,0 -46.86528813547659,-22.50678779409182,0 -46.865072090751,-22.50677778874795,0 -46.86497386128703,-22.50677351502707,0 -46.86486638628998,-22.50676941525263,0 -46.86475393532051,-22.50676580610195,0 -46.86463026273002,-22.50676253191449,0 -46.86449848049668,-22.50675971669136,0 -46.86441865470114,-22.50675829002468,0 -46.86433264906973,-22.50675694310991,0 -46.86412954662843,-22.50675430977424,0 -46.86412952714233,-22.50675390120017,0 -46.86414060692287,-22.5067362564098,0 -46.86415157978706,-22.50671833606073,0 -46.86416185573228,-22.5067010941137,0 -46.86417143683329,-22.50668456322864,0 -46.86418087847651,-22.5066677845414,0 -46.86419016153067,-22.50665075050588,0 -46.86419873568255,-22.50663447970474,0 -46.86420713134704,-22.50661797923598,0 -46.86421532938429,-22.50660125128474,0 -46.86422280936686,-22.50658538540563,0 -46.86423004883434,-22.50656942257395,0 -46.86423703319296,-22.50655339960914,0 -46.86424376946627,-22.50653731269208,0 -46.86425068550486,-22.50652008529679,0 -46.86425732653884,-22.50650279128319,0 -46.86426369502959,-22.50648543482821,0 -46.86426979343889,-22.50646802011484,0 -46.86427562422622,-22.50645055162715,0 -46.86428118977159,-22.50643303357781,0 -46.86428681517084,-22.50641437080697,0 -46.86429184109102,-22.50639676313367,0 -46.86429689845954,-22.50637801415118,0 -46.86430166735959,-22.50635922779219,0 -46.86430615061534,-22.50634040884087,0 -46.86431011168396,-22.50632267109872,0 -46.86431404779449,-22.5063038003733,0 -46.86431770527571,-22.50628490973278,0 -46.86432108636122,-22.50626600479225,0 -46.86432419328468,-22.50624709116685,0 -46.8643270282796,-22.50622817447159,0 -46.86432959357969,-22.50620926032159,0 -46.86433201831762,-22.50618924259024,0 -46.86433381277418,-22.50617257260568,0 -46.8643355036582,-22.50615480557152,0 -46.86433688229846,-22.50613816449069,0 -46.86433813544463,-22.50612043286688,0 -46.86433916688949,-22.50610272514313,0 -46.86433998014328,-22.5060850592995,0 -46.86434058263347,-22.50606745293933,0 -46.86434098213025,-22.50604992286984,0 -46.8643411872717,-22.50603247846941,0 -46.86434120364192,-22.50601403212306,0 -46.864341023348,-22.50599567763757,0 -46.86434063058186,-22.50597634477478,0 -46.86433927342167,-22.50593799554529,0 -46.86433710689402,-22.50589797859294,0 -46.86433517295119,-22.50586983764061,0 -46.86433278489177,-22.50583988435881,0 -46.86433002641132,-22.50580919354221,0 -46.86432671612078,-22.50577578315323,0 -46.86432241029666,-22.50573577771527,0 -46.86431709043603,-22.50568944621484,0 -46.86431230128021,-22.50564972415311,0 -46.86430806267843,-22.505617053081,0 -46.8643045408777,-22.50559204807618,0 -46.86430098370982,-22.5055687577129,0 -46.86429724029174,-22.50554620386837,0 -46.86429351643492,-22.50552553552179,0 -46.86428965242334,-22.5055057199571,0 -46.86428538660537,-22.50548547350881,0 -46.86428136505894,-22.50546797382574,0 -46.86427581338174,-22.50544484884471,0 -46.86427723060739,-22.50539035750811,0 -46.86427869223132,-22.50534208247774,0 -46.86428118503264,-22.50527412650501,0 -46.86428414955532,-22.5052092166946,0 -46.86428758928247,-22.50514753984839,0 -46.86429155654121,-22.5050881409177,0 -46.86429604926312,-22.50503106979075,0 -46.86430115341739,-22.50497533356636,0 -46.86430673771457,-22.50492223288231,0 -46.86430984578567,-22.5048954078367,0 -46.86431303039598,-22.50486958118405,0 -46.86431643251757,-22.50484359280412,0 -46.86431989244392,-22.50481863706836,0 -46.86432356905194,-22.50479353828009,0 -46.864327471374,-22.50476829854249,0 -46.86433160844237,-22.50474291995872,0 -46.86433577501644,-22.5047186227171,0 -46.86434017059833,-22.50469420332771,0 -46.86434480419555,-22.50466966459594,0 -46.86434943490099,-22.5046462451066,0 -46.86435429640006,-22.50462272335575,0 -46.86435939642892,-22.50459910196856,0 -46.86436474272369,-22.50457538357023,0 -46.86437034302071,-22.50455157078591,0 -46.86437588987727,-22.50452892661995,0 -46.86438167822359,-22.50450620233008,0 -46.86438771463754,-22.50448340014848,0 -46.86439908002587,-22.50444267453981,0 -46.86441123665206,-22.50440189600932,0 -46.86442429498513,-22.504360736475,0 -46.86443815445882,-22.50431944735883,0 -46.86445317354997,-22.50427694008123,0 -46.86446929329311,-22.50423339772325,0 -46.86448686048587,-22.50418790902137,0 -46.86450575824248,-22.50414076363146,0 -46.8645292162488,-22.50408418665941,0 -46.86455754160187,-22.50401779335708,0 -46.86458952655315,-22.50394434292222,0 -46.86462140218629,-22.50387260660343,0 -46.86465103460251,-22.50380728964413,0 -46.86468004092598,-22.50374467716401,0 -46.86470929796544,-22.50368287645031,0 -46.86473834021155,-22.50362288903697,0 -46.86476471198222,-22.50356959645062,0 -46.86479069307014,-22.50351818851426,0 -46.86481675101842,-22.5034677146132,0 -46.86484339513083,-22.5034172199559,0 -46.86487011962677,-22.50336769040013,0 -46.86489691221059,-22.50331913989613,0 -46.86492375898338,-22.5032715820146,0 -46.8649506440083,-22.50322502978193,0 -46.86497754692738,-22.50317949864593,0 -46.86500506282545,-22.50313399634658,0 -46.86503260458604,-22.50308950725672,0 -46.86506066937605,-22.50304522598917,0 -46.8650898766114,-22.50300022034198,0 -46.86512061415425,-22.50295396506152,0 -46.86513949632404,-22.5029260587929,0 -46.86515842114297,-22.50289844124206,0 -46.86517548431025,-22.50287381902022,0 -46.86517597160528,-22.50287366630951,0 -46.86518642306267,-22.50290621040091,0 -46.8651969119942,-22.50293815273013,0 -46.86520739178737,-22.50296935431911,0 -46.86521813963247,-22.50300061565125,0 -46.86522881259102,-22.50303091817351,0 -46.8652393924123,-22.50306023071606,0 -46.8652498695653,-22.50308855563694,0 -46.86526058242902,-22.50311680623133,0 -46.86527118534509,-22.50314407088903,0 -46.8652816690634,-22.50317035044111,0 -46.86529275168184,-22.50319745568153,0 -46.86530406529045,-22.5032244793677,0 -46.86531598748801,-22.50325231850277,0 -46.86532813206967,-22.50328007273027,0 -46.86534088231632,-22.50330864137752,0 -46.86535424010028,-22.50333802313634,0 -46.86537317874146,-22.50337885635717,0 -46.86539370826404,-22.5034222122489,0 -46.86541582820178,-22.50346808674396,0 -46.86543995038755,-22.50351736126743,0 -46.86546778388342,-22.50357354978349,0 -46.86553555481902,-22.50370935160703,0 -46.86557688176696,-22.50379259782201,0 -46.86577838908693,-22.50420090600332,0 -46.86581865568359,-22.50428187682747,0 -46.86585437953335,-22.50435319337567,0 -46.86585379233838,-22.5043541194064,0 -46.86584238684359,-22.50436207849118,0 -46.86583622335525,-22.50436676405695,0 -46.86583044163918,-22.50437141792964,0 -46.86582014304033,-22.50438033128753,0 -46.86580926656183,-22.50439056564915,0 -46.86579489074919,-22.50440507418364,0 -46.86577028113098,-22.50443067620718,0 -46.86574756685943,-22.50445478323486,0 -46.86572454762858,-22.50447962984864,0 -46.86569711657145,-22.50450970132717,0 -46.86566608557706,-22.50454418433026,0 -46.86555525209,-22.50466847898365,0 -46.86553656404519,-22.5046896616204,0 -46.86551831534229,-22.50471092040877,0 -46.86550211695369,-22.50473051858473,0 -46.86548741621837,-22.50474913021575,0 -46.86547428392408,-22.50476661480434,0 -46.86546341630402,-22.50478185841905,0 -46.86545344202006,-22.50479661030311,0 -46.86544372627373,-22.50481183619104,0 -46.8654349624635,-22.50482645358871,0 -46.86542663188596,-22.50484127416691,0 -46.86541823329335,-22.50485725219648,0 -46.86541035516342,-22.50487331499525,0 -46.86540297459866,-22.50488944313955,0 -46.86539562462465,-22.50490669663372,0 -46.86538878692784,-22.50492397880345,0 -46.86538243377926,-22.50494126598244,0 -46.86537618483879,-22.50495962009551,0 -46.86537042183781,-22.50497794421929,0 -46.86536481488571,-22.50499729533456,0 -46.86535968029727,-22.50501657725248,0 -46.86535473284357,-22.50503685746142,0 -46.8653502392334,-22.50505706457088,0 -46.8653461687922,-22.50507719860136,0 -46.86534230795964,-22.50509831240609,0 -46.86533868849813,-22.50512038241345,0 -46.86533547840529,-22.50514234123207,0 -46.86533251446815,-22.50516521785705,0 -46.865329807769,-22.50518898239043,0 -46.86532736175465,-22.50521360444708,0 -46.86532508859909,-22.50524007208406,0 -46.86532293572037,-22.50526934462156,0 -46.86532111966471,-22.50529843059465,0 -46.86531949568786,-22.50532943941662,0 -46.8653181745368,-22.50536040077897,0 -46.86531711481901,-22.50539230093625,0 -46.86531634529869,-22.50542413948319,0 -46.86531583370218,-22.50545690170994,0 -46.86531557482396,-22.50549156188137,0 -46.86531558154536,-22.50552710871387,0 -46.8653158484591,-22.5055644987406,0 -46.86531639509305,-22.5056056395581,0 -46.86531842884306,-22.50570668345029,0 -46.86532270381204,-22.50588551541319,0 -46.8653249387419,-22.50596411275766,0 -46.86532728568778,-22.50603414679713,0 -46.8653298178661,-22.50609840270085,0 -46.86533613578145,-22.50624350732804,0 -46.86533768477659,-22.50628698232077,0 -46.86533874765723,-22.50632639625724,0 -46.86533938532427,-22.50636647568773,0 -46.86533947997782,-22.50640351377509,0 -46.86533904744606,-22.50643846219833,0 -46.86533806835975,-22.50647223495866,0 -46.86533710769815,-22.50649399136909,0 -46.86533592709529,-22.50651472079756,0 -46.86533447609747,-22.50653532455286,0 -46.86533273932708,-22.50655579429846,0 -46.86533070239082,-22.50657612268592,0 
						</coordinates>
					</LinearRing>
				</outerBoundaryIs>
			</Polygon>
		</Placemark>
		<Placemark>
			<name>3004</name>
			<styleUrl>#falseColor4</styleUrl>
			<Style id="inline">
				<IconStyle>
					<colorMode>random</colorMode>
				</IconStyle>
				<LineStyle>
					<colorMode>random</colorMode>
				</LineStyle>
				<PolyStyle>
					<colorMode>random</colorMode>
				</PolyStyle>
			</Style>
			<ExtendedData>
				<SchemaData schemaUrl="#S_FKA_DSSSSDDSD">
					<SimpleData name="id_0">3004</SimpleData>
					<SimpleData name="chave">FKA_109</SimpleData>
					<SimpleData name="fundo">10835 - FAZENDA KALUNGA</SimpleData>
					<SimpleData name="descricao">FKA - FAZENDA KALUNGA</SimpleData>
					<SimpleData name="regiao">FKA</SimpleData>
					<SimpleData name="area_quadr">45.7017</SimpleData>
					<SimpleData name="area_parci">2.03081</SimpleData>
					<SimpleData name="quadra">109</SimpleData>
					<SimpleData name="quadra_int">109</SimpleData>
				</SchemaData>
			</ExtendedData>
			<Polygon>
				<outerBoundaryIs>
					<LinearRing>
						<coordinates>
							-46.8655765844883,-22.50468702004398,0 -46.86568154800134,-22.50456928263318,0 -46.86571024505997,-22.50453729994984,0 -46.86573515293745,-22.50450984523843,0 -46.86575982247353,-22.50448302988989,0 -46.86578368005758,-22.50445752998792,0 -46.86580735299714,-22.50443271010935,0 -46.86582722754451,-22.50441235464346,0 -46.86583728177504,-22.50440267162443,0 -46.86584707000438,-22.50439396319785,0 -46.8658572158193,-22.50438577299451,0 -46.86586714886814,-22.50437857527234,0 -46.86589995538432,-22.50444344600228,0 -46.86593143291333,-22.5045051792807,0 -46.8659650819261,-22.50457062815553,0 -46.86600051494856,-22.50463902605214,0 -46.86607074280061,-22.50477330326095,0 -46.86612187558983,-22.50487025222967,0 -46.86618123821826,-22.50498223681923,0 -46.86618133496524,-22.5049829203777,0 -46.86617309561881,-22.50498758065842,0 -46.86616516218442,-22.50499237640398,0 -46.86615748555573,-22.50499732352451,0 -46.86614927926631,-22.50500295918379,0 -46.86614126340029,-22.50500881595816,0 -46.86613341418084,-22.50501489251172,0 -46.86612572621166,-22.50502117780132,0 -46.86611751705468,-22.50502825949238,0 -46.86610948669744,-22.50503556195881,0 -46.86610162818434,-22.50504307081061,0 -46.86609393441056,-22.5050507722407,0 -46.86608639860809,-22.50505865289134,0 -46.86607901402598,-22.5050666994135,0 -46.86607117688004,-22.50507558817821,0 -46.86606350070173,-22.5050846389731,0 -46.86605540421998,-22.505094547721,0 -46.86604635380325,-22.50510605087803,0 -46.86603750514507,-22.50511771536858,0 -46.86602830797352,-22.50513025121992,0 -46.86601877955813,-22.5051436409656,0 -46.86600841891672,-22.50515861249725,0 -46.86599827244449,-22.50517367805121,0 -46.8659888406813,-22.50518808454231,0 -46.86598012931456,-22.50520182389303,0 -46.86597259506663,-22.50521411322222,0 -46.86596528098363,-22.50522647657425,0 -46.86595820968724,-22.50523891597002,0 -46.86595182115382,-22.50525064879577,0 -46.86594568489482,-22.50526245195932,0 -46.86594020192742,-22.50527353320054,0 -46.86593497037916,-22.50528467870538,0 -46.86593000597995,-22.5052958898386,0 -46.86592278304391,-22.50531364264341,0 -46.86591945320544,-22.5053225822318,0 -46.86591632147562,-22.50533156467373,0 -46.86591339562116,-22.50534059051642,0 -46.86591092094113,-22.50534883395026,0 -46.8659084097597,-22.50535794411484,0 -46.86590632529692,-22.50536626473385,0 -46.86590443606826,-22.5053746222228,0 -46.86590274811275,-22.50538301664431,0 -46.86590126746936,-22.50539144806104,0 -46.86590011912023,-22.5053990669704,0 -46.86589905195473,-22.50540756132244,0 -46.86589820070776,-22.5054160804041,0 -46.8658975613215,-22.50542461834406,0 -46.86589712973812,-22.50543316927097,0 -46.86589689978547,-22.50544173017969,0 -46.86589687003107,-22.50545115890399,0 -46.86589703875541,-22.50545973934167,0 -46.86589743161229,-22.50546918554383,0 -46.86589803312252,-22.50547863770097,0 -46.86589883454484,-22.50548809361294,0 -46.86589982713809,-22.50549755107965,0 -46.86590111765452,-22.50550786766961,0 -46.86590430581973,-22.50552848911638,0 -46.86590823143842,-22.50554907812188,0 -46.86591301158512,-22.50557046877413,0 -46.86591885483187,-22.50559348030333,0 -46.86592356844297,-22.50561044892174,0 -46.86592881118964,-22.50562818098908,0 -46.86593483279276,-22.50564748541859,0 -46.86594162481754,-22.50566831232351,0 -46.86594890187443,-22.50568980505113,0 -46.86595639229043,-22.50571114200897,0 -46.86596409768679,-22.50573232575437,0 -46.86597171218174,-22.50575254632059,0 -46.86597953019081,-22.50577261970603,0 -46.86598722885353,-22.50579175015735,0 -46.86599545171251,-22.50581153028413,0 -46.86600354297607,-22.50583037592092,0 -46.86601218003454,-22.50584985409107,0 -46.8660206730296,-22.50586840608911,0 -46.86602936400146,-22.50588681424693,0 -46.86603825360945,-22.50590507876579,0 -46.8660488767523,-22.50592620609603,0 -46.86606016472132,-22.50594789563346,0 -46.86607254653805,-22.50597095886101,0 -46.86608608374573,-22.50599548929825,0 -46.86610126987048,-22.5060223720152,0 -46.86611909676165,-22.50605335054622,0 -46.86614530354725,-22.50609830993227,0 -46.86615949006275,-22.50612214081858,0 -46.86616830761684,-22.50613645074037,0 -46.86617688961655,-22.50614986734116,0 -46.86618522383758,-22.50616233465274,0 -46.86619328954782,-22.50617382141812,0 -46.86620105924109,-22.50618431753108,0 -46.86620908411921,-22.5061945526113,0 -46.86621678532686,-22.5062037820943,0 -46.86622474674181,-22.50621270829825,0 -46.86623042112729,-22.50621869036476,0 -46.8662362359762,-22.50622449628858,0 -46.8662421977313,-22.50623011347621,0 -46.86624831283521,-22.50623552933419,0 -46.86625458777933,-22.50624073121559,0 -46.86626030555536,-22.50624516382158,0 -46.86626615961672,-22.50624940489489,0 -46.86627215387653,-22.50625344353398,0 -46.8662782922479,-22.50625726883715,0 -46.86628457864396,-22.50626086990286,0 -46.8662910164964,-22.50626423543767,0 -46.86629677537969,-22.50626697758566,0 -46.8663035021909,-22.50626986909399,0 -46.86630949850819,-22.50627217293965,0 -46.8663164484501,-22.50627454777697,0 -46.86632348353044,-22.50627666056877,0 -46.86633507198123,-22.50627958166768,0 -46.86634773973278,-22.50628209793155,0 -46.86636148646431,-22.50628417772333,0 -46.86637630538527,-22.50628581934481,0 -46.86638936965375,-22.50628686575293,0 -46.86640343287002,-22.50628768463443,0 -46.86645312599223,-22.50628957899328,0 -46.86647162420365,-22.5062904952459,0 -46.86648982710869,-22.50629185907984,0 -46.86650587169061,-22.50629364485443,0 -46.86651461809661,-22.50629491997734,0 -46.86652322990631,-22.50629642746921,0 -46.86653085559476,-22.50629800260509,0 -46.86653835427925,-22.50629980241893,0 -46.86654571973708,-22.50630184330759,0 -46.86655215037824,-22.50630387329726,0 -46.86655847626657,-22.50630612272996,0 -46.86656548152013,-22.50630892488627,0 -46.86657313569328,-22.50631237530035,0 -46.86658063849108,-22.5063161673222,0 -46.86658796891273,-22.5063202834963,0 -46.86659510880387,-22.5063247075643,0 -46.8666020400101,-22.50632942326782,0 -46.86660874437706,-22.50633441434857,0 -46.86661520273861,-22.50633966337023,0 -46.8666220008221,-22.50634571314427,0 -46.86662788608064,-22.50635144604814,0 -46.86663401687545,-22.50635798867722,0 -46.8666392620562,-22.50636413386178,0 -46.86664418146764,-22.50637045211686,0 -46.86664878471867,-22.50637694414869,0 -46.86665307879701,-22.50638360624427,0 -46.86665706821963,-22.50639043265559,0 -46.86666111009808,-22.50639812463242,0 -46.86666382497339,-22.50640383494033,0 -46.86666665628241,-22.50641037183953,0 -46.86666897740496,-22.50641627942869,0 -46.86667137161646,-22.50642303079398,0 -46.86667330942939,-22.50642912237481,0 -46.86667527824244,-22.50643607323077,0 -46.86667684212164,-22.50644233472139,0 -46.86667839430363,-22.50644946693883,0 -46.86667959217027,-22.5064558805095,0 -46.86668073789249,-22.50646317363555,0 -46.86668167272506,-22.50647054370472,0 -46.86668239964129,-22.50647798500973,0 -46.86668292161464,-22.50648549184333,0 -46.86668324161852,-22.50649305849827,0 -46.86668336262622,-22.50650067926728,0 -46.86668328761119,-22.5065083484431,0 -46.86668256182573,-22.50652380827855,0 -46.86668191794025,-22.50653158646225,0 -46.8666809885327,-22.50654025683533,0 -46.86667876318703,-22.50655591172477,0 -46.86667567060839,-22.50657245767039,0 -46.86667184727707,-22.50658896934549,0 -46.86666707059158,-22.50660625015072,0 -46.86666185615769,-22.50662251231739,0 -46.86665569615624,-22.5066394043786,0 -46.8666492508953,-22.50665517884741,0 -46.86664225069438,-22.50667056689469,0 -46.86663511279921,-22.50668466206204,0 -46.86662789658384,-22.5066974393146,0 -46.86662020483109,-22.50670960854383,0 -46.86661593600115,-22.50671577545001,0 -46.86661202521616,-22.506721083407,0 -46.86660800366321,-22.5067262184735,0 -46.86660387005782,-22.50673117165138,0 -46.86659962311603,-22.50673593394308,0 -46.86659526220329,-22.50674049744298,0 -46.86659078660156,-22.50674485566532,0 -46.86658677533362,-22.50674849539692,0 -46.86658208113947,-22.50675245047972,0 -46.866577876939,-22.50675572554152,0 -46.8665735787167,-22.50675882388411,0 -46.86656854035115,-22.50676215704394,0 -46.86656401163845,-22.50676489969828,0 -46.86655868720813,-22.50676784496986,0 -46.86655389709194,-22.50677026342356,0 -46.86654827771304,-22.5067728516996,0 -46.86654250729336,-22.50677525828585,0 -46.86653658957247,-22.5067774891225,0 -46.86653052828979,-22.50677955014975,0 -46.86652432718493,-22.50678144730788,0 -46.86651152075714,-22.50678477355432,0 -46.8665015826428,-22.50678688044027,0 -46.86649138213404,-22.50678867850536,0 -46.86648094010237,-22.50679019003326,0 -46.86646937955658,-22.50679153001767,0 -46.8664575865881,-22.50679258820309,0 -46.86644465699638,-22.50679344515652,0 -46.8664315226045,-22.50679404575459,0 -46.86641726087795,-22.50679445135564,0 -46.86638733854653,-22.50679472379727,0 -46.86632502634867,-22.50679447968104,0 -46.86627891311332,-22.50679448145362,0 -46.86619778965507,-22.50679493287748,0 -46.86610643770191,-22.50679595966094,0 -46.86588945005526,-22.50679906384707,0 -46.86583027508437,-22.50679966765551,0 -46.86577650412671,-22.5067999827505,0 -46.86572007017929,-22.50679999975302,0 -46.86566614779201,-22.50679964945957,0 -46.86561464831885,-22.50679892890665,0 -46.86556021030327,-22.50679777494163,0 -46.86549652366373,-22.5067959842703,0 -46.86542801034706,-22.50679361891716,0 -46.86531834355461,-22.50678913531076,0 -46.8653179801505,-22.50678873314425,0 -46.86532391998674,-22.50676673457567,0 -46.86532936391631,-22.50674563184696,0 -46.86533431093272,-22.50672540816987,0 -46.86533876737516,-22.50670604801933,0 -46.8653427454284,-22.50668753686862,0 -46.86534640409206,-22.50666909914989,0 -46.86534973279373,-22.50665069202946,0 -46.86535262431777,-22.50663299351842,0 -46.86535534324062,-22.50661440686071,0 -46.86535786573192,-22.50659492879125,0 -46.86536008527536,-22.50657533378174,0 -46.86536201472089,-22.506555625635,0 -46.86536372813336,-22.50653501605026,0 -46.86536515799361,-22.5065142985056,0 -46.8653663594595,-22.5064926778675,0 -46.8653672894527,-22.50647095721708,0 -46.86536823782203,-22.50643699088412,0 -46.86536864266051,-22.50640202010439,0 -46.86536852217832,-22.50636441390537,0 -46.86536787867751,-22.50632498107419,0 -46.86536682837345,-22.50628618608621,0 -46.86536525950381,-22.50624220322743,0 -46.86535903008803,-22.5060993285604,0 -46.86535641739437,-22.50603308143783,0 -46.8653541649418,-22.50596603938616,0 -46.86535198113085,-22.50588979475469,0 -46.86534758514146,-22.50570649633463,0 -46.86534560813538,-22.5056089923706,0 -46.86534504253831,-22.50556804067475,0 -46.86534475317497,-22.5055312315322,0 -46.86534471631154,-22.50549603244411,0 -46.86534493860297,-22.50546161185008,0 -46.86534541434378,-22.50542884801877,0 -46.86534612726464,-22.50539775778756,0 -46.86534711589131,-22.50536662095501,0 -46.86534835815541,-22.50533630522808,0 -46.86534989164685,-22.5053059531873,0 -46.8653516767365,-22.50527642186217,0 -46.86535372865765,-22.50524762609101,0 -46.86535592114392,-22.50522128789812,0 -46.86535830651035,-22.50519655847557,0 -46.86536086112437,-22.50517346610613,0 -46.86536366739359,-22.50515115859261,0 -46.86536672032911,-22.50512965575956,0 -46.86537015954886,-22.50510807476467,0 -46.86537385069822,-22.50508732823656,0 -46.86537777242487,-22.50506742928494,0 -46.86538210412008,-22.50504748146755,0 -46.86538687299831,-22.50502748899749,0 -46.86539186241175,-22.50500836265618,0 -46.86539704352823,-22.50499011454414,0 -46.865402674021,-22.50497184523149,0 -46.86540846661763,-22.50495447986739,0 -46.86541471845109,-22.50493712600786,0 -46.86542145691965,-22.50491980725179,0 -46.86542831449284,-22.50490345268549,0 -46.86543565685952,-22.50488716868978,0 -46.86544305851114,-22.50487187150248,0 -46.865450933859,-22.50485667496767,0 -46.86545879640176,-22.50484248294413,0 -46.86546709151895,-22.50482844921999,0 -46.8654762547875,-22.50481389601149,0 -46.8654862656385,-22.50479893010955,0 -46.86549654024455,-22.50478439191952,0 -46.86550938085338,-22.50476716582363,0 -46.86552364613478,-22.50474899764153,0 -46.86553927893072,-22.5047299810177,0 -46.86555678501938,-22.50470950278447,0 -46.8655765844883,-22.50468702004398,0 
						</coordinates>
					</LinearRing>
				</outerBoundaryIs>
			</Polygon>
		</Placemark>
		<Placemark>
			<name>3005</name>
			<styleUrl>#falseColor4</styleUrl>
			<Style id="inline">
				<IconStyle>
					<colorMode>random</colorMode>
				</IconStyle>
				<LineStyle>
					<colorMode>random</colorMode>
				</LineStyle>
				<PolyStyle>
					<colorMode>random</colorMode>
				</PolyStyle>
			</Style>
			<ExtendedData>
				<SchemaData schemaUrl="#S_FKA_DSSSSDDSD">
					<SimpleData name="id_0">3005</SimpleData>
					<SimpleData name="chave">FKA_109</SimpleData>
					<SimpleData name="fundo">10835 - FAZENDA KALUNGA</SimpleData>
					<SimpleData name="descricao">FKA - FAZENDA KALUNGA</SimpleData>
					<SimpleData name="regiao">FKA</SimpleData>
					<SimpleData name="area_quadr">45.7017</SimpleData>
					<SimpleData name="area_parci">3.01285</SimpleData>
					<SimpleData name="quadra">109</SimpleData>
					<SimpleData name="quadra_int">109</SimpleData>
				</SchemaData>
			</ExtendedData>
			<Polygon>
				<outerBoundaryIs>
					<LinearRing>
						<coordinates>
							-46.86365376151116,-22.50544898368025,0 -46.86365960244549,-22.50542906248831,0 -46.8636660454334,-22.505408277799,0 -46.8636727790776,-22.50538752412142,0 -46.86368067208073,-22.50536408546555,0 -46.86370184068577,-22.50530367218391,0 -46.86370049627173,-22.50530277548148,0 -46.86367430493326,-22.50529475763707,0 -46.86365334898937,-22.50535452847267,0 -46.86364566156113,-22.50537729828505,0 -46.86363880789324,-22.50539833159178,0 -46.86363250272865,-22.50541853866304,0 -46.86362675942257,-22.50543791799338,0 -46.86362158009661,-22.50545646581364,0 -46.86361672122768,-22.5054750993238,0 -46.86361262176415,-22.5054919108618,0 -46.86360875304371,-22.50550875281555,0 -46.86360488842557,-22.50552655642975,0 -46.8636008395109,-22.50554625650694,0 -46.86359327023288,-22.50558568917828,0 -46.86357918282857,-22.50566347778632,0 -46.86357306865197,-22.50569610985793,0 -46.86356579169751,-22.50573230087176,0 -46.86355814555363,-22.50576744344209,0 -46.8635528257634,-22.50579050820721,0 -46.86354728847747,-22.50581353056371,0 -46.86354130888417,-22.50583743096261,0 -46.86353511437481,-22.50586128987081,0 -46.863528715346,-22.50588510950202,0 -46.86352186488506,-22.50590980607097,0 -46.86351455205642,-22.50593537775478,0 -46.86350703962824,-22.50596091187464,0 -46.86349486236356,-22.50600096766363,0 -46.86348198428784,-22.50604185602764,0 -46.86346783570497,-22.50608539638626,0 -46.86345240909548,-22.50613158967909,0 -46.86343852228082,-22.5061723030372,0 -46.8634228588872,-22.50621750468898,0 -46.86335794591708,-22.50640186702492,0 -46.8633293855672,-22.50648425242324,0 -46.86329529391268,-22.50658487033532,0 -46.86327053483797,-22.506659258109,0 -46.86324246121122,-22.50674456935471,0 -46.86324194701717,-22.50674520812529,0 -46.86284619581079,-22.50674119049048,0 -46.86244697602796,-22.50673685410213,0 -46.8624475945897,-22.50671625902217,0 -46.86244838463011,-22.50669655040459,0 -46.86244939628967,-22.50667670437905,0 -46.86245058002886,-22.50665777723418,0 -46.86245191715636,-22.50663979021351,0 -46.86245348503679,-22.50662169504642,0 -46.86245530218334,-22.50660349122235,0 -46.86245725393105,-22.50658627507914,0 -46.8624594495888,-22.50656900228225,0 -46.86246189299792,-22.50655171669669,0 -46.86246455986645,-22.50653455620582,0 -46.86246743367959,-22.50651753577136,0 -46.86247069930628,-22.50649959370602,0 -46.86247416751939,-22.50648179743001,0 -46.86247782236912,-22.5064641451182,0 -46.86248187872069,-22.50644560895489,0 -46.86248634900004,-22.50642621326196,0 -46.86249099227553,-22.50640699024477,0 -46.86250124265701,-22.50636707606151,0 -46.86251307987839,-22.50632401601312,0 -46.86252723343036,-22.50627518877213,0 -46.86254919636084,-22.50620225187858,0 -46.86256977570326,-22.50613590179052,0 -46.86258905720728,-22.50607589926665,0 -46.86260791374483,-22.5060195209336,0 -46.86262396861079,-22.50597341507898,0 -46.86263999975558,-22.50592915544843,0 -46.86265635812564,-22.50588581760558,0 -46.86267268477629,-22.50584436308318,0 -46.86268931971657,-22.50580390140853,0 -46.86270623668474,-22.50576447361734,0 -46.86272383436767,-22.50572517815745,0 -46.86274168829983,-22.50568698222921,0 -46.86276022330134,-22.50564896774997,0 -46.86277944654046,-22.50561116722988,0 -46.86279937228426,-22.50557360018456,0 -46.86281953062729,-22.50553715574444,0 -46.86283990726171,-22.50550182245686,0 -46.86285065240718,-22.5054837719641,0 -46.86286106073155,-22.50546666166287,0 -46.86288191381606,-22.5054334665326,0 -46.86289293422305,-22.50541649447274,0 -46.86290357738523,-22.50540046818966,0 -46.86292362000263,-22.50537123415597,0 -46.862944375133,-22.50534221641746,0 -46.86296521141812,-22.5053143124714,0 -46.86298677030595,-22.50528667214568,0 -46.86300838965636,-22.50526015343021,0 -46.86303011409301,-22.50523466763885,0 -46.86304131828854,-22.50522197865895,0 -46.86305199209226,-22.50521017898319,0 -46.86306288262252,-22.50519842888881,0 -46.86307399733386,-22.50518673591279,0 -46.86308452488345,-22.50517593695514,0 -46.86309525676365,-22.50516520332211,0 -46.86310619817067,-22.50515454352405,0 -46.86311735430079,-22.50514396607108,0 -46.86312873060232,-22.50513347923706,0 -46.86313943318385,-22.5051238857171,0 -46.86315033328334,-22.50511438282808,0 -46.86316143465542,-22.50510497816717,0 -46.86317274105465,-22.50509567933139,0 -46.86318425601934,-22.50508649408868,0 -46.86319598111405,-22.50507743177586,0 -46.86320691621268,-22.50506923971687,0 -46.86321905646212,-22.50506043370663,0 -46.8632303725899,-22.50505249364884,0 -46.86324184092552,-22.50504470437532,0 -46.86325343966185,-22.50503708279157,0 -46.86326623558175,-22.50502896192307,0 -46.86327917801242,-22.50502104442012,0 -46.86329226443501,-22.50501333168389,0 -46.86330549233071,-22.50500582511554,0 -46.86331885918072,-22.50499852611626,0 -46.86333236219736,-22.50499143630756,0 -46.86334599823531,-22.50498455774002,0 -46.86335976435672,-22.50497789238008,0 -46.86337365762564,-22.50497144219295,0 -46.86338767510609,-22.50496520914396,0 -46.86340181386212,-22.50495919519831,0 -46.86341607126501,-22.50495340223187,0 -46.86343044319674,-22.50494783279845,0 -46.86344491980905,-22.50494249117537,0 -46.86345954158714,-22.50493736318214,0 -46.86347319515863,-22.5049328227117,0 -46.86348717485055,-22.50492842706833,0 -46.86350016677661,-22.50492458241671,0 -46.86351343904357,-22.50492090173815,0 -46.86352699727687,-22.50491740628269,0 -46.86354084143833,-22.50491412156665,0 -46.86355354613079,-22.50491136689867,0 -46.86356648331613,-22.50490882276723,0 -46.86357965341648,-22.50490650804264,0 -46.86359305728977,-22.50490444181677,0 -46.86360516727263,-22.50490283072537,0 -46.86361900600001,-22.50490129193821,0 -46.86363150083777,-22.50490018446939,0 -46.86364417757696,-22.5048993382969,0 -46.86365700416105,-22.50489876920279,0 -46.86366995054519,-22.50489849243564,0 -46.86368136966706,-22.50489849880686,0 -46.86369451386987,-22.50489879946856,0 -46.86370774562927,-22.5048994232069,0 -46.86372105192994,-22.50490038060043,0 -46.863732749245,-22.50490150040907,0 -46.8637461824818,-22.50490311356248,0 -46.86375798693507,-22.5049048268354,0 -46.86376983180282,-22.50490683116169,0 -46.86378171101061,-22.50490913554739,0 -46.86379361898373,-22.50491175042049,0 -46.86380554999159,-22.50491468724226,0 -46.86381749829769,-22.50491795748399,0 -46.86382947060451,-22.50492157974654,0 -46.86384145252645,-22.50492556537619,0 -46.86385168556669,-22.5049292627653,0 -46.86386352784183,-22.50493389464735,0 -46.86387356452713,-22.50493813384303,0 -46.86388504874049,-22.50494334609547,0 -46.86389613041477,-22.50494875126364,0 -46.86390687151643,-22.50495434861818,0 -46.86391727768546,-22.50496011490015,0 -46.86392735563292,-22.50496602926373,0 -46.86393848148889,-22.5049729448468,0 -46.86394788263192,-22.50497911086621,0 -46.86395825881959,-22.50498626563253,0 -46.86396826370037,-22.50499351965579,0 -46.863979090356,-22.50500177224317,0 -46.86398947837523,-22.50501009173754,0 -46.86399949065395,-22.50501848863487,0 -46.86400921415919,-22.50502701310319,0 -46.86401969331508,-22.5050366285786,0 -46.86402884315614,-22.50504540529602,0 -46.86403870015032,-22.50505527759497,0 -46.86404823744362,-22.50506526352396,0 -46.86405746309049,-22.50507535133037,0 -46.86406638514524,-22.50508552926149,0 -46.86407501166223,-22.50509578556471,0 -46.86408416909778,-22.50510714399121,0 -46.86409298939886,-22.50511856738432,0 -46.86410148392222,-22.505130041473,0 -46.86410966636038,-22.50514155790635,0 -46.86411754853918,-22.50515310544457,0 -46.86412581899666,-22.50516572665114,0 -46.86413375770541,-22.50517835486608,0 -46.8641413722147,-22.5051909640787,0 -46.8641486902898,-22.50520356459777,0 -46.86415631497826,-22.50521722820244,0 -46.86416364396226,-22.50523090941644,0 -46.86417069131569,-22.50524461173224,0 -46.86417748411307,-22.50525836742319,0 -46.86418403124165,-22.50527218280087,0 -46.86419033183821,-22.50528604476051,0 -46.86419684172378,-22.5053010115165,0 -46.86420263713615,-22.50531494290067,0 -46.86420861555151,-22.50532997855038,0 -46.86421432693209,-22.505345043224,0 -46.86421977690827,-22.50536013199937,0 -46.86422497111051,-22.50537523995436,0 -46.86422991502886,-22.50539036162244,0 -46.86423461439485,-22.50540549358119,0 -46.86423938573818,-22.50542171988257,0 -46.86424389073537,-22.5054379572506,0 -46.86424813151138,-22.5054541837465,0 -46.86425211377797,-22.50547038275164,0 -46.86425584491337,-22.50548654162238,0 -46.86425956054597,-22.50550373358715,0 -46.86426321370305,-22.50552189535015,0 -46.86426676482224,-22.50554092194283,0 -46.86427003016365,-22.5055597689026,0 -46.86427320108312,-22.50557946139512,0 -46.86427641773804,-22.50560097844388,0 -46.86427951256152,-22.505623232106,0 -46.86428262789531,-22.50564716831093,0 -46.86428669541639,-22.50568044241922,0 -46.86429175121589,-22.5057238466969,0 -46.86429553549907,-22.50575793773567,0 -46.8642988201536,-22.50578941149243,0 -46.8643016949756,-22.50581918370852,0 -46.86430415606224,-22.50584720133244,0 -46.86430628785766,-22.50587442669816,0 -46.86430801772622,-22.50589981875146,0 -46.86430926621474,-22.50592128332422,0 -46.86431026366946,-22.50594183966097,0 -46.8643110580709,-22.50596250627663,0 -46.86431161021102,-22.50598224096394,0 -46.86431195099136,-22.50600207361854,0 -46.86431206589123,-22.50602095165969,0 -46.86431196598664,-22.50603991531565,0 -46.86431163875162,-22.50605896526187,0 -46.86431110920091,-22.50607703860717,0 -46.8643103568054,-22.50609517452636,0 -46.86430937345262,-22.5061133538772,0 -46.86430815272774,-22.50613155937981,0 -46.86430669214584,-22.50614978418074,0 -46.86430498830841,-22.50616802500523,0 -46.86430303778095,-22.50618627857978,0 -46.86430097356429,-22.50620346713014,0 -46.86429838296824,-22.50622281057823,0 -46.86429567272405,-22.50624107972664,0 -46.86429270443737,-22.50625934388293,0 -46.86428947616196,-22.50627759807025,0 -46.86428598595148,-22.50629583731175,0 -46.86428223185965,-22.50631405663054,0 -46.86427821194012,-22.50633225104979,0 -46.86427392424407,-22.5063504156906,0 -46.86426936661547,-22.50636854699356,0 -46.86426453654907,-22.50638664066059,0 -46.86425943150576,-22.50640469199098,0 -46.86425437329529,-22.50642163859414,0 -46.86424872722534,-22.50643959432244,0 -46.86424315531104,-22.50645644261159,0 -46.86423695864641,-22.50647428502881,0 -46.8642308640014,-22.50649101838501,0 -46.86422451264204,-22.50650768983655,0 -46.86421790244205,-22.50652429518331,0 -46.86421103112795,-22.50654083033139,0 -46.86420434888165,-22.50655626565338,0 -46.86419742881288,-22.50657163800101,0 -46.86418979057805,-22.50658794604875,0 -46.86418192769657,-22.50660408106021,0 -46.86417386876263,-22.50662001294339,0 -46.86416563081549,-22.50663574025584,0 -46.86415670170475,-22.50665222506282,0 -46.86414760947073,-22.50666848223846,0 -46.86413837203401,-22.50668451807848,0 -46.86412845238808,-22.50670126333976,0 -46.86411784552166,-22.50671868914813,0 -46.8641071192159,-22.50673586960153,0 -46.86409572243314,-22.50675370140433,0 -46.86409481130875,-22.50675390721036,0 -46.86377032143779,-22.50675042193069,0 -46.86327277776753,-22.50674551086328,0 -46.86327288446829,-22.50674473341731,0 -46.86328390351883,-22.50671117586376,0 -46.8633126963884,-22.50662415880792,0 -46.86333394077213,-22.50656076720813,0 -46.86335391572852,-22.50650196082768,0 -46.86338456659294,-22.50641340142107,0 -46.86345422688846,-22.50621542846678,0 -46.86347267260447,-22.50616193781676,0 -46.86348892930414,-22.50611378874768,0 -46.86350773936601,-22.50605640678816,0 -46.86352472249421,-22.50600249527932,0 -46.86354016084527,-22.50595114585325,0 -46.86355406302425,-22.50590236574834,0 -46.86356477204578,-22.50586264630878,0 -46.86357445965868,-22.50582464479348,0 -46.86358337799385,-22.50578743977698,0 -46.86359152902917,-22.50575103309889,0 -46.86359759455132,-22.50572199237454,0 -46.86360347557613,-22.505691950184,0 -46.86362140279146,-22.50559353673781,0 -46.86362849162997,-22.50555629947352,0 -46.86363243548972,-22.50553684283534,0 -46.86363618256249,-22.50551930487763,0 -46.86363991904113,-22.50550275499689,0 -46.86364386465405,-22.50548627750548,0 -46.86364876601235,-22.50546713907713,0 -46.86365376151116,-22.50544898368025,0 
						</coordinates>
					</LinearRing>
				</outerBoundaryIs>
			</Polygon>
		</Placemark>
		<Placemark>
			<name>3006</name>
			<styleUrl>#falseColor4</styleUrl>
			<Style id="inline">
				<IconStyle>
					<colorMode>random</colorMode>
				</IconStyle>
				<LineStyle>
					<colorMode>random</colorMode>
				</LineStyle>
				<PolyStyle>
					<colorMode>random</colorMode>
				</PolyStyle>
			</Style>
			<ExtendedData>
				<SchemaData schemaUrl="#S_FKA_DSSSSDDSD">
					<SimpleData name="id_0">3006</SimpleData>
					<SimpleData name="chave">FKA_92</SimpleData>
					<SimpleData name="fundo">10835 - FAZENDA KALUNGA</SimpleData>
					<SimpleData name="descricao">FKA - FAZENDA KALUNGA</SimpleData>
					<SimpleData name="regiao">FKA</SimpleData>
					<SimpleData name="area_quadr">39.671</SimpleData>
					<SimpleData name="area_parci">22.4677</SimpleData>
					<SimpleData name="quadra">92</SimpleData>
					<SimpleData name="quadra_int">92</SimpleData>
				</SchemaData>
			</ExtendedData>
			<Polygon>
				<outerBoundaryIs>
					<LinearRing>
						<coordinates>
							-46.8639354856416,-22.49869721746623,0 -46.86399168679318,-22.49893870441597,0 -46.8640859085238,-22.49932194042441,0 -46.86417982297998,-22.49968716816746,0 -46.86426330366691,-22.50006249705811,0 -46.86438195929731,-22.50052633761229,0 -46.86452723090158,-22.50107285640717,0 -46.86470616797302,-22.5015954126832,0 -46.86486914747027,-22.50203913827943,0 -46.86497685313253,-22.50230259527649,0 -46.86506425338558,-22.50247550534855,0 -46.86512686410345,-22.50259541133995,0 -46.86512522312672,-22.50261285151145,0 -46.86512186388333,-22.50268022842164,0 -46.86512041884922,-22.5027184436066,0 -46.86505583992855,-22.50282655845907,0 -46.86487337798225,-22.50311593490244,0 -46.86472014602558,-22.50333688844236,0 -46.86461628994778,-22.503540116928,0 -46.86444720671923,-22.50391495121579,0 -46.86437309028594,-22.5040976175939,0 -46.86431356456731,-22.5042707037749,0 -46.86426122915637,-22.50450316927347,0 -46.86422322974174,-22.50483711397828,0 -46.86420641814956,-22.50496129822431,0 -46.86418445045677,-22.50498572091572,0 -46.8641674242021,-22.50500194018353,0 -46.86415755647321,-22.50500718442559,0 -46.86414447675776,-22.50500009691541,0 -46.86410541933413,-22.50497030108227,0 -46.86399521360306,-22.50486063875485,0 -46.86387517079385,-22.50478959988798,0 -46.86379839385243,-22.5047580563177,0 -46.86371582764658,-22.50473888589551,0 -46.86365660213696,-22.50472940239165,0 -46.86359921208872,-22.50473006651119,0 -46.86351469760204,-22.50474112978998,0 -46.86338362999695,-22.50477670937386,0 -46.86319759785349,-22.50486081519147,0 -46.86302318005337,-22.50499461415195,0 -46.86290270050082,-22.50512552271971,0 -46.86278747398017,-22.50528346227077,0 -46.86269969752546,-22.50542128465833,0 -46.8626164341639,-22.50558298739545,0 -46.86253822657568,-22.50578571925044,0 -46.86241342197966,-22.50614860119533,0 -46.86238329250682,-22.50628346970205,0 -46.86234496764268,-22.5064379954145,0 -46.86232590755073,-22.50656138693398,0 -46.86229281724812,-22.50660169703829,0 -46.86227443860182,-22.50660971699717,0 -46.86223218982768,-22.50661770172385,0 -46.8621486159177,-22.50662839136965,0 -46.86191696188408,-22.50663890166589,0 -46.86177514891403,-22.50663071563242,0 -46.86161894841591,-22.50663054685765,0 -46.86090428203073,-22.50662107640099,0 -46.86067774604192,-22.50661976005529,0 -46.86062466768426,-22.50661658270747,0 -46.8605895009344,-22.50660670932492,0 -46.86056482038687,-22.50658274386388,0 -46.86056125317954,-22.50656865815321,0 -46.86055729359771,-22.50655302308277,0 -46.86056628471757,-22.50644419728286,0 -46.86056687571563,-22.50632993130835,0 -46.86057783486132,-22.5062000263749,0 -46.86058442490457,-22.50605537711805,0 -46.8605741520147,-22.50576359426054,0 -46.86057303224351,-22.50552184492565,0 -46.86058324524686,-22.50533706203348,0 -46.86059414084939,-22.5052010666733,0 -46.86061184394453,-22.50493633656737,0 -46.86061116873993,-22.50472720044045,0 -46.86061361209321,-22.50459343069127,0 -46.86061812789746,-22.5044581982562,0 -46.86063555998739,-22.50433378743998,0 -46.8606368286139,-22.5042677956196,0 -46.86063618499222,-22.50421969922937,0 -46.86062884848272,-22.50415381063701,0 -46.86062191885867,-22.50411242167146,0 -46.86061261843028,-22.50403909491263,0 -46.86062127600837,-22.50390025118386,0 -46.86062975863592,-22.50374515111059,0 -46.8606490131973,-22.5036289125191,0 -46.8607059098361,-22.50349584660025,0 -46.86087644894871,-22.50312247335788,0 -46.86118370310271,-22.50263831939284,0 -46.86131576915272,-22.50236486025742,0 -46.86154776036562,-22.50199257092753,0 -46.86177607686821,-22.50165157763298,0 -46.86208411477236,-22.5012465459472,0 -46.86246763873154,-22.50076554141796,0 -46.8627764946337,-22.50039150702955,0 -46.86288915789336,-22.5002462400878,0 -46.86298738726194,-22.500120662716,0 -46.86305041697471,-22.50002836969328,0 -46.86311904926406,-22.49990081599577,0 -46.8632471955294,-22.49965708908607,0 -46.86337744708762,-22.49942344423141,0 -46.86360773242122,-22.4990424456137,0 -46.86368603229329,-22.4988983235919,0 -46.86377674071778,-22.49877835133231,0 -46.86383778066806,-22.49871048758219,0 -46.86392362039913,-22.49865471503495,0 -46.8639354856416,-22.49869721746623,0 
						</coordinates>
					</LinearRing>
				</outerBoundaryIs>
			</Polygon>
		</Placemark>
		<Placemark>
			<name>3007</name>
			<styleUrl>#falseColor4</styleUrl>
			<Style id="inline">
				<IconStyle>
					<colorMode>random</colorMode>
				</IconStyle>
				<LineStyle>
					<colorMode>random</colorMode>
				</LineStyle>
				<PolyStyle>
					<colorMode>random</colorMode>
				</PolyStyle>
			</Style>
			<ExtendedData>
				<SchemaData schemaUrl="#S_FKA_DSSSSDDSD">
					<SimpleData name="id_0">3007</SimpleData>
					<SimpleData name="chave">FKA_92</SimpleData>
					<SimpleData name="fundo">10835 - FAZENDA KALUNGA</SimpleData>
					<SimpleData name="descricao">FKA - FAZENDA KALUNGA</SimpleData>
					<SimpleData name="regiao">FKA</SimpleData>
					<SimpleData name="area_quadr">39.671</SimpleData>
					<SimpleData name="area_parci">17.2033</SimpleData>
					<SimpleData name="quadra">92</SimpleData>
					<SimpleData name="quadra_int">92</SimpleData>
				</SchemaData>
			</ExtendedData>
			<Polygon>
				<outerBoundaryIs>
					<LinearRing>
						<coordinates>
							-46.86409257734573,-22.49858182999113,0 -46.86443639898627,-22.49845375401557,0 -46.86473587097584,-22.49833206772922,0 -46.8650060280392,-22.49823038601767,0 -46.86525318541949,-22.49812486865313,0 -46.86546378927144,-22.49802791645831,0 -46.86574811942727,-22.49791246399598,0 -46.86603693853537,-22.49779685998838,0 -46.86626707435774,-22.49770742126331,0 -46.86653099651981,-22.4975918773336,0 -46.86683991693422,-22.4974487913807,0 -46.86698697432033,-22.49740457471597,0 -46.86704071021887,-22.49740210143361,0 -46.86707320690937,-22.49740704266821,0 -46.8670829853196,-22.49741144498217,0 -46.8671112023781,-22.4974301743268,0 -46.86713480066431,-22.49747269559543,0 -46.86715235663565,-22.4975456567621,0 -46.86721308446123,-22.49779757010067,0 -46.86733502648452,-22.49818282323827,0 -46.86753167580031,-22.49877549368869,0 -46.86763357436723,-22.49910509556966,0 -46.86779346809407,-22.49964685609698,0 -46.8679315211985,-22.50013592433127,0 -46.8680577037801,-22.50053997313695,0 -46.86815904341212,-22.50099498281696,0 -46.86823530630411,-22.50147024903686,0 -46.86824717461524,-22.50156990595286,0 -46.86825583936706,-22.50174269827585,0 -46.86826048223321,-22.50185318703735,0 -46.8682552440979,-22.50192534799913,0 -46.86824928417829,-22.50194961465933,0 -46.8682326863917,-22.50196718686566,0 -46.86821041076126,-22.50199303575607,0 -46.86818562918981,-22.50200491060242,0 -46.8680281373224,-22.5020310194795,0 -46.86759211272789,-22.50209914331605,0 -46.86702737900748,-22.50220420198282,0 -46.86663816862384,-22.50226583304016,0 -46.86633274750355,-22.50231841501932,0 -46.86625623315111,-22.50231738048842,0 -46.86618921688611,-22.50231213721013,0 -46.86606651147364,-22.50232959163182,0 -46.8658250680844,-22.50237579448498,0 -46.86549034027018,-22.5024388759389,0 -46.86522087637908,-22.5025112477308,0 -46.8651524292116,-22.50253547093457,0 -46.8651386558218,-22.50255593505077,0 -46.86509056396572,-22.50246383418871,0 -46.86500371355971,-22.50229201198059,0 -46.86489657849043,-22.50202995082156,0 -46.86473385778969,-22.50158693005267,0 -46.86455530413054,-22.50106549376781,0 -46.86441029354136,-22.50051995733051,0 -46.86429176707486,-22.5000566220585,0 -46.864208282862,-22.49968127765363,0 -46.8641142978803,-22.49931577592696,0 -46.86402014607718,-22.49893282465325,0 -46.86396385485972,-22.49869095091345,0 -46.86395000144884,-22.49864132670603,0 -46.86409257734573,-22.49858182999113,0 
						</coordinates>
					</LinearRing>
				</outerBoundaryIs>
			</Polygon>
		</Placemark>
		<Placemark>
			<name>3008</name>
			<styleUrl>#falseColor4</styleUrl>
			<Style id="inline">
				<IconStyle>
					<colorMode>random</colorMode>
				</IconStyle>
				<LineStyle>
					<colorMode>random</colorMode>
				</LineStyle>
				<PolyStyle>
					<colorMode>random</colorMode>
				</PolyStyle>
			</Style>
			<ExtendedData>
				<SchemaData schemaUrl="#S_FKA_DSSSSDDSD">
					<SimpleData name="id_0">3008</SimpleData>
					<SimpleData name="chave">FKA_22</SimpleData>
					<SimpleData name="fundo">10835 - FAZENDA KALUNGA</SimpleData>
					<SimpleData name="descricao">FKA - FAZENDA KALUNGA</SimpleData>
					<SimpleData name="regiao">FKA</SimpleData>
					<SimpleData name="area_quadr">19.7607</SimpleData>
					<SimpleData name="area_parci">2.28453</SimpleData>
					<SimpleData name="quadra">22</SimpleData>
					<SimpleData name="quadra_int">22</SimpleData>
				</SchemaData>
			</ExtendedData>
			<Polygon>
				<outerBoundaryIs>
					<LinearRing>
						<coordinates>
							-46.89441246647129,-22.47818423332131,0 -46.89411291523025,-22.47818712072701,0 -46.89387636652896,-22.47816648736529,0 -46.8937372036543,-22.4781472406799,0 -46.89356096036573,-22.47810501668606,0 -46.89344266938412,-22.47806843955188,0 -46.8932261925998,-22.47797163609477,0 -46.8930715108664,-22.47791270607423,0 -46.89291339955955,-22.47785191783668,0 -46.89271315759373,-22.47779731913087,0 -46.8926269237915,-22.47776479440486,0 -46.89250038656888,-22.4777226183636,0 -46.89239697863393,-22.47767890513194,0 -46.8921382792403,-22.47753134077023,0 -46.8918551772146,-22.47734166620953,0 -46.89160433023095,-22.47717059595771,0 -46.89156707843333,-22.47713496471983,0 -46.89159922607388,-22.47699537623766,0 -46.89167608119516,-22.47683881087992,0 -46.89176413963737,-22.47665490454727,0 -46.89184354556036,-22.47648565362312,0 -46.89189032965052,-22.47647118344327,0 -46.89192909062665,-22.47646756464444,0 -46.89198858424162,-22.47648648252505,0 -46.8920818913528,-22.47653854075759,0 -46.89226200760988,-22.47666551334086,0 -46.89242576844694,-22.47679141215173,0 -46.89263463261486,-22.47692943679279,0 -46.89282316124825,-22.47702403823337,0 -46.89286375696995,-22.47705520045224,0 -46.89300284747139,-22.47716936551846,0 -46.89318042291614,-22.47730965514538,0 -46.89328369202804,-22.47739323451754,0 -46.89348307108241,-22.47748454378948,0 -46.89365777034022,-22.47756348717025,0 -46.89383141893999,-22.47761523324879,0 -46.89402450891777,-22.47764460348026,0 -46.89415925955268,-22.47763985623942,0 -46.89426200436117,-22.47768484165695,0 -46.89440941225732,-22.47780966487661,0 -46.89464519115883,-22.47802393646225,0 -46.89466740655798,-22.47805531422114,0 -46.89466540670503,-22.47810849103967,0 -46.89463062616576,-22.47815445982846,0 -46.89452962927078,-22.47818791854894,0 -46.89441246647129,-22.47818423332131,0 
						</coordinates>
					</LinearRing>
				</outerBoundaryIs>
			</Polygon>
		</Placemark>
		<Placemark>
			<name>3009</name>
			<styleUrl>#falseColor4</styleUrl>
			<Style id="inline">
				<IconStyle>
					<colorMode>random</colorMode>
				</IconStyle>
				<LineStyle>
					<colorMode>random</colorMode>
				</LineStyle>
				<PolyStyle>
					<colorMode>random</colorMode>
				</PolyStyle>
			</Style>
			<ExtendedData>
				<SchemaData schemaUrl="#S_FKA_DSSSSDDSD">
					<SimpleData name="id_0">3009</SimpleData>
					<SimpleData name="chave">FKA_22</SimpleData>
					<SimpleData name="fundo">10835 - FAZENDA KALUNGA</SimpleData>
					<SimpleData name="descricao">FKA - FAZENDA KALUNGA</SimpleData>
					<SimpleData name="regiao">FKA</SimpleData>
					<SimpleData name="area_quadr">19.7607</SimpleData>
					<SimpleData name="area_parci">17.4761</SimpleData>
					<SimpleData name="quadra">22</SimpleData>
					<SimpleData name="quadra_int">22</SimpleData>
				</SchemaData>
			</ExtendedData>
			<Polygon>
				<outerBoundaryIs>
					<LinearRing>
						<coordinates>
							-46.89167527527491,-22.47723051015339,0 -46.89194340837053,-22.47742099352627,0 -46.89214401780149,-22.47755278787009,0 -46.89250468623823,-22.47773838733662,0 -46.89279743511688,-22.47783619455976,0 -46.89307923170233,-22.47792970040513,0 -46.89343950642205,-22.47808619448497,0 -46.89365825053091,-22.47814943377679,0 -46.89391760056365,-22.47819447789374,0 -46.89436307094089,-22.47820696104834,0 -46.89464636098651,-22.47820995930614,0 -46.89482820587432,-22.47826350623193,0 -46.89494955581721,-22.47837471409347,0 -46.89516633420596,-22.47869361643195,0 -46.89629021863366,-22.48037370988221,0 -46.89626901975862,-22.48061694563125,0 -46.8961019420209,-22.48094795523196,0 -46.89579939423623,-22.48133118035395,0 -46.89559332849532,-22.48159937040111,0 -46.89489847125673,-22.48137467922714,0 -46.89395404972981,-22.48112380993294,0 -46.89327207084079,-22.48094452010088,0 -46.89261324042484,-22.48076495545924,0 -46.89192711106804,-22.48058064623265,0 -46.89129851357084,-22.48042097003286,0 -46.89071614232795,-22.48025568682172,0 -46.89021336245594,-22.480135028115,0 -46.89005983470554,-22.48006089505952,0 -46.89015105187352,-22.4798586018181,0 -46.89058416836763,-22.47906128354518,0 -46.8911115446241,-22.47808568052815,0 -46.89129426565012,-22.47770260414931,0 -46.89153770885128,-22.47717833828193,0 -46.89156697357427,-22.47717736210297,0 -46.89167527527491,-22.47723051015339,0 
						</coordinates>
					</LinearRing>
				</outerBoundaryIs>
			</Polygon>
		</Placemark>
		<Placemark>
			<name>3010</name>
			<styleUrl>#falseColor4</styleUrl>
			<Style id="inline">
				<IconStyle>
					<colorMode>random</colorMode>
				</IconStyle>
				<LineStyle>
					<colorMode>random</colorMode>
				</LineStyle>
				<PolyStyle>
					<colorMode>random</colorMode>
				</PolyStyle>
			</Style>
			<ExtendedData>
				<SchemaData schemaUrl="#S_FKA_DSSSSDDSD">
					<SimpleData name="id_0">3010</SimpleData>
					<SimpleData name="chave">FKA_61</SimpleData>
					<SimpleData name="fundo">10835 - FAZENDA KALUNGA</SimpleData>
					<SimpleData name="descricao">FKA - FAZENDA KALUNGA</SimpleData>
					<SimpleData name="regiao">FKA</SimpleData>
					<SimpleData name="area_quadr">1.10324</SimpleData>
					<SimpleData name="area_parci">1.10324</SimpleData>
					<SimpleData name="quadra">61</SimpleData>
					<SimpleData name="quadra_int">61</SimpleData>
				</SchemaData>
			</ExtendedData>
			<Polygon>
				<outerBoundaryIs>
					<LinearRing>
						<coordinates>
							-46.89666614409322,-22.45477848931615,0 -46.89655942350885,-22.45504044878161,0 -46.89652387285609,-22.45512945573194,0 -46.89649697338228,-22.45515381755126,0 -46.89643571350259,-22.45515453770708,0 -46.89618600466466,-22.45511444402714,0 -46.89598671679935,-22.45507755404765,0 -46.89563608220755,-22.45492474542112,0 -46.8951703762956,-22.45462015530731,0 -46.89474290984038,-22.45432397352141,0 -46.89457490198221,-22.45418420409482,0 -46.89456837314003,-22.45410455058471,0 -46.89463380513076,-22.45401013084436,0 -46.89474060738494,-22.45405443663416,0 -46.89496120792421,-22.45415688695443,0 -46.89506201457197,-22.45416076508045,0 -46.8952040415186,-22.45409202209956,0 -46.89526032232896,-22.45402555191069,0 -46.89533671317638,-22.4539360654029,0 -46.89537539995393,-22.45387739522585,0 -46.89544119064738,-22.45390952678196,0 -46.89553058651297,-22.45407553010767,0 -46.89554805809701,-22.45415885164845,0 -46.89552754845425,-22.45435272299183,0 -46.89553342207847,-22.45448427200132,0 -46.89557922344228,-22.45454827729444,0 -46.89580642541833,-22.45463546211129,0 -46.89597838281045,-22.45466508021326,0 -46.89608199852406,-22.45467525245229,0 -46.89621353073045,-22.45463573975288,0 -46.89635588459362,-22.45459103751395,0 -46.89652954882434,-22.45454596707595,0 -46.89673776260761,-22.45453845697379,0 -46.89676023257714,-22.45458881507861,0 -46.89666614409322,-22.45477848931615,0 
						</coordinates>
					</LinearRing>
				</outerBoundaryIs>
			</Polygon>
		</Placemark>
		<Placemark>
			<name>3011</name>
			<styleUrl>#falseColor4</styleUrl>
			<Style id="inline">
				<IconStyle>
					<colorMode>random</colorMode>
				</IconStyle>
				<LineStyle>
					<colorMode>random</colorMode>
				</LineStyle>
				<PolyStyle>
					<colorMode>random</colorMode>
				</PolyStyle>
			</Style>
			<ExtendedData>
				<SchemaData schemaUrl="#S_FKA_DSSSSDDSD">
					<SimpleData name="id_0">3011</SimpleData>
					<SimpleData name="chave">FKA_3</SimpleData>
					<SimpleData name="fundo">10835 - FAZENDA KALUNGA</SimpleData>
					<SimpleData name="descricao">FKA - FAZENDA KALUNGA</SimpleData>
					<SimpleData name="regiao">FKA</SimpleData>
					<SimpleData name="area_quadr">20.6651</SimpleData>
					<SimpleData name="area_parci">1.64652</SimpleData>
					<SimpleData name="quadra">3</SimpleData>
					<SimpleData name="quadra_int">3</SimpleData>
				</SchemaData>
			</ExtendedData>
			<Polygon>
				<outerBoundaryIs>
					<LinearRing>
						<coordinates>
							-46.89270297837754,-22.45971262371333,0 -46.89259292648369,-22.4598303464542,0 -46.89254543287587,-22.45984229374836,0 -46.89251615648858,-22.45979201490679,0 -46.89247406438378,-22.45960014384213,0 -46.89236777987747,-22.45899265700428,0 -46.89227479689834,-22.45846221306355,0 -46.89220767253595,-22.45813142400906,0 -46.8921397108436,-22.45763865313893,0 -46.89202493120772,-22.45710719898087,0 -46.891901932983,-22.45657204436925,0 -46.89179296597375,-22.45596711925299,0 -46.89171054792194,-22.45551248425954,0 -46.89159568643398,-22.45497470263734,0 -46.89150480521473,-22.45459863137017,0 -46.89147543219591,-22.45444078075801,0 -46.89161847931337,-22.45434671766284,0 -46.89177881931226,-22.45442330225291,0 -46.89181634799971,-22.4544798123659,0 -46.89189859375586,-22.45492179379547,0 -46.89195258282768,-22.45528817294519,0 -46.89201482618009,-22.45566078303477,0 -46.89218586644856,-22.45662566431369,0 -46.89228939046955,-22.4572306528431,0 -46.89236802383585,-22.45760686702291,0 -46.89250981872215,-22.45832277546292,0 -46.89258076649924,-22.45873451524401,0 -46.89261573848984,-22.45900366893525,0 -46.89266751117432,-22.45930679555232,0 -46.89271990646866,-22.45955549580179,0 -46.89274806211585,-22.4596235055785,0 -46.89270297837754,-22.45971262371333,0 
						</coordinates>
					</LinearRing>
				</outerBoundaryIs>
			</Polygon>
		</Placemark>
		<Placemark>
			<name>3012</name>
			<styleUrl>#falseColor4</styleUrl>
			<Style id="inline">
				<IconStyle>
					<colorMode>random</colorMode>
				</IconStyle>
				<LineStyle>
					<colorMode>random</colorMode>
				</LineStyle>
				<PolyStyle>
					<colorMode>random</colorMode>
				</PolyStyle>
			</Style>
			<ExtendedData>
				<SchemaData schemaUrl="#S_FKA_DSSSSDDSD">
					<SimpleData name="id_0">3012</SimpleData>
					<SimpleData name="chave">FKA_24</SimpleData>
					<SimpleData name="fundo">10835 - FAZENDA KALUNGA</SimpleData>
					<SimpleData name="descricao">FKA - FAZENDA KALUNGA</SimpleData>
					<SimpleData name="regiao">FKA</SimpleData>
					<SimpleData name="area_quadr">12.1174</SimpleData>
					<SimpleData name="area_parci">12.1174</SimpleData>
					<SimpleData name="quadra">24</SimpleData>
					<SimpleData name="quadra_int">24</SimpleData>
				</SchemaData>
			</ExtendedData>
			<Polygon>
				<outerBoundaryIs>
					<LinearRing>
						<coordinates>
							-46.87694422435467,-22.47089782721088,0 -46.8769356244166,-22.4709087669716,0 -46.87693516872408,-22.47090931652015,0 -46.87691903564704,-22.47092777449157,0 -46.87691744828984,-22.47093001082493,0 -46.87691477823628,-22.47093473011833,0 -46.8769136955399,-22.47093721307835,0 -46.87690830427078,-22.47095425397007,0 -46.87690712264228,-22.47095639873661,0 -46.87690517871798,-22.47095799310571,0 -46.87689096950661,-22.4709658339695,0 -46.87688897674596,-22.47096675005195,0 -46.87609503474641,-22.47126393652149,0 -46.87609485623796,-22.47126400207343,0 -46.87576754137513,-22.47138188835401,0 -46.87576698314565,-22.47138207733494,0 -46.87542688256435,-22.47148996733008,0 -46.87541959123943,-22.47149104800409,0 -46.87541740044852,-22.47149153660231,0 -46.87541312607267,-22.47149282177882,0 -46.87540911590233,-22.47149470387879,0 -46.87540644278846,-22.47149648641265,0 -46.87540343960491,-22.4714978915294,0 -46.8753977533928,-22.47149959027164,0 -46.87539728414038,-22.47149973868866,0 -46.87539635133766,-22.47150005026768,0 -46.87539588778736,-22.47150021342969,0 -46.87518801331741,-22.47157716320306,0 -46.87518674800367,-22.47157757003045,0 -46.87489956187675,-22.47165637271513,0 -46.87489940078697,-22.47165641785852,0 -46.87489907917954,-22.47165650987048,0 -46.87489891866181,-22.47165655673908,0 -46.87450036768939,-22.47177528011392,0 -46.87450019400242,-22.47177533074342,0 -46.87412501877318,-22.47188230610954,0 -46.87412345739234,-22.47188266496349,0 -46.87411488105931,-22.4718841745829,0 -46.87411282269297,-22.4718842464585,0 -46.87411107853404,-22.47188322804481,0 -46.87387379461285,-22.47169345953334,0 -46.8738735023914,-22.4716932319425,0 -46.87387291164297,-22.47169278394304,0 -46.87387261311593,-22.47169256353441,0 -46.87362107970642,-22.47151178748488,0 -46.87362100848362,-22.47151173662237,0 -46.87362086570163,-22.47151163530603,0 -46.87362079414249,-22.47151158485217,0 -46.87340457250849,-22.47136010758468,0 -46.87340376284066,-22.47135957942976,0 -46.87340210682054,-22.4713585753822,0 -46.87340126046823,-22.47135809948955,0 -46.87328060388023,-22.47129535268474,0 -46.87327884910323,-22.47129457801467,0 -46.87327524427847,-22.47129325246582,0 -46.87327339423069,-22.47129270158706,0 -46.87307341093335,-22.4712465562306,0 -46.87307246042064,-22.47124636793365,0 -46.87307054800561,-22.4712460506351,0 -46.87306958610324,-22.47124592163355,0 -46.87289562351089,-22.47122807099296,0 -46.87289519164898,-22.47122803271586,0 -46.87289432689074,-22.47122796812477,0 -46.87289389399438,-22.47122794181078,0 -46.87256069455196,-22.47121231237105,0 -46.87256061043663,-22.47121230865173,0 -46.87256044218486,-22.47121230166494,0 -46.87256035804847,-22.47121229839743,0 -46.87229649022788,-22.47120276032362,0 -46.87229639609614,-22.47120275720406,0 -46.87229620781297,-22.4712027515304,0 -46.87229611366155,-22.47120274897632,0 -46.87203257290429,-22.47119639167047,0 -46.8720320072054,-22.47119638823151,0 -46.8720308760901,-22.47119640176038,0 -46.87203031067367,-22.47119641872823,0 -46.87185962858866,-22.47120462518251,0 -46.87185903092973,-22.47120466538215,0 -46.87185783789509,-22.4712047685808,0 -46.87185724251932,-22.47120483157985,0 -46.8716589577952,-22.47122966017724,0 -46.87165872367621,-22.47122969129232,0 -46.87165825601261,-22.47122975704906,0 -46.87165802246804,-22.47122979169081,0 -46.87145327816649,-22.47126174671171,0 -46.87145314114352,-22.47126176747403,0 -46.87114610448464,-22.47130689647157,0 -46.87114507472121,-22.47130701307671,0 -46.87098841651559,-22.47131951119097,0 -46.87098808956517,-22.4713195338347,0 -46.87084179376463,-22.47132812913141,0 -46.87084029674476,-22.47132814542794,0 -46.87075033184868,-22.47132482365146,0 -46.87074972192264,-22.47132478921483,0 -46.87055635279538,-22.47131008393322,0 -46.87055497463117,-22.47130991729917,0 -46.87037220500022,-22.4712795165712,0 -46.87037035049781,-22.47127908974267,0 -46.87012996555801,-22.47120791277305,0 -46.87012863313325,-22.47120745051624,0 -46.86995664666949,-22.47113871585233,0 -46.86995521929504,-22.47113805718487,0 -46.8697432645495,-22.47102641776309,0 -46.86974195061806,-22.47102563645791,0 -46.86951638646331,-22.47087510022225,0 -46.86951532187692,-22.47087431735985,0 -46.8693770038129,-22.47076247753461,0 -46.86937487934156,-22.47076034534749,0 -46.86936266472749,-22.47074507324538,0 -46.86936178337123,-22.47074351704771,0 -46.86936343636322,-22.47074266114692,0 -46.86963063398957,-22.47065099937125,0 -46.8696311310368,-22.47065081918481,0 -46.86963211770202,-22.47065044202434,0 -46.86963260732002,-22.47065024505037,0 -46.86990482032554,-22.47053518975464,0 -46.86990559415378,-22.47053483665121,0 -46.86990711799302,-22.47053408853942,0 -46.86990786800405,-22.47053369353105,0 -46.8701884577364,-22.47037554714371,0 -46.87018858706489,-22.47037547339266,0 -46.87018884488852,-22.47037532464327,0 -46.87018897338367,-22.47037524964492,0 -46.8704140727523,-22.47024234278776,0 -46.87041465884938,-22.47024201442832,0 -46.87051110091483,-22.47019081324169,0 -46.87051281222836,-22.47019016596818,0 -46.8705146408359,-22.47019041155421,0 -46.87061663492062,-22.47021726093956,0 -46.87061751539905,-22.47021746542443,0 -46.87061928834325,-22.47021782306383,0 -46.87062018080901,-22.47021797621832,0 -46.8707069423238,-22.47023028247685,0 -46.87070789921193,-22.47023038825008,0 -46.87070981841742,-22.4702305407944,0 -46.87071078073479,-22.47023058756551,0 -46.8708534351129,-22.47023313085232,0 -46.87085613731338,-22.47023294488059,0 -46.87086145796886,-22.47023211124523,0 -46.87086407642385,-22.47023146358163,0 -46.87093068309505,-22.4702086419293,0 -46.87093194467741,-22.47020814590096,0 -46.87093441215993,-22.47020704594993,0 -46.87093561806011,-22.47020644202724,0 -46.87104624384185,-22.47014463566099,0 -46.87104832329687,-22.47014322760642,0 -46.87105218338971,-22.47014009358739,0 -46.87105539035395,-22.47013637753908,0 -46.8710573756436,-22.47013299392765,0 -46.8710594326805,-22.47013037731211,0 -46.87111181731763,-22.47008167752589,0 -46.87111400578454,-22.47008000578304,0 -46.87132904733679,-22.46994607661349,0 -46.87133021935787,-22.46994541867067,0 -46.8716464478726,-22.46978624854427,0 -46.87164666868139,-22.46978613966794,0 -46.87190990299518,-22.4696590204315,0 -46.87191070300498,-22.46965866243173,0 -46.87209622253078,-22.4695820243378,0 -46.87209847138586,-22.46958129370369,0 -46.87219827642085,-22.46955718006279,0 -46.87219937348421,-22.46955695657622,0 -46.87245860409561,-22.46951380624285,0 -46.87245910710809,-22.46951371399788,0 -46.87246010933055,-22.4695135131208,0 -46.8724606085405,-22.46951340448862,0 -46.87268472561402,-22.46946075321,0 -46.8726866032099,-22.46946043211058,0 -46.87289346147338,-22.46943796070076,0 -46.87289408326718,-22.46943790567965,0 -46.87315923731975,-22.4694197623225,0 -46.87316143147445,-22.46941976632999,0 -46.87332552318964,-22.46943159730671,0 -46.87332676473056,-22.4694317368629,0 -46.87353285356557,-22.46946329573779,0 -46.8735330643268,-22.46946332949017,0 -46.87373809892912,-22.4694976062267,0 -46.87373964093624,-22.46949778576694,0 -46.8737427367536,-22.46949799122174,0 -46.87374429056384,-22.46949801713627,0 -46.87391878609623,-22.46949227368887,0 -46.87391887525752,-22.4694922705001,0 -46.87391905355815,-22.46949226361523,0 -46.8739191426975,-22.46949225991913,0 -46.87409127304742,-22.46948463179381,0 -46.87409403351069,-22.469484753818,0 -46.87419199000652,-22.46949783416041,0 -46.87419327432359,-22.46949806073531,0 -46.87438845613519,-22.4695410082016,0 -46.87438859915319,-22.46954103896478,0 -46.87438888551593,-22.46954109915088,0 -46.87438902886071,-22.46954112857379,0 -46.87454048755836,-22.46957147412866,0 -46.87454060465924,-22.46957149805927,0 -46.87467511864713,-22.46959952681669,0 -46.87467557296834,-22.46959962862113,0 -46.87477704832395,-22.46962397378702,0 -46.87477927482152,-22.46962469111903,0 -46.87493729646903,-22.46968935595473,0 -46.87493980018374,-22.46969066917595,0 -46.87511585672049,-22.46980572236828,0 -46.87511593596596,-22.46980577379111,0 -46.87511609482203,-22.46980587614715,0 -46.87511617443263,-22.46980592708039,0 -46.87524928023279,-22.46989048211566,0 -46.87525047121171,-22.46989116315789,0 -46.87525291791631,-22.46989241602301,0 -46.87525417364197,-22.46989298784592,0 -46.875385884176,-22.46994584182832,0 -46.87538624872924,-22.46994599366224,0 -46.87550486616325,-22.4699972227874,0 -46.87550623619262,-22.4699978991599,0 -46.87561233387306,-22.47005721868757,0 -46.87561371187263,-22.47005789855887,0 -46.87561653817309,-22.47005911750196,0 -46.87561798647397,-22.4700596565737,0 -46.87579420452004,-22.47011527384609,0 -46.87579426880033,-22.47011529397901,0 -46.87579439746099,-22.47011533396654,0 -46.87579446184138,-22.47011535382114,0 -46.87597812264045,-22.47017155322527,0 -46.87597997971489,-22.47017225664351,0 -46.87614864344955,-22.4702491292475,0 -46.87614890729714,-22.47024924646505,0 -46.87614943746994,-22.47024947595616,0 -46.8761497037951,-22.47024958822973,0 -46.87636125774384,-22.47033640401817,0 -46.87636170216342,-22.4703365947479,0 -46.87651727292923,-22.47040632996204,0 -46.8765208742875,-22.47040862276335,0 -46.87666826652054,-22.47053669981843,0 -46.8766696602407,-22.47053809416591,0 -46.87674924849163,-22.47062990316803,0 -46.87675009832063,-22.47063098972158,0 -46.87683285129435,-22.47074865623215,0 -46.87683434152617,-22.47075043281341,0 -46.8768376181926,-22.47075373186027,0 -46.87683940462725,-22.47075525432586,0 -46.87688305623857,-22.47078666689695,0 -46.87688703820844,-22.47079111408496,0 -46.87694449011122,-22.47089464255632,0 -46.87694511246363,-22.47089628932119,0 -46.87694422435467,-22.47089782721088,0 
						</coordinates>
					</LinearRing>
				</outerBoundaryIs>
			</Polygon>
		</Placemark>
	</Folder>
</Document>
</kml>
